00000000000000000000000000000000000000000000000000000000000000000000000000000000000000000000000000000000000000000000000000000000
00000000000000000000000000000000000000000000000000000000000000000000000000000000000000000000000000000000000000000000000000000000
00000000000000000000000000000000000000000000000000000000000000000000000000000000000000000000000000000000000000000000000000000000
00000000000000000000000000000000000000000000000000000000000000000000000000000000000000000000000000000000000000000000000000000000
00000000000000000000000000000000000000000000000000000000000000000000000000000000000000000000000000000000000000000000000000000000
00000000000000000000000000000000000000000000000000000000000000000000000000000000000000000000000000000000000000000000000000000000
00000000000000000000000000000000000000000000000000000000000000000000000000000000000000000000000000000000000000000000000000000000
00000000000000000000000000000000000000000000000000000000000000000000000000000000000000000000000000000000000000000000000000000000
00000000000000000000000000000000000000000000000000000000000000000000000000000000000000000000000000000000000000000000000000000000
00000000000000000000000000000000000000000000000000000000000000000000000000000000000000000000000000000000000000000000000000000000
00000000000000000000000000000000000000000000000000000000000000000000000000000000000000000000000000000000000000000000000000000000
00000000000000000000000000000000000000000000000000000000000000000000000000000000000000000000000000000000000000000000000000000000
00000000000000000000000000000000000000000000000000000000000000000000000000000000000000000000000000000000000000000000000000000000
00000000000000000000000000000000000000000000000000000000000000000000000000000000000000000000000000000000000000000000000000000000
00000000000000000000000000000000000000000000000000000000000000000000000000000000000000000000000000000000000000000000000000000000
00000000000000000000000000000000000000000000000000000000000000000000000000000000000000000000000000000000000000000000000000000000
00000000000000000000000000000000000000000000000000000000000000000000000000000000000000000000000000000000000000000000000000000000
00000000000000000000000000000000000000000000000000000000000000000000000000000000000000000000000000000000000000000000000000000000
00000000000000000000000000000000000000000000000000000000000000000000000000000000000000000000000000000000000000000000000000000000
00000000000000000000000000000000000000000000000000000000000000000000000000000000000000000000000000000000000000000000000000000000
00000000000000000000000000000000000000000000000000000000000000000000000000000000000000000000000000000000000000000000000000000000
00000000000000000000000000000000000000000000000000000000000000000000000000000000000000000000000000000000000000000000000000000000
00000000000000000000000000000000000000000000000000000000000000000000000000000000000000000000000000000000000000000000000000000000
00000000000000000000000000000000000000000000000000000000000000000000000000000000000000000000000000000000000000000000000000000000
00000000000000000000000000000000000000000000000000000000000000000000000000000000000000000000000000000000000000000000000000000000
00000000000000000000000000000000000000000000000000000000000000000000000000000000000000000000000000000000000000000000000000000000
00000000000000000000000000000000000000000000000000000000000000000000000000000000000000000000000000000000000000000000000000000000
00000000000000000000000000000000000000000000000000000000000000000000000000000000000000000000000000000000000000000000000000000000
00000000000000000000000000000000000000000000000000000000000000000000000000000000000000000000000000000000000000000000000000000000
00000000000000000000000000000000000000000000000000000000000000000000000000000000000000000000000000000000000000000000000000000000
00000000000000000000000000000000000000000000000000000000000000000000000000000000000000000000000000000000000000000000000000000000
00000000000000000000000000000000000000000000000000000000000000000000000000000000000000000000000000000000000000000000000000000000
01010101010101010101010101010101010101010101010101010101010101010101010101010101010101010101010101010101010101010101010101010101
01010101010101010101010101010101010101010101010101010101010101010101010101010101010101010101010101010101010101010101010101010101
01010101010101010101010101010101010101010101010101010101010101010101010101010101010101010101010101010101010101010101010101010101
01010101010101010101010101010101010101010101010101010101010101010101010101010101010101010101010101010101010101010101010101010101
01010101010101010101010101010101010101010101010101010101010101010101010101010101010101010101010101010101010101010101010101010101
01010101010101010101010101010101010101010101010101010101010101010101010101010101010101010101010101010101010101010101010101010101
01010101010101010101010101010101010101010101010101010101010101010101010101010101010101010101010101010101010101010101010101010101
01010101010101010101010101010101010101010101010101010101010101010101010101010101010101010101010101010101010101010101010101010101
01010101010101010101010101010101010101010101010101010101010101010101010101010101010101010101010101010101010101010101010101010101
01010101010101010101010101010101010101010101010101010101010101010101010101010101010101010101010101010101010101010101010101010101
01010101010101010101010101010101010101010101010101010101010101010101010101010101010101010101010101010101010101010101010101010101
01010101010101010101010101010101010101010101010101010101010101010101010101010101010101010101010101010101010101010101010101010101
01010101010101010101010101010101010101010101010101010101010101010101010101010101010101010101010101010101010101010101010101010101
01010101010101010101010101010101010101010101010101010101010101010101010101010101010101010101010101010101010101010101010101010101
01010101010101010101010101010101010101010101010101010101010101010101010101010101010101010101010101010101010101010101010101010101
01010101010101010101010101010101010101010101010101010101010101010101010101010101010101010101010101010101010101010101010101010101
01010101010101010101010101010101010101010101010101010101010101010101010101010101010101010101010101010101010101010101010101010101
01010101010101010101010101010101010101010101010101010101010101010101010101010101010101010101010101010101010101010101010101010101
01010101010101010101010101010101010101010101010101010101010101010101010101010101010101010101010101010101010101010101010101010101
01010101010101010101010101010101010101010101010101010101010101010101010101010101010101010101010101010101010101010101010101010101
01010101010101010101010101010101010101010101010101010101010101010101010101010101010101010101010101010101010101010101010101010101
01010101010101010101010101010101010101010101010101010101010101010101010101010101010101010101010101010101010101010101010101010101
01010101010101010101010101010101010101010101010101010101010101010101010101010101010101010101010101010101010101010101010101010101
01010101010101010101010101010101010101010101010101010101010101010101010101010101010101010101010101010101010101010101010101010101
01010101010101010101010101010101010101010101010101010101010101010101010101010101010101010101010101010101010101010101010101010101
01010101010101010101010101010101010101010101010101010101010101010101010101010101010101010101010101010101010101010101010101010101
01010101010101010101010101010101010101010101010101010101010101010101010101010101010101010101010101010101010101010101010101010101
01010101010101010101010101010101010101010101010101010101010101010101010101010101010101010101010101010101010101010101010101010101
01010101010101010101010101010101010101010101010101010101010101010101010101010101010101010101010101010101010101010101010101010101
01010101010101010101010101010101010101010101010101010101010101010101010101010101010101010101010101010101010101010101010101010101
01010101010101010101010101010101010101010101010101010101010101010101010101010101010101010101010101010101010101010101010101010101
01010101010101010101010101010101010101010101010101010101010101010101010101010101010101010101010101010101010101010101010101010101
00ff00ff00ff00ff00ff00ff00ff00ff00ff00ff00ff00ff00ff00ff00ff00ff00ff00ff00ff00ff00ff00ff00ff00ff00ff00ff00ff00ff00ff00ff00ff00ff
00ff00ff00ff00ff00ff00ff00ff00ff00ff00ff00ff00ff00ff00ff00ff00ff00ff00ff00ff00ff00ff00ff00ff00ff00ff00ff00ff00ff00ff00ff00ff00ff
00ff00ff00ff00ff00ff00ff00ff00ff00ff00ff00ff00ff00ff00ff00ff00ff00ff00ff00ff00ff00ff00ff00ff00ff00ff00ff00ff00ff00ff00ff00ff00ff
00ff00ff00ff00ff00ff00ff00ff00ff00ff00ff00ff00ff00ff00ff00ff00ff00ff00ff00ff00ff00ff00ff00ff00ff00ff00ff00ff00ff00ff00ff00ff00ff
00ff00ff00ff00ff00ff00ff00ff00ff00ff00ff00ff00ff00ff00ff00ff00ff00ff00ff00ff00ff00ff00ff00ff00ff00ff00ff00ff00ff00ff00ff00ff00ff
00ff00ff00ff00ff00ff00ff00ff00ff00ff00ff00ff00ff00ff00ff00ff00ff00ff00ff00ff00ff00ff00ff00ff00ff00ff00ff00ff00ff00ff00ff00ff00ff
00ff00ff00ff00ff00ff00ff00ff00ff00ff00ff00ff00ff00ff00ff00ff00ff00ff00ff00ff00ff00ff00ff00ff00ff00ff00ff00ff00ff00ff00ff00ff00ff
00ff00ff00ff00ff00ff00ff00ff00ff00ff00ff00ff00ff00ff00ff00ff00ff00ff00ff00ff00ff00ff00ff00ff00ff00ff00ff00ff00ff00ff00ff00ff00ff
00ff00ff00ff00ff00ff00ff00ff00ff00ff00ff00ff00ff00ff00ff00ff00ff00ff00ff00ff00ff00ff00ff00ff00ff00ff00ff00ff00ff00ff00ff00ff00ff
00ff00ff00ff00ff00ff00ff00ff00ff00ff00ff00ff00ff00ff00ff00ff00ff00ff00ff00ff00ff00ff00ff00ff00ff00ff00ff00ff00ff00ff00ff00ff00ff
00ff00ff00ff00ff00ff00ff00ff00ff00ff00ff00ff00ff00ff00ff00ff00ff00ff00ff00ff00ff00ff00ff00ff00ff00ff00ff00ff00ff00ff00ff00ff00ff
00ff00ff00ff00ff00ff00ff00ff00ff00ff00ff00ff00ff00ff00ff00ff00ff00ff00ff00ff00ff00ff00ff00ff00ff00ff00ff00ff00ff00ff00ff00ff00ff
00ff00ff00ff00ff00ff00ff00ff00ff00ff00ff00ff00ff00ff00ff00ff00ff00ff00ff00ff00ff00ff00ff00ff00ff00ff00ff00ff00ff00ff00ff00ff00ff
00ff00ff00ff00ff00ff00ff00ff00ff00ff00ff00ff00ff00ff00ff00ff00ff00ff00ff00ff00ff00ff00ff00ff00ff00ff00ff00ff00ff00ff00ff00ff00ff
00ff00ff00ff00ff00ff00ff00ff00ff00ff00ff00ff00ff00ff00ff00ff00ff00ff00ff00ff00ff00ff00ff00ff00ff00ff00ff00ff00ff00ff00ff00ff00ff
00ff00ff00ff00ff00ff00ff00ff00ff00ff00ff00ff00ff00ff00ff00ff00ff00ff00ff00ff00ff00ff00ff00ff00ff00ff00ff00ff00ff00ff00ff00ff00ff
00ff00ff00ff00ff00ff00ff00ff00ff00ff00ff00ff00ff00ff00ff00ff00ff00ff00ff00ff00ff00ff00ff00ff00ff00ff00ff00ff00ff00ff00ff00ff00ff
00ff00ff00ff00ff00ff00ff00ff00ff00ff00ff00ff00ff00ff00ff00ff00ff00ff00ff00ff00ff00ff00ff00ff00ff00ff00ff00ff00ff00ff00ff00ff00ff
00ff00ff00ff00ff00ff00ff00ff00ff00ff00ff00ff00ff00ff00ff00ff00ff00ff00ff00ff00ff00ff00ff00ff00ff00ff00ff00ff00ff00ff00ff00ff00ff
00ff00ff00ff00ff00ff00ff00ff00ff00ff00ff00ff00ff00ff00ff00ff00ff00ff00ff00ff00ff00ff00ff00ff00ff00ff00ff00ff00ff00ff00ff00ff00ff
00ff00ff00ff00ff00ff00ff00ff00ff00ff00ff00ff00ff00ff00ff00ff00ff00ff00ff00ff00ff00ff00ff00ff00ff00ff00ff00ff00ff00ff00ff00ff00ff
00ff00ff00ff00ff00ff00ff00ff00ff00ff00ff00ff00ff00ff00ff00ff00ff00ff00ff00ff00ff00ff00ff00ff00ff00ff00ff00ff00ff00ff00ff00ff00ff
00ff00ff00ff00ff00ff00ff00ff00ff00ff00ff00ff00ff00ff00ff00ff00ff00ff00ff00ff00ff00ff00ff00ff00ff00ff00ff00ff00ff00ff00ff00ff00ff
00ff00ff00ff00ff00ff00ff00ff00ff00ff00ff00ff00ff00ff00ff00ff00ff00ff00ff00ff00ff00ff00ff00ff00ff00ff00ff00ff00ff00ff00ff00ff00ff
00ff00ff00ff00ff00ff00ff00ff00ff00ff00ff00ff00ff00ff00ff00ff00ff00ff00ff00ff00ff00ff00ff00ff00ff00ff00ff00ff00ff00ff00ff00ff00ff
00ff00ff00ff00ff00ff00ff00ff00ff00ff00ff00ff00ff00ff00ff00ff00ff00ff00ff00ff00ff00ff00ff00ff00ff00ff00ff00ff00ff00ff00ff00ff00ff
00ff00ff00ff00ff00ff00ff00ff00ff00ff00ff00ff00ff00ff00ff00ff00ff00ff00ff00ff00ff00ff00ff00ff00ff00ff00ff00ff00ff00ff00ff00ff00ff
00ff00ff00ff00ff00ff00ff00ff00ff00ff00ff00ff00ff00ff00ff00ff00ff00ff00ff00ff00ff00ff00ff00ff00ff00ff00ff00ff00ff00ff00ff00ff00ff
00ff00ff00ff00ff00ff00ff00ff00ff00ff00ff00ff00ff00ff00ff00ff00ff00ff00ff00ff00ff00ff00ff00ff00ff00ff00ff00ff00ff00ff00ff00ff00ff
00ff00ff00ff00ff00ff00ff00ff00ff00ff00ff00ff00ff00ff00ff00ff00ff00ff00ff00ff00ff00ff00ff00ff00ff00ff00ff00ff00ff00ff00ff00ff00ff
00ff00ff00ff00ff00ff00ff00ff00ff00ff00ff00ff00ff00ff00ff00ff00ff00ff00ff00ff00ff00ff00ff00ff00ff00ff00ff00ff00ff00ff00ff00ff00ff
00ff00ff00ff00ff00ff00ff00ff00ff00ff00ff00ff00ff00ff00ff00ff00ff00ff00ff00ff00ff00ff00ff00ff00ff00ff00ff00ff00ff00ff00ff00ff00ff
00ff010100ff010100ff010100ff010100ff010100ff010100ff010100ff010100ff010100ff010100ff010100ff010100ff010100ff010100ff010100ff0101
00ff010100ff010100ff010100ff010100ff010100ff010100ff010100ff010100ff010100ff010100ff010100ff010100ff010100ff010100ff010100ff0101
00ff010100ff010100ff010100ff010100ff010100ff010100ff010100ff010100ff010100ff010100ff010100ff010100ff010100ff010100ff010100ff0101
00ff010100ff010100ff010100ff010100ff010100ff010100ff010100ff010100ff010100ff010100ff010100ff010100ff010100ff010100ff010100ff0101
00ff010100ff010100ff010100ff010100ff010100ff010100ff010100ff010100ff010100ff010100ff010100ff010100ff010100ff010100ff010100ff0101
00ff010100ff010100ff010100ff010100ff010100ff010100ff010100ff010100ff010100ff010100ff010100ff010100ff010100ff010100ff010100ff0101
00ff010100ff010100ff010100ff010100ff010100ff010100ff010100ff010100ff010100ff010100ff010100ff010100ff010100ff010100ff010100ff0101
00ff010100ff010100ff010100ff010100ff010100ff010100ff010100ff010100ff010100ff010100ff010100ff010100ff010100ff010100ff010100ff0101
00ff010100ff010100ff010100ff010100ff010100ff010100ff010100ff010100ff010100ff010100ff010100ff010100ff010100ff010100ff010100ff0101
00ff010100ff010100ff010100ff010100ff010100ff010100ff010100ff010100ff010100ff010100ff010100ff010100ff010100ff010100ff010100ff0101
00ff010100ff010100ff010100ff010100ff010100ff010100ff010100ff010100ff010100ff010100ff010100ff010100ff010100ff010100ff010100ff0101
00ff010100ff010100ff010100ff010100ff010100ff010100ff010100ff010100ff010100ff010100ff010100ff010100ff010100ff010100ff010100ff0101
00ff010100ff010100ff010100ff010100ff010100ff010100ff010100ff010100ff010100ff010100ff010100ff010100ff010100ff010100ff010100ff0101
00ff010100ff010100ff010100ff010100ff010100ff010100ff010100ff010100ff010100ff010100ff010100ff010100ff010100ff010100ff010100ff0101
00ff010100ff010100ff010100ff010100ff010100ff010100ff010100ff010100ff010100ff010100ff010100ff010100ff010100ff010100ff010100ff0101
00ff010100ff010100ff010100ff010100ff010100ff010100ff010100ff010100ff010100ff010100ff010100ff010100ff010100ff010100ff010100ff0101
00ff010100ff010100ff010100ff010100ff010100ff010100ff010100ff010100ff010100ff010100ff010100ff010100ff010100ff010100ff010100ff0101
00ff010100ff010100ff010100ff010100ff010100ff010100ff010100ff010100ff010100ff010100ff010100ff010100ff010100ff010100ff010100ff0101
00ff010100ff010100ff010100ff010100ff010100ff010100ff010100ff010100ff010100ff010100ff010100ff010100ff010100ff010100ff010100ff0101
00ff010100ff010100ff010100ff010100ff010100ff010100ff010100ff010100ff010100ff010100ff010100ff010100ff010100ff010100ff010100ff0101
00ff010100ff010100ff010100ff010100ff010100ff010100ff010100ff010100ff010100ff010100ff010100ff010100ff010100ff010100ff010100ff0101
00ff010100ff010100ff010100ff010100ff010100ff010100ff010100ff010100ff010100ff010100ff010100ff010100ff010100ff010100ff010100ff0101
00ff010100ff010100ff010100ff010100ff010100ff010100ff010100ff010100ff010100ff010100ff010100ff010100ff010100ff010100ff010100ff0101
00ff010100ff010100ff010100ff010100ff010100ff010100ff010100ff010100ff010100ff010100ff010100ff010100ff010100ff010100ff010100ff0101
00ff010100ff010100ff010100ff010100ff010100ff010100ff010100ff010100ff010100ff010100ff010100ff010100ff010100ff010100ff010100ff0101
00ff010100ff010100ff010100ff010100ff010100ff010100ff010100ff010100ff010100ff010100ff010100ff010100ff010100ff010100ff010100ff0101
00ff010100ff010100ff010100ff010100ff010100ff010100ff010100ff010100ff010100ff010100ff010100ff010100ff010100ff010100ff010100ff0101
00ff010100ff010100ff010100ff010100ff010100ff010100ff010100ff010100ff010100ff010100ff010100ff010100ff010100ff010100ff010100ff0101
00ff010100ff010100ff010100ff010100ff010100ff010100ff010100ff010100ff010100ff010100ff010100ff010100ff010100ff010100ff010100ff0101
00ff010100ff010100ff010100ff010100ff010100ff010100ff010100ff010100ff010100ff010100ff010100ff010100ff010100ff010100ff010100ff0101
00ff010100ff010100ff010100ff010100ff010100ff010100ff010100ff010100ff010100ff010100ff010100ff010100ff010100ff010100ff010100ff0101
00ff010100ff010100ff010100ff010100ff010100ff010100ff010100ff010100ff010100ff010100ff010100ff010100ff010100ff010100ff010100ff0101
00000000000000000000000000000000000000000000000000000000000000000000000000000000000000000000000000000000000000000000000000000001
00000000000000000000000000000000000000000000000000000000000000000000000000000000000000000000000000000000000000000000000000000000
00000000000000000000000000000000000000000000000000000000000000000000000000000000000000000000000000000000000000000000000000000000
00000000000000000000000000000000000000000000000000000000000000000000000000000000000000000000000000000000000000000000000000000000
00000000000000000000000000000000000000000000000000000000000000000000000000000000000000000000000000000000000000000000000000000000
00000000000000000000000000000000000000000000000000000000000000000000000000000000000000000000000000000000000000000000000000000000
00000000000000000000000000000000000000000000000000000000000000000000000000000000000000000000000000000000000000000000000000000000
00000000000000000000000000000000000000000000000000000000000000000000000000000000000000000000000000000000000000000000000000000000
00000000000000000000000000000000000000000000000000000000000000000000000000000000000000000000000000000000000000000000000000000000
00000000000000000000000000000000000000000000000000000000000000000000000000000000000000000000000000000000000000000000000000000000
00000000000000000000000000000000000000000000000000000000000000000000000000000000000000000000000000000000000000000000000000000000
00000000000000000000000000000000000000000000000000000000000000000000000000000000000000000000000000000000000000000000000000000000
00000000000000000000000000000000000000000000000000000000000000000000000000000000000000000000000000000000000000000000000000000000
00000000000000000000000000000000000000000000000000000000000000000000000000000000000000000000000000000000000000000000000000000000
00000000000000000000000000000000000000000000000000000000000000000000000000000000000000000000000000000000000000000000000000000000
00000000000000000000000000000000000000000000000000000000000000000000000000000000000000000000000000000000000000000000000000000000
00000000000000000000000000000000000000000000000000000000000000000000000000000000000000000000000000000000000000000000000000000000
00000000000000000000000000000000000000000000000000000000000000000000000000000000000000000000000000000000000000000000000000000000
00000000000000000000000000000000000000000000000000000000000000000000000000000000000000000000000000000000000000000000000000000000
00000000000000000000000000000000000000000000000000000000000000000000000000000000000000000000000000000000000000000000000000000000
00000000000000000000000000000000000000000000000000000000000000000000000000000000000000000000000000000000000000000000000000000000
00000000000000000000000000000000000000000000000000000000000000000000000000000000000000000000000000000000000000000000000000000000
00000000000000000000000000000000000000000000000000000000000000000000000000000000000000000000000000000000000000000000000000000000
00000000000000000000000000000000000000000000000000000000000000000000000000000000000000000000000000000000000000000000000000000000
00000000000000000000000000000000000000000000000000000000000000000000000000000000000000000000000000000000000000000000000000000000
00000000000000000000000000000000000000000000000000000000000000000000000000000000000000000000000000000000000000000000000000000000
00000000000000000000000000000000000000000000000000000000000000000000000000000000000000000000000000000000000000000000000000000000
00000000000000000000000000000000000000000000000000000000000000000000000000000000000000000000000000000000000000000000000000000000
00000000000000000000000000000000000000000000000000000000000000000000000000000000000000000000000000000000000000000000000000000000
00000000000000000000000000000000000000000000000000000000000000000000000000000000000000000000000000000000000000000000000000000000
00000000000000000000000000000000000000000000000000000000000000000000000000000000000000000000000000000000000000000000000000000000
00000000000000000000000000000000000000000000000000000000000000000000000000000000000000000000000000000000000000000000000000000000
00000000000000000000000000000000000000000000000000000000000000000000000000000000000000000000000000000000000001ff0000000000000000
00000000000000000000000000000000000000000000000000000000000000000000000000000000000000000000000000000000000000000000000000000000
00000000000000000000000000000000000000000000000000000000000000000000000000000000000000000000000000000000000000000000000000000000
00000000000000000000000000000000000000000000000000000000000000000000000000000000000000000000000000000000000000000000000000000000
00000000000000000000000000000000000000000000000000000000000000000000000000000000000000000000000000000000000000000000000000000000
00000000000000000000000000000000000000000000000000000000000000000000000000000000000000000000000000000000000000000000000000000000
00000000000000000000000000000000000000000000000000000000000000000000000000000000000000000000000000000000000000000000000000000000
00000000000000000000000000000000000000000000000000000000000000000000000000000000000000000000000000000000000000000000000000000000
00000000000000000000000000000000000000000000000000000000000000000000000000000000000000000000000000000000000000000000000000000000
00000000000000000000000000000000000000000000000000000000000000000000000000000000000000000000000000000000000000000000000000000000
00000000000000000000000000000000000000000000000000000000000000000000000000000000000000000000000000000000000000000000000000000000
00000000000000000000000000000000000000000000000000000000000000000000000000000000000000000000000000000000000000000000000000000000
00000000000000000000000000000000000000000000000000000000000000000000000000000000000000000000000000000000000000000000000000000000
00000000000000000000000000000000000000000000000000000000000000000000000000000000000000000000000000000000000000000000000000000000
00000000000000000000000000000000000000000000000000000000000000000000000000000000000000000000000000000000000000000000000000000000
00000000000000000000000000000000000000000000000000000000000000000000000000000000000000000000000000000000000000000000000000000000
00000000000000000000000000000000000000000000000000000000000000000000000000000000000000000000000000000000000000000000000000000000
00000000000000000000000000000000000000000000000000000000000000000000000000000000000000000000000000000000000000000000000000000000
00000000000000000000000000000000000000000000000000000000000000000000000000000000000000000000000000000000000000000000000000000000
00000000000000000000000000000000000000000000000000000000000000000000000000000000000000000000000000000000000000000000000000000000
00000000000000000000000000000000000000000000000000000000000000000000000000000000000000000000000000000000000000000000000000000000
00000000000000000000000000000000000000000000000000000000000000000000000000000000000000000000000000000000000000000000000000000000
00000000000000000000000000000000000000000000000000000000000000000000000000000000000000000000000000000000000000000000000000000000
00000000000000000000000000000000000000000000000000000000000000000000000000000000000000000000000000000000000000000000000000000000
00000000000000000000000000000000000000000000000000000000000000000000000000000000000000000000000000000000000000000000000000000000
00000000000000000000000000000000000000000000000000000000000000000000000000000000000000000000000000000000000000000000000000000000
00000000000000000000000000000000000000000000000000000000000000000000000000000000000000000000000000000000000000000000000000000000
00000000000000000000000000000000000000000000000000000000000000000000000000000000000000000000000000000000000000000000000000000000
00000000000000000000000000000000000000000000000000000000000000000000000000000000000000000000000000000000000000000000000000000000
00000000000000000000000000000000000000000000000000000000000000000000000000000000000000000000000000000000000000000000000000000000
00000000000000000000000000000000000000000000000000000000000000000000000000000000000000000000000000000000000000000000000000000000
00000000000000000000000000000000000000000000000000000000000000000000000000000000000000000000000000000000000000000000000000000000
00000000000000000000000000000000000000000000000000000000000000000000000000000000000000000000000100000000000000000000000000000000
00000000000000000000000000000000000000000000000000000000000000000000000000000000000000000000000000000000000000000000000000000000
00000000000000000000000000000000000000000000000000000000000000000000000000000000000000000000000000000000000000000000000000000000
00000000000000000000000000000000000000000000000000000000000000000000000000000000000000000000000000000000000000000000000000000000
00000000000000000000000000000000000000000000000000000000000000000000000000000000000000000000000000000000000000000000000000000000
00000000000000000000000000000000000000000000000000000000000000000000000000000000000000000000000000000000000000000000000000000000
00000000000000000000000000000000000000000000000000000000000000000000000000000000000000000000000000000000000000000000000000000000
00000000000000000000000000000000000000000000000000000000000000000000000000000000000000000000000000000000000000000000000000000000
00000000000000000000000000000000000000000000000000000000000000000000000000000000000000000000000000000000000000000000000000000000
00000000000000000000000000000000000000000000000000000000000000000000000000000000000000000000000000000000000000000000000000000000
00000000000000000000000000000000000000000000000000000000000000000000000000000000000000000000000000000000000000000000000000000000
00000000000000000000000000000000000000000000000000000000000000000000000000000000000000000000000000000000000000000000000000000000
00000000000000000000000000000000000000000000000000000000000000000000000000000000000000000000000000000000000000000000000000000000
00000000000000000000000000000000000000000000000000000000000000000000000000000000000000000000000000000000000000000000000000000000
00000000000000000000000000000000000000000000000000000000000000000000000000000000000000000000000000000000000000000000000000000000
00000000000000000000000000000000000000000000000000000000000000000000000000000000000000000000000000000000000000000000000000000000
00000000000000000000000000000000000000000000000000000000000000000000000000000000000000000000000000000000000000000000000000000000
00000000000000000000000000000000000000000000000000000000000000000000000000000000000000000000000000000000000000000000000000000000
00000000000000000000000000000000000000000000000000000000000000000000000000000000000000000000000000000000000000000000000000000000
00000000000000000000000000000000000000000000000000000000000000000000000000000000000000000000000000000000000000000000000000000000
00000000000000000000000000000000000000000000000000000000000000000000000000000000000000000000000000000000000000000000000000000000
00000000000000000000000000000000000000000000000000000000000000000000000000000000000000000000000000000000000000000000000000000000
00000000000000000000000000000000000000000000000000000000000000000000000000000000000000000000000000000000000000000000000000000000
00000000000000000000000000000000000000000000000000000000000000000000000000000000000000000000000000000000000000000000000000000000
00000000000000000000000000000000000000000000000000000000000000000000000000000000000000000000000000000000000000000000000000000000
00000000000000000000000000000000000000000000000000000000000000000000000000000000000000000000000000000000000000000000000000000000
00000000000000000000000000000000000000000000000000000000000000000000000000000000000000000000000000000000000000000000000000000000
00000000000000000000000000000000000000000000000000000000000000000000000000000000000000000000000000000000000000000000000000000000
00000000000000000000000000000000000000000000000000000000000000000000000000000000000000000000000000000000000000000000000000000000
00000000000000000000000000000000000000000000000000000000000000000000000000000000000000000000000000000000000000000000000000000000
00000000000000000000000000000000000000000000000000000000000000000000000000000000000000000000000000000000000000000000000000000000
00000000000000000000000000000000000000000000000000000000000000000000000000000000000000000000000000000000000000000000000000000000
00000000000000000000000000000000000000000000000000000000000000000000000000000000000000000000000000000000000000000000000000000000
00000000000000000000000000000000000000000000000000000000000000000000000000000000000000000000000000000000000000000000000000000000
00000000000000000000000000000000000000000000000000000000000000000000000000000000000000000000000000000000000000000000000000000000
00000000000000000000000000000000000000000000000000000000000000000000000000000000000000000000000000000000000000000000000000000000
00000000000000000000000000000000000000000000000000000000000000000000000000000000000000000000000000000000000000000000000000000000
00000000000000000000000000000000000000000000000000000000000000000000000000000000000000000000000000000000000000000000000000000000
00000000000000000000000000000000000000000000000000000000000000000000000000000000000000000000000000000000000000000000000000000000
00000000000000000000000000000000000000000000000000000000000000000000000000000000000000000000000000000000000000000000000000000000
00000000000000000000000000000000000000000000000000000000000000000000000000000000000000000000000000000000000000000000000000000000
00000000000000000000000000000000000000000000000000000000000000000000000000000000000000000000000000000000000000000000000000000000
00000000000000000000000000000000000000000000000000000000000000000000000000000000000000000000000000000000000000000000000000000000
00000000000000000000000000000000000000000000000000000000000000000000000000000000000000000000000000000000000000000000000000000000
00000000000000000000000000000000000000000000000000000000000000000000000000000000000000000000000000000000000000000000000000000000
00000000000000000000000000000000000000000000000000000000000000000000000000000000000000000000000000000000000000000000000000000000
00000000000000000000000000000000000000000000000000000000000000000000000000000000000000000000000000000000000000000000000000000000
00000000000000000000000000000000000000000000000000000000000000000000000000000000000000000000000000000000000000000000000000000000
00000000000000000000000000000000000000000000000000000000000000000000000000000000000000000000000000000000000000000000000000000000
00000000000000000000000000000000000000000000000000000000000000000000000000000000000000000000000000000000000000000000000000000000
00000000000000000000000000000000000000000000000000000000000000000000000000000000000000000000000000000000000000000000000000000000
00000000000000000000000000000000000000000000000000000000000000000000000000000000000000000000000000000000000000000000000000000000
00000000000000000000000000000000000000000000000000000000000000000000000000000000000000000000000000000000000000000000000000000000
00000000000000000000000000000000000000000000000000000000000000000000000000000000000000000000000000000000000000000000000000000000
00000000000000000000000000000000000000000000000000000000000000000000000000000000000000000000000000000000000000000000000000000000
00000000000000000000000000000000000000000000000000000000000000000000000000000000000000000000000000000000000000000000000000000000
00000000000000000000000000000000000000000000000000000000000000000000000000000000000000000000000000000000000000000000000000000000
00000000000000000000000000000000000000000000000000000000000000000000000000000000000000000000000000000000000000000000000000000000
00000000000000000000000000000000000000000000000000000000000000000000000000000000000000000000000000000000000000000000000000000000
00000000000000000000000000000000000000000000000000000000000000000000000000000000000000000000000000000000000000000000000000000000
00000000000000000000000000000000000000000000000000000000000000000000000000000000000000000000000000000000000000000000000000000000
00000000000000000000000000000000000000000000000000000000000000000000000000000000000000000000000000000000000000000000000000000000
00000000000000000000000000000000000000000000000000000000000000000000000000000000000000000000000000000000000000000000000000000000
0000000000000000000000000000000000000000000001ff00000000000000000000000000000000000000000000000000000000000000000000000000000000
00000000000000000000000000000000000000000000000000000000000000000000000000000000000000000000000000000000000000000000000000000000
00000000000000000000000000000000000000000000000000000000000000000000000000000000000000000000000000000000000000000000000000000000
00000000000000000000000000000000000000000000000000000000000000000000000000000000000000000000000000000000000000000000000000000000
00000000000000000000000000000000000000000000000000000000000000000000000000000000000000000000000000000000000000000000000000000000
00000000000000000000000000000000000000000000000000000000000000000000000000000000000000000000000000000000000000000000000000000000
00000000000000000000000000000000000000000000000000000000000000000000000000000000000000000000000000000000000000000000000000000000
00000000000000000000000000000000000000000000000000000000000000000000000000000000000000000000000000000000000000000000000000000000
00000000000000000000000000000000000000000000000000000000000000000000000000000000000000000000000000000000000000000000000000000000
00000000000000000000000000000000000000000000000000000000000000000000000000000000000000000000000000000000000000000000000000000000
00000000000000000000000000000000000000000000000000000000000000000000000000000000000000000000000000000000000000000000000000000000
00000000000000000000000000000000000000000000000000000000000000000000000000000000000000000000000000000000000000000000000000000000
00000000000000000000000000000000000000000000000000000000000000000000000000000000000000000000000000000000000000000000000000000000
00000000000000000000000000000000000000000000000000000000000000000000000000000000000000000000000000000000000000000000000000000000
00000000000000000000000000000000000000000000000000000000000000000000000000000000000000000000000000000000000000000000000000000000
00000000000000000000000000000000000000000000000000000000000000000000000000000000000000000000000000000000000000000000000000000000
00000000000000000000000000000000000000000000000000000000000000000000000000000000000000000000000000000000000000000000000000000000
00000000000000000000000000000000000000000000000000000000000000000000000000000000000000000000000000000000000000000000000000000000
00000000000000000000000000000000000000000000000000000000000000000000000000000000000000000000000000000000000000000000000000000000
00000000000000000000000000000000000000000000000000000000000000000000000000000000000000000000000000000000000000000000000000000000
00000000000000000000000000000000000000000000000000000000000000000000000000000000000000000000000000000000000000000000000000000000
00000000000000000000000000000000000000000000000000000000000000000000000000000000000000000000000000000000000000000000000000000000
00000000000000000000000000000000000000000000000000000000000000000000000000000000000000000000000000000000000000000000000000000000
00000000000000000000000000000000000000000000000000000000000000000000000000000000000000000000000000000000000000000000000000000000
00000000000000000000000000000000000000000000000000000000000000000000000000000000000000000000000000000000000000000000000000000000
00000000000000000000000000000000000000000000000000000000000000000000000000000000000000000000000000000000000000000000000000000000
00000000000000000000000000000000000000000000000000000000000000000000000000000000000000000000000000000000000000000000000000000000
00000000000000000000000000000000000000000000000000000000000000000000000000000000000000000000000000000000000000000000000000000000
00000000000000000000000000000000000000000000000000000000000000000000000000000000000000000000000000000000000000000000000000000000
00000000000000000000000000000000000000000000000000000000000000000000000000000000000000000000000000000000000000000000000000000000
00000000000000000000000000000000000000000000000000000000000000000000000000000000000000000000000000000000000000000000000000000000
00000000000000000000000000000000000000000000000000000000000000000000000000000000000000000000000000000000000000000000000000000000
00000000000000000000000000000001000000000000000000000000000000000000000000000000000000000000000000000000000000000000000000000000
00000000000000000000000000000000000000000000000000000000000000000000000000000000000000000000000000000000000000000000000000000000
00000000000000000000000000000000000000000000000000000000000000000000000000000000000000000000000000000000000000000000000000000000
00000000000000000000000000000000000000000000000000000000000000000000000000000000000000000000000000000000000000000000000000000000
00000000000000000000000000000000000000000000000000000000000000000000000000000000000000000000000000000000000000000000000000000000
00000000000000000000000000000000000000000000000000000000000000000000000000000000000000000000000000000000000000000000000000000000
00000000000000000000000000000000000000000000000000000000000000000000000000000000000000000000000000000000000000000000000000000000
00000000000000000000000000000000000000000000000000000000000000000000000000000000000000000000000000000000000000000000000000000000
00000000000000000000000000000000000000000000000000000000000000000000000000000000000000000000000000000000000000000000000000000000
00000000000000000000000000000000000000000000000000000000000000000000000000000000000000000000000000000000000000000000000000000000
00000000000000000000000000000000000000000000000000000000000000000000000000000000000000000000000000000000000000000000000000000000
00000000000000000000000000000000000000000000000000000000000000000000000000000000000000000000000000000000000000000000000000000000
00000000000000000000000000000000000000000000000000000000000000000000000000000000000000000000000000000000000000000000000000000000
00000000000000000000000000000000000000000000000000000000000000000000000000000000000000000000000000000000000000000000000000000000
00000000000000000000000000000000000000000000000000000000000000000000000000000000000000000000000000000000000000000000000000000000
00000000000000000000000000000000000000000000000000000000000000000000000000000000000000000000000000000000000000000000000000000000
00000000000000000000000000000000000000000000000000000000000000000000000000000000000000000000000000000000000000000000000000000000
00000000000000000000000000000000000000000000000000000000000000000000000000000000000000000000000000000000000000000000000000000000
00000000000000000000000000000000000000000000000000000000000000000000000000000000000000000000000000000000000000000000000000000000
00000000000000000000000000000000000000000000000000000000000000000000000000000000000000000000000000000000000000000000000000000000
00000000000000000000000000000000000000000000000000000000000000000000000000000000000000000000000000000000000000000000000000000000
00000000000000000000000000000000000000000000000000000000000000000000000000000000000000000000000000000000000000000000000000000000
00000000000000000000000000000000000000000000000000000000000000000000000000000000000000000000000000000000000000000000000000000000
00000000000000000000000000000000000000000000000000000000000000000000000000000000000000000000000000000000000000000000000000000000
00000000000000000000000000000000000000000000000000000000000000000000000000000000000000000000000000000000000000000000000000000000
00000000000000000000000000000000000000000000000000000000000000000000000000000000000000000000000000000000000000000000000000000000
00000000000000000000000000000000000000000000000000000000000000000000000000000000000000000000000000000000000000000000000000000000
00000000000000000000000000000000000000000000000000000000000000000000000000000000000000000000000000000000000000000000000000000000
00000000000000000000000000000000000000000000000000000000000000000000000000000000000000000000000000000000000000000000000000000000
00000000000000000000000000000000000000000000000000000000000000000000000000000000000000000000000000000000000000000000000000000000
00000000000000000000000000000000000000000000000000000000000000000000000000000000000000000000000000000000000000000000000000000000
00000000000000000000000000000000000000000000000000000000000000000000000000000000000000000000000000000000000000000000000000000000
00000000000001ff0000000000000000000000000000000000000000000000000000000000000000000000000000000000000000000000000000000000000000
00000000000000000000000000000000000000000000000000000000000000000000000000000001000000000000000000000000000000000000000000000000
00000000000000000000000000000000000000000000000000000000000000000000000000000000000000000000000000000000000000000000000000000000
00000000000000000000000000000000000000000000000000000000000000000000000000000000000000000000000000000000000000000000000000000000
00000000000000000000000000000000000000000000000000000000000000000000000000000000000000000000000000000000000000000000000000000000
00000000000000000000000000000000000000000000000000000000000000000000000000000000000000000000000000000000000000000000000000000000
00000000000000000000000000000000000000000000000000000000000000000000000000000000000000000000000000000000000000000000000000000000
00000000000000000000000000000000000000000000000000000000000000000000000000000000000000000000000000000000000000000000000000000000
00000000000000000000000000000000000000000000000000000000000000000000000000000000000000000000000000000000000000000000000000000000
00000000000000000000000000000000000000000000000000000000000000000000000000000000000000000000000000000000000000000000000000000000
00000000000000000000000000000000000000000000000000000000000000000000000000000000000000000000000000000000000000000000000000000000
00000000000000000000000000000000000000000000000000000000000000000000000000000000000000000000000000000000000000000000000000000000
00000000000000000000000000000000000000000000000000000000000000000000000000000000000000000000000000000000000000000000000000000000
00000000000000000000000000000000000000000000000000000000000000000000000000000000000000000000000000000000000000000000000000000000
00000000000000000000000000000000000000000000000000000000000000000000000000000000000000000000000000000000000000000000000000000000
00000000000000000000000000000000000000000000000000000000000000000000000000000000000000000000000000000000000000000000000000000000
00000000000000000000000000000000000000000000000000000000000000000000000000000000000000000000000000000000000000000000000000000000
00000000000000000000000000000000000000000000000000000000000000000000000000000000000000000000000000000000000000000000000000000000
00000000000000000000000000000000000000000000000000000000000000000000000000000000000000000000000000000000000000000000000000000000
00000000000000000000000000000000000000000000000000000000000000000000000000000000000000000000000000000000000000000000000000000000
00000000000000000000000000000000000000000000000000000000000000000000000000000000000000000000000000000000000000000000000000000000
00000000000000000000000000000000000000000000000000000000000000000000000000000000000000000000000000000000000000000000000000000000
00000000000000000000000000000000000000000000000000000000000000000000000000000000000000000000000000000000000000000000000000000000
00000000000000000000000000000000000000000000000000000000000000000000000000000000000000000000000000000000000000000000000000000000
00000000000000000000000000000000000000000000000000000000000000000000000000000000000000000000000000000000000000000000000000000000
00000000000000000000000000000000000000000000000000000000000000000000000000000000000000000000000000000000000000000000000000000000
00000000000000000000000000000000000000000000000000000000000000000000000000000000000000000000000000000000000000000000000000000000
00000000000000000000000000000000000000000000000000000000000000000000000000000000000000000000000000000000000000000000000000000000
00000000000000000000000000000000000000000000000000000000000000000000000000000000000000000000000000000000000000000000000000000000
00000000000000000000000000000000000000000000000000000000000000000000000000000000000000000000000000000000000000000000000000000000
00000000000000000000000000000000000000000000000000000000000000000000000000000000000000000000000000000000000000000000000000000000
00000000000000000000000000000000000000000000000000000000000000000000000000000000000000000000000000000000000000000000000000000000
00000000000000000000000000000000000000000000000000000000000000000000000000000000000000000000000000000000000000000000000000000000
00000000000000000000000000000000000000000000000000000000000001ff0000000000000000000000000000000000000000000000000000000000000000
00000000000000000000000000000000000000000000000000000000000000000000000000000000000000000000000000000000000000000000000000000000
00000000000000000000000000000000000000000000000000000000000000000000000000000000000000000000000000000000000000000000000000000000
00000000000000000000000000000000000000000000000000000000000000000000000000000000000000000000000000000000000000000000000000000000
00000000000000000000000000000000000000000000000000000000000000000000000000000000000000000000000000000000000000000000000000000000
00000000000000000000000000000000000000000000000000000000000000000000000000000000000000000000000000000000000000000000000000000000
00000000000000000000000000000000000000000000000000000000000000000000000000000000000000000000000000000000000000000000000000000000
00000000000000000000000000000000000000000000000000000000000000000000000000000000000000000000000000000000000000000000000000000000
00000000000000000000000000000000000000000000000000000000000000000000000000000000000000000000000000000000000000000000000000000000
00000000000000000000000000000000000000000000000000000000000000000000000000000000000000000000000000000000000000000000000000000000
00000000000000000000000000000000000000000000000000000000000000000000000000000000000000000000000000000000000000000000000000000000
00000000000000000000000000000000000000000000000000000000000000000000000000000000000000000000000000000000000000000000000000000000
00000000000000000000000000000000000000000000000000000000000000000000000000000000000000000000000000000000000000000000000000000000
00000000000000000000000000000000000000000000000000000000000000000000000000000000000000000000000000000000000000000000000000000000
00000000000000000000000000000000000000000000000000000000000000000000000000000000000000000000000000000000000000000000000000000000
00000000000000000000000000000000000000000000000000000000000000000000000000000000000000000000000000000000000000000000000000000000
00000000000000000000000000000000000000000000000000000000000000000000000000000000000000000000000000000000000000000000000000000000
00000000000000000000000000000000000000000000000000000000000000000000000000000000000000000000000000000000000000000000000000000000
00000000000000000000000000000000000000000000000000000000000000000000000000000000000000000000000000000000000000000000000000000000
00000000000000000000000000000000000000000000000000000000000000000000000000000000000000000000000000000000000000000000000000000000
00000000000000000000000000000000000000000000000000000000000000000000000000000000000000000000000000000000000000000000000000000000
00000000000000000000000000000000000000000000000000000000000000000000000000000000000000000000000000000000000000000000000000000000
00000000000000000000000000000000000000000000000000000000000000000000000000000000000000000000000000000000000000000000000000000000
00000000000000000000000000000000000000000000000000000000000000000000000000000000000000000000000000000000000000000000000000000000
00000000000000000000000000000000000000000000000000000000000000000000000000000000000000000000000000000000000000000000000000000000
00000000000000000000000000000000000000000000000000000000000000000000000000000000000000000000000000000000000000000000000000000000
00000000000000000000000000000000000000000000000000000000000000000000000000000000000000000000000000000000000000000000000000000000
00000000000000000000000000000000000000000000000000000000000000000000000000000000000000000000000000000000000000000000000000000000
00000000000000000000000000000000000000000000000000000000000000000000000000000000000000000000000000000000000000000000000000000000
00000000000000000000000000000000000000000000000000000000000000000000000000000000000000000000000000000000000000000000000000000000
00000000000000000000000000000000000000000000000000000000000000000000000000000000000000000000000000000000000000000000000000000000
00000000000000000000000000000000000000000000000000000000000000000000000000000000000000000000000000000000000000000000000000000000
0023018301fd010a014f00d4007801a3017100db005b01b9010c017e008d01af00a90149019900b2013301080129001201df0005003000cc00c200600065009c
00db001b012c00b7014d0104018b018700660167006301a400d1003b0194003b0044019b0178008c01ae004a0012015400e901c501c700dd0044008c00ac0055
00bf0057017600ba01440125017e011a000a01200167011c0186013200f30047006f00fc0143008e0186015501eb000b01b900d0006000fd004c00fb002e0194
00b901e1001d007c000201ed00f400b7005c003f01bc01a70127001e00520056006c01d6006a002601d700e201180063009e00bd01bb008c01a7002800fc01b9
01580197009600df01e700f50150004901fc019300cd005c0078003e018100f8019301e5003b012a017501bf0035000801d90177017a01f40052007b01590162
001d01bd01080005007600b301900151017900aa004f0166014700e800ea00c100f801ee015d014e007f005500e400aa005b00a5007a001a00c1008b01610099
0005000b00bf00ae015a014d000700bc0132004c006b01fd011b01d20170018501db007c01aa01cc018900420196017100ff0057018f0115004c002700ee00f0
013e010b00bd00b000c201ea00d10000008f006b00a8010b003b01920063001901bf00ad01c3009f01c60189016a018b00ea004d009400aa00600166001e00a6
010d01c1010a01250024006c0022013800da01bf016000830049015c00ab0188012d016a019000b700480146014500af00ac007f011f000001b601660185018d
01cf00fe014b018701b70002012f01a500ef0092018801eb00070073011c005500b30139000901f50155015600a4007e000f01a8001b003801c800dd012e0183
010701fc010c00fb018d016801cd00840016015a01360101016c00d000860048015000cc011a002200bb00a6016a01c100b300a701d40102011d0029008b0175
01ce01e600bb00b500b601740127009c01100033003501700085003f00730079008700cf01ae00f40006014f00da01f101b1017b0117004d01bf005e01af000f
01e800d101bb00e6015c009a01eb01b701f2004901d30083016b004700ea00970191013801a700a001c9000601c5017a01eb0090008a009f004a017c00d401a3
000a005c012e00ae01ea0037002601010047006901fd017e016e014b019c005f01d001b300f0016201b3011a0166002700b70175012501ba0131013f01c00010
003a002a012500cd01780142015c005f004e007f0143003f017b01ec00ff00a8010f01460182019801b7005f012a00bd00bf013100d6011a007600c5016b0095
0128018b01e6006b0096004601150072013c0155009301aa00d0005801a900c900a201f9017000f10180017200ca00480048013e019301150057013a0068016d
011301d7010901740134011901f6000800d000eb0045008c00d6005000bc00bf003e002f0051018900ac00710006000e000c00d8006d00bd010b000f00c30168
01f401c9010500fe011c0004001a004201c701bc00e4007201bd017701fd010b019a00400041007700e9005301cf01bb00f100bd011c01d30148002800eb011e
0140010800cd00e20103015f01ca00dd014400760133016801e200060149010901770172012601a200eb008b01510167006c017101c001e201c6008f0188002a
015c0057008f0022016d002c0079000501e7014301bd016000bb013e0153002b007e014c018201de00090120008e000501eb017601cb003f00d1006f019b01a9
008c01a9011900750032018701380162001500bd01ce00e100a200f90000008300ca019401f401520103001d0138004a01b70167011c00a501c001a501aa000f
001a008f004700d700550132011000ce0155002b01870020016301c6004c0011017f017e007c000400ac00940198007101d00022010200ad006d00fd006e010a
005301c5001d00f1009101710003011b0153006c011401e900a2007c019700aa0113018c002b0087012b005a018f017500a500ff00a701dd01fb01fa005b01a1
01d6005a01930091014401a201f901710135000b00b50127007500e8012401f8006401ed004d0156013a003c019f011c00bd01de01d600cd001700c401da0173
00f80018004f016d006e019a0013013300a301d401c000ac001401c401be01ee01f901fb009a01810127001b001a0047007800860126000e01fc000600ff01d9
0172003d00120154010f013a017c014901ab0132000e0180010b00ec0064014c00de007101a200d1017e010300d301100132014d0043013c014d008a011100e2
0122016601a801e101ac00f7002501f701a800a2017401c8002b015c019100ae01b901c7002600f8017501ea01d10055015a0197002c01f500c600a5009c01d2
018d016a009801ca0073012f00f200c4016e0075005c00750104003101e3008e01d9016601cd0047008400ff01c601a201b500f2011601e500a9017501200012
0131019e0199001800b200d3003100e901db006300540071011f016b00bb017c01eb015f01cf010b01f700ae011700ca017601e800c00005002101d101e5014f
005c01a8015f00920175004001e7000f007c01fd00470186012701770185007900fe01b900ee00ff012b008e0141003c009e00d5006901fc01e6006b01cb01ad
000a00a900b10033002f013a00f5000801cd01360080004700940075008401f001a4002d00b1001b008f015f01ed01a200d4010f015d00fc013a00ca01b101d3
00b400a90034005300e100b8001d0021014a016901200009007e01fa014800d901960045019401fa011101b600f1017d008b01af018d005901c4011801a70095
00dc0082004c0114000d00d7004600c601b1000101a10141000b00ab00a7012f009001dd007d010c003c00c9015401b400820083009f017500cd014a006001a4
00b8010b01ca006d0149001601e300be00620111015d001701c201e7002a018200d0006e004c011b01b700fb00a4000101dc01dd006c001000a7008f00f50074
00e4015e00cd001700bb01dc01c100d3005801ef0092000d01f801fd00bf003c016c005c01600063006d003e019800ad01b200d30106019800d4012e00d7005c
011e014e0181004f018001e6004f017e01bb010e009f018c01c4012f002000c3013701950005016100bd00aa01cf01cc011b003d0010015400ee01b301b4011f
00cb01be0020012d00fd011c017100100119008f01e300d2015900d6000901630161001100a701da016b0050008401ff01b10088012d00ab015601d3012b00cd
004e01a300ce0067009800500153008101d200da006600b4007901cf0164004c01de00610034008d006b00f6000100d5011501320197016001b600f301c001ed
016500d50042010e0183013201c3005300790013002a00ad00fd0166008c01ae01ee0024006001110160009400ff01cf01fa0090019c01dc00cd010c01f20173
00cf016a005f005800f901f6007501750012016f006c010e010f0109005e012d01c10151002f00c400d2017b00d60174019900de011901b701e901ed00650119
00180065010b01e201c8007a01b900b101a10050009d016301240015011e00ca0096011e00ae01de01270029012a008800c9008c00fb008b00e4010701d0015c
002301c3015c008d015801f3002b0050007300c7001d01c801c301bb0176008601f6007b010f00170079016900b0002000e9017201320006004a00d0013c003e
01e50130014101b9011f01b9016b007e00920112009b0165016c01c200ab00050037012e0074007c0013017e01fe019700ae0124015a00750042010f01870189
008501a501790055013e00e1008200f101580137001a00c1012200b4019e00ea00fd01b2013c01c0009d0141004d01e901d900ce01f600fd017701a1001b002d
000b01c80173007f004501bc019600dd018d019e01c2000a015f01f500ce002f00650017012400cd000e01dc003300da00670053009201c601c6017e00db00eb
012201ff01a700fd013f0183009c001501b900f7007e017c0032001901e300dc011801e30094019e011a0125017801780162018200650192014a010800e6013c
00a5016f0066006b00cb007701c10175018b018a01d400b500340005014401a900df0173017e00de011c001e0025006d01e6019f01a10085001a004c0127017e
014100aa01db01f500d601aa00e101b7011e0105003f01d5007c0122016900e2008a00fc016601b2008f00ed001401650084009c01a4014d012801d801ce018b
01e8002c00c601df0084003001dc007a000e01c3016200bd014600f6007b01ba01a001b1001a005d00310103009f01e401b90045017c011901d0014101b901e5
00fe0160013f0087006901ca00c101360076002e00f101a3007f01ab017a00b20012006e017f01fd019401cc0160004901e6001600ca01a0011300cd011a01b6
01d6002d0053013e01b201bc003b017701a30161010d0145017c01870144007b00fb01590073008b009800e2006a018e019f01ef00da013b00de017e00ac0069
009d00650074015b00b2010e0158013e01bd016000b7000b00d301d9016c00a701e901d3008600cb0065000d01f700da019b01e4017b0069006b00ea013b012d
00f000d40050000c01c9007e01c601d2005501c40084013901c901a3012101d000ff01ac01a2015800f000e9015600d500a8017c0126019000b4006401fd004e
016a019a003f01cd013e0078016400ac00a5017300c5005900f000a401830113003001fb0165018f0122015900fb0065008300cc0079009a01fd01d601d801b7
008d013a001501e20061016000af013e012c01d501b2014c0007001701a300e0001d00d000600180018100c100b700ad004f018400d1014e0142007d004000df
019400d4018000d1004200c7008e0065004200eb009e0152019c01190125012d013501c001ca016500c901e9002b017001410175010a01d9001501410192000e
008601e400bd008601c8009c009501e8016201bb0199002a00e801410016019801610048000801a701860138008a011a01a501dc013f00a10138011201740095
010c01e501be01bc00bb01c30119019200da019901c800a9009000fc0028002a00bf007901d300c801b500ca00ae014b007b00f8008d011101aa006501e10040
01110111017001a001e1018e0039016400a901c000ff00a80093014b00860095005e00fe01e00167003301aa0025010d0077008200f7002d008c017d00e000f0
0032010101ad0088013d012900f9010800c9014c0188000b005d003400d500c9008200250031015701b0006200c30192006c008e013c0109008b01b1005a016d
01a80074014d0121012d01f70044015600b100b9011e015500a8015801d700c1013d008700730120016e01ae01690003006e006f009f016e002e017b012b01e6
00a100ac00d8004a019d00a80046013b01b3000100410082016b00d1015500680186003d00b70059015501e700d001b70166009200e901100155010801c701fb
018901d40170017e00070045011800a0003d00c000b50140000e006800d000c6015501e8003001a20014006b018000af01a501aa0065015f004001c700600029
0074009800fc009601f700da00ec01b00189011100700178013901a901790182006900f2003c01d000680122014a010300780025004e011700c701e900c50190
00ea00ab00610105000e0135005600e0010400f3001c00ba007b01b60043017900460015005b006900a9001b010c014601d7010700d2000e00e00185011b01ca
008f0060018100250028004b0119002f004d01c2010b014100b5006d0065006b014300640078003200db0116000100de018701ba00110073010e015701fb016d
017b01d1016e0022014101c10177017301740118001a016101530110019000b8015e00ee01c4015c016301cd01960122002d01df019a017b0010013101c900c2
000c00e701fb003f0008006d0139019f01bf013600aa00ce0194006e0099007e008f001f012d011c007e014300b9019800000180010a005c0053016b00f80153
01ff01320081012f009f00b8018800dd00c201a3008901b9011600e901d40068014e0195016c000601c001c9009201a800d9001a018301830146014f01cc0063
0192002c002f010401c3018301450161014e0194013a0060013c004e000c0089013701ce001f01a50165007100de010101f101aa01f8015c01f9018d00cb000f
00a100a700e901e001dd0040003f014d01010031003300f501ae01ad001b00ae01a001d4003b00d8002400db00d401ab00840188000601e70169008a0114006d
00d6012b01cd0120015f000a0174015c018c00ef0069010301c4013401f200b3008f018b0129012a00de011800cd009300e001b800d30106017f019601ec00a1
006701e501b900ae0085016401f90035017801ac00fd0153003f019001950196004d00d201780031007200ac010e0182006d01de007c009e01e1016a009d00a3
0196005c011701f4002800bc005001b201f00118007c012d01d8013d00a1016d01a4011f013d01fc009900ea003d002100bc014700b701bf001401eb00cd016c
00e700d9004c00aa0137011b0008006f010801e801670136005601ae008f004600eb00be015e003a002b011f0138002101fb018801fb009d0025014701520068
00b301ce018e01b801ef01fd005f01a0017601c70017010500cf004d00fd0006017001a000f40145019a0134011400a2017401a401ed008d00bf004b00980162
00e3005d00c3010e006900e600c900fd00b7013c017d00ea017500a400e200f10166010c00120146011001c50053018f010600c400f300f8008d00d301ef0135
004901cf00780001015801e3011e0007012501570052001e000300440121016f0153000000d90049014e0096008201470074006a0190018001a8017401270161
011001d6015a011a017f01b200ee014e011c008901a200cc001f017f00fe00da009e001d0061000c016f012e00060005014701ab011601910189016c00ae0094
01990075012f00dd014d00f400eb01100069001100340003002500c9002501e701ab00e40128017e00d300ed01cf01cc01dc01e0013401c10149014f000b00d1
00e60092005101bf002b017c019800c0002a00db01e100d3018b006e00ba00420078014801fd0098008900b9003c009f01880014000c00ea0140017100be007d
0194004900b8008501df012900f0013f01bf01a9003301e501e10048000701f4016e001d00ca007700d8005600bd01de01440042012f01e401d800cc006b01bf
009901f30017011e00ef0055007a01f401b9005500310006007e017801dd00190037014f019701100168008c013700d201a7004200440043003f00020107007b
019b000601ba014901b500830046002d012700cb01810085002b0061019901b50187013a002100ae01d8007f00d0008601de019c015000e400f201ea0065018d
00e501bd0170006501d301bb000e016201070080015a00cf009101ea01630114009e00b801f3005000af017701a401c7004401e7014a012d01cb01cf012001e5
006d01cd006f006e014901c800e10067002f001900ee005f01e501f40132012d01d100c800fc007701310007017d00ec01550185011b00d900b6007100270028
01df01a300dc0164012c014000c000440136016e00fd014d0053019701a600ef01a5007b009f01cb001500e700b90108000a015301d8000e017f003e00130071
0171016f006f01390003017400e8004600f4017a00ae01600082004b00d5014d01bc0028012d0051004f012500a600d201da008001b0000101de01a401de01f5
016b00ca0139016300f600e7001700cd00eb013801eb011c01d90163001b01cb013b00810169017a012300a80077018c002f0050013e006d007601e001fa003d
01200051008b001301bd011a00f8004f0010001b001901a601540195011900d000c5010201330060002300910069009f008b017800ef008a013801f6016d00d8
00d4012a00050187002201ad011400a801e701b501480178006001a201f90083004c0181004d005d01d80066014d00b300cc01f600c4001e00dd016f0112009b
00ea0106005b006b008500c801d400f901510146004101bb0196013a0043013a0013017a00ef0117014f013a00af015500af00b300e401b000ee01340128000c
014f01d601ba004501f000ee004701df004a0189003700e101290021019e014401b500d9018c001000e5009b002a012e018d018a009c0116019f01d90151004f
01ec00db0086001f018701a301e0006800ed0075017c0198017201fb01280081014c0174009a0068015701de011101cf001c002f004e01d701140159002700c5
0165006d013300210090014200c600d500fc009c018200e2000601f6004f01c700f100f5006a004b0148009300e50121009a001c013101ab004a00a9001d0046
00c801c900e101a8010a0160005601a3016e00a6005601190070014a00a1010501ed00a0012800f90176001c0053005d014f01e600380141015b018801f20024
00d70169003d019c001401ec013c00f301bf00c30087015201ca00f1015001a7006701fa008b007d006d0062014600aa00090005016801f000d300ea01420001
017e015500ea006f00e3009f01e201b60140003301b600c9013001c500f2002101810036006f018c01b50101003700510021011f0125008100f6011b015600e9
00be005f00de006601d600ca01e10077010e016500680144013b0178008b00fe000d016b00e60038019900f4017000f1010301340174006001a8015901450099
003001e60189016901d0015b0067011b00b2003a001800ac01b500a8015c00f7016700f2005c010101eb01f3018b01a200f700f3014a001d001f00dc01f2005c
019201c900060157003a00d201b50136005c019d01450023002f002c00be00b200760120010c0048019a00d301090102017f01b20030012b01e500f4010c0079
008301ea00fb009e0055010700c200e700f201d201800040018f01f200a601f301260012009300c500b000ad005f00e901f900f1003f00d401e500c501e201ee
015301d2011901d8011c01d10058012200bf006a0185013201a000f100a6012b005900fb01ac009a00e901f100b701860195018601cc012d010a01a700fa0169
017601b1008d0010013500390180000d01f4002f01b5008601a101760177004801da014e005700ed009a000701ef01ff007701830018013901ae01fd00ac016e
004f0185005801e700d3010100f5003a0063015d00280081017000430063015000270052015901ab009401e2006300c1019c011501d601b80184015500b30135
002d01b0012001b401a601c40080011d01ef00c70048019900ac004e00f80173016800f000d90175003c004a00e201cf0061000e00f3001c0183014c013b010f
00fd009f0187002200c7000a01a000d801710029002b014600550049000b019501d30182005f0094010301bc0087000301cb004b00fe00b401f30024007a0106
016d0016007f01820012015e017e01a100c101f70091007f007b016a0010019c01e900560175007e002600f8012d01eb009700c401ba012e01a0014900dd01f9
015a010800fe002e00bf01e800ab00f201d901e001cc018101680192012a004f009201b200b800200181003201810040009901cc013a01db0198018000d4006e
0113005c0167003f00ef012500b7010a00d801c001d0013f006000ff0033000801c5009501250056009001b701a9010d000501d3015c01c00019001e011500ee
006f00db01fa00c201800112004e00780011015e00f60078014400e0003000fe0014008a003300c7007e0021014f01dc01ac011c0069014b01af007001fb0146
004c001301a401f6002d004e01fc01c1004c01ff0190012200ce007001b2008c01d9016700fe005f002801c201b7006a006e01260015019601e70042008e0069
0191006f0139002b0066016700fa019c00de00d5014401d4000b0156011601c7012001f800ed01c4018401c801b2015701ba00e500ee004e012800b9008f0110
006f002e019301a6014201cf00a6002400c600d60068003400bb0144014001fb00b3014b01e8009b01ad00a600fe01b6010801e20106001700fc003301eb00b3
01e500b6007f0102005f016a01dd009000b100ad006101a2009b01c300ee002d015201ff00b000be015b013401d4011f004e003b012a01d1002a0058004800f2
00450031015b009c018d0169008601d20059011400e800b5012a00b6018e00ab01fd004f01f9000e015401f6007101e4011f00b801f80009004201c40052002c
01760103018f00630070001601de0159015f01d7005e00700040016800cd00680066019a006b01d001fa01a500e50133019001f4006a01ad006e005e00510026
0183013a01e100db01e301ef01f8007800fa01370185013300bd01260141016001370009008e019b00280181010c016f01250117009f013d011e013400600047
012700560054015d01f3018400aa01b6013f01de008e01e600a8007b005101c50149004a0031014200a401b50163000a001d010301d700ee00db01d40165008d
00ab01b801e50051015e01f00070008b0086011100d100de012c00e8001d016f003101630031010e01640094013000ad01bd012701c80159017c00df001301f4
01f200eb01c800b6014401fc01a6006101490193017400d801e0019d0132016e004d0143011b01dd00750087018401190115015301b9008201a1016501cb0011
008500d2000c0185004900d7015400f700ae014c003100c700fa00a3002101db0070015601ec0186009301da0098005601c9001f0126011500c500e800490093
005201d6014f011201bd01e6014500ba016d005e00ca0070018a00ff0126012d000301cf019a01f0002501e30198007301ed01f701e601d701ab00e9017f0128
01a60034018101a601c701b700b8019e01f001d6001d016100d4004f01f8012b005b0166013901b200e4004e005c0084016e01f201f8007b01e4000d014d0083
016501ce016f0170010700550034019c0017006b00fe0077019200f901d901960166004901bc00a201a600ac018a00c80013011c012b01d2009a0163012b01d7
00f401be0049017700a301f300730080001c004200bf0146011501cf008d01f6009b0084003f017401e701b1012501fe00950022017c01b200d9008a008601df
00cc019d01fc0098007b016501c20073006500b9015701aa018f016b016301a7013c00d300e900d100b2019f01e501380130013f0182014f0106003800f10164
002000570082012e001e00810143000d01c200be0153003b00770064018200b401ad003e0134003c0115014d00db01ea010f003500fb011d00a70154018c007e
01f50146009c01d5003d013d01310148001c00b00062010200cf00a800a601eb00910053008f00dc00a500310013018401c2018c01d701bf0071017c01b900c0
01cf0060011b015f01150160015000d9007e001b00ac0066011d005700fb00ac006500d8004800f80038011f00250120003600b3011f00b701d0007d000e013e
002601b601a801fe018400020066012c01fa00b901e200a701e00126004d00950153001f000000ab00e900ae01bf01ab0052014f008801550108005c01d0000a
01d8009101d500460003019b00fc00c600c700e90011017201f3017d001e00fd01c600e50162015000790196000b0159007201cc01b801b00177000b004700cd
006b002901a901a30114005900d900100113013d01a6009d017c013200f3003f0123015e00d1001f00950157010b00f100e200b700f10029006e019e006801bf
00c1018201300083003a00c00187016e000d010f007700d701e501ab00b30023016f01a001a3016301440106003600e00160006300cc010c00c6015a00f301b9
0084002b01fb0015007101540181016c0076016601ce00380002016801c00096005700fd0159017f015400cc019901fb00ee015c01e6006e00ed0037013e00b0
015501ce015b009501e6017d0033019d015e011100d500eb011b01eb0051004000c30064019901260029007900f100ea0118011e002801c5016f01b60089017a
00cf01cd01c1013e0026011901f701ed009b002900e7015101cb00cd00ca00ca004901dd00f4000f007701c500970077004900bf00b501590164000a01220071
00a7012000f7012a0043004b002b01030022003a0175003a008d00d401d2012a000e0118018000bc0083004d0035017c00e7002700ed0085018e00de012d010f
00340168013201e30151000501cf010601e4000401f200bf0142001c010f01a301c6018200a70180011c00e200bf0188005e00ab015600880190000400cd016e
01bc018300bf00d3015a017a009700c801810028019a005701aa0181008400ad007000e20162013b0055005a016c01c801750104007e008e0117014d01fc007f
01dd01e901a5006901fb014901b9012501a801da012e01a1002500110147018e006f00c000110022008f007600c401690145002901e6005a00f6012701230198
005400ad001a01720075010d0151013800e400fc00a2019d01ba007a00c30088008301cc013e00d700fe01810118010d01cb00af00bf00bd010f013801b50178
01b701f900bd011501e901d101f200c2014c00aa00e001f700a8008201b500fa00dc004500cd00c700a4019e00a30019007d01b0010a01b7017000e9000301c1
0146009201910083014300bb00e100450133019d002a0125004000f501ed016e0058019b009100b4000e0181010700360029019000de0059015001cf015b005e
01f901e700bc01960101008e01d200390018001701770045004e00cf000b017e018500fe0167009f0198019b005500cc012e01d701780104006c0071000a00ef
01d1006e014100f4007500fa01f20057019e01ed014e01f2007000d9008b01f500060040014a00b7008f0121010c0037006a018b007b01670006006b003d018d
001e00ae01af00d000ed008201490169006d019c005700cd00b900ad013501f40116010c01a601e000a4012a00c90187019d01e3004e0179015201e401ec000e
00190142019d01eb007401a2010201c00187019d00a900f80033018501eb01d9017e01db003401eb012701dd0020005901d2006101380177005500ad0069006c
007f0021016000b2002200d000f20061002a00a9011400a800a400a700be014301b90030015e00c300ea00f300c301e500fd01fb000f01fb003b00c50014004f
01c4019f01b800f20199016a015a014e01f601ab013c014100a5014e01bc012c013e011f016201cb01c801e90135001b006d018f005a010a002c01f3019f01ca
01c6019900d2009e0004001d00980152001d006801f900c80157003601c10039007a01fd0132005a01e3016800e9013b0055002c01d901ba0137007d019801fb
006700ef01800056011801900035001c00bb004a017a010101c8009d01a00015003300b700a401df01f2008f005f009c01ac0140009301b000ce01b20178009f
003c01c3016f0135008e006600280048014001d7019800d500e201d301e5010d008f00c300bd0026007c01fc012f007c016700e5001a0012012100dc006f00a4
00a2007e01c2004900cb014400b1003d00a2005d011101c5017300c60044005a003e00180171004d006d0102015800fa00b3002301a500f5013c001701d60033
01d40010008901b0010e004300bd00f900e800d201d0008400c200e500d601d3017500560012017701cf01420075013c0058007400e701de011800fb014f0053
016a00360065014500b6015900d80127009801b9005501d900e9016f003a00e2016f002d00aa00a90123012f01fa013001100168004101ec009b01d100340012
01ba01d60032015b019e00b500ba015d008e00dc012f014d01a0014d00ee0160011b007c01d401120067012b0005008400e2010f00b500a50180018e00e70182
0193001b00cf007c016d002e014b00d8008100850039006100ff0012011100d7004600a2002601ab012e00a8009e01bd00ca00fa01a8009c016200ee00a9018d
00c800410168018b00ec007c00fc01a901650010014f01c200d8017a00ca009f007d016b003701a701b701e101b6009901200105017f003f00ae011c013101da
01b80049017d00f901e201f9019a008d014c00b000b9000501d300bc003d01f601dd005101e700cc01a800e7016f015800110002003f0115019d007700870185
00b900600068005400a201b101d0004601e2019c0017005601db00ff01f1001d00a90178006c00df00d10003008c0156001a01790190003800e401f4010901cf
00a501ff011800f3010d00050110012d005d016800fd0087011201ff0159017901ac0139004e006d01960119013b01e50093012b01a1018c01f101ce0055018a
001800ea00f4001a011000df012801fa015f0009004400840033005e013100ed00230109001801f901d40127009701da00d30194010b012000fc0094000d0115
01300141011001da01e300d1008501ef00890117011f00dd01a00002010b004301c7007d004f00a60094018101f30196017401d400550130015b00a601f60151
010301e2001600e000f6013f005d011b01e001c000ed00a801e500f50024000b004e0171003201fb01ce01fc018600ff017d01d901180150019000dd0148000c
014f01a1007b00ff01f101fc003e00ad0080013901190055000500a601fe0157010d00f101b900bd0178015c00a301f101e80045018a00b1014000cc019a0176
01b801b500e301e101dd001a015401ab00bd00540083012c0116019a002700fe005a01b1012b01d900d700440113019e01220167008d00cb015201f801a90111
00200076009a0090000b00f2001b002a00a0015601d301cf004f012001bd00c30115018a0140015c00e400ad00310040015501fc003001d400d301b001e90127
00e101fb0077014a0054000d005501ef007b005f004801120070015700e201d701fe015b011a00570097015501060049003c002d00d10018019f010c002f003b
01760040017f01b301f500a600e601a001be0001003200020083006701e000eb00f400e7001400d5008f00a800ec012f006100d30124014700c6015200b8010f
00e90111002d01f7010301dc01cb01f9015401c1014601e000ae004400dd00c4019a01730059019e003801800095007101ab0151019d00cb01dc01ac00240117
00a300b1011e0110019d017d00f50003004d003301890058007f0089001a011400fc01c300d601350085010c007e00810088010600d4000c00900051011401ba
006901cc01e30007006c01ba01c2011b012e010a018601530172010a0192014201390181018a00ce004900fb019f014a018100e30051000801d80009006f0059
014500f401d601de0093005b01ce0040010b0055009c008301f0011201e0018300b700080086001c0146007700c3003c00a301aa008b012700b201bb01830044
00320116012b000b01ef0131016000b6001a00ca0129007300650013002a004c003701ec00a4006a01b600c2017501f3018d018300bb000c01d100b801e20158
01290147014300b0005c0102000a0058018d00f9012100c8006001b900180122008c00e601bd006600cd01f3005b016300f10032014e0124018f002e00e301c8
01d301240066004000f2005c0129010500f001eb019a004f017e019401ef01c201e3002e00fe016b01fa014c009101490122008f00c001330081001a018800f6
00f201cc010700ec018201d301380069011901b600ee01950004019c00c9007a00e3012f017e0131003c01b2005201be018d00d401450087000800b5007d00af
001b00ef001b016d007d00c20104016a005d014600e600710031000d01f90043012d007f00c200ad018b0080002c00540195014c003b00bd004e00f500830177
00de010d008d0108009401dc00d900c60140018e012b0115019600a80000019601bd01cb0052014701f5017601dc01390089011000460104019401e501900105
005a018b01e60042009b01cd015e01d80092013e01a700e200c7003301700039001d000900ee01aa00c1010400d2002b00bc006700dc004f011f0101006701ff
01a1003d001a00f801bb004a0006009700b6017400c6016c009800cb0065004d01b0005300230129005c01520006014000e50155002d00fa01ca011b00fb012d
015c01190005011900c6018000d000bd015300b800060179016700ce016300ad00ba0163008a01e0018601c600e20093007600f400890137006201d600020064
001601f1004d01ef0082008f00d501f90188010e005e000f01b400370093019001f401a4009b01a900d500d700380158011000c400ed0102004b001201680125
01dd01f001a000f200f401750059012901e30152002d011900bd0020016201e100f300bb00ac0137017c01b300c200b700b000b200d601fd009001b20035012d
00ac014901a0019400ba006c01d10133016200f200c401020130019d011601190170012e003d001200b600cf0046014f014301bf01c5000d0002013d01770047
018b002101ca0131007701d301f900ac014a00330176006b0017018800c900c60119000300e90155004d01bd010a002f00ab0190017b016a0199008f01ca0052
00f001b2011e0031005a00520064002d008401f000f8013300c40062005b017c01aa01f9000501bf0053007900ed00f9019500e0002401e401f101ef00bc00c5
006a00e90164001d007f000400c501ad0137015201390155010d004c01e200e50117014501bf00b900a2003f015301b90020005b019501f2018a006300930084
0013012000cf010c01ee013b00bd01c600b4003501880046010400cf01ee003a01c5019b00ed00c2011b01040067001c0076018f006b011401f6009c00ed004d
00a6014001d30086010b00040165015a018d00800057011500aa0173018d00060026015f001a00a9007000890172015501850077019a0051017f01af00e80051
003501ed01f40034009a01a2019301e800a4014a015c013a01c601ff01df006900f4019c008001c70099016001a201e300cb01a100c60030019a0103012800f0
01e80035001200b2001d01450052018a002d01410126014701300108006d008f01f3007401fa0094001c00ea0006018b002401f200480006001801c000dd003a
005b009400c501af009c00290178016000ac01c8004c017c0159019300f901ab01c901ee01c2014c014801d401dc017a00e500f900f5001000b3007901a3017d
00920121015300af00c9005001ae007301ab0059005e019601a20021011a0035006101ec010200990178016b002b012f016a007101f100d9003200220158001f
014e000100f2003c01e2009c01cd00c500830166012000ae01a900dc01be014a0158005b001c01e801f600ad00f8018601560180019600eb018e00b9013c01b9
00df0146008a018d011900b40155009e0066016801b600f101f300ee00d9011a009d007f010b01ec0118004000b0011701330129017200a9019001ae00ab00a8
00010060011901d000bc01100045018e009e01dd005300af007d001600ab01fa011a006b0075018b01db00c1002b00fe01a5018400e601fb00ce01e8004f00cf
0184010a019801e3001c004200b2008501bb018d006301ff01ea001001ec006a004b0083012d019a01ce011f0104008e0135017f00c20003003d00580139010c
00b201a10072000100d201230183004f00b201ea011f006e00b7000f00a80010011200e001ef011e018900a600f9004c00aa01d4010801ba0135010101160010
000a01a4011c01140128010b01ef01e90156012b018600f5018800ab017e008f005e004a00e9004200360014014f008301410078003f00f90016016000f90057
0020007a0084019300ae015001f90102003f01c4018e017700aa01bc01a901fb00af00f801bb019301d5012700fb0144004b00a80154010a011f01c80041016c
0029011f007300d00024016301ca0027019701d60047011c000e0078005c0045010300d9003a01700182006f013801a3013c018a01eb01790123016501f90041
00e2012700f600d4016200ca00fb016e00c901f0015700d70154005500a4014400f4016700060150000f000f00140172011801f10058007d017301e20004009a
01fc004201010083015d019c001e011c002a0010005900520015006600b8014c0106001201970127011c002d000701cc015300c9011101a3007c001500460006
010b00b200ee005001af01930096019701f2003b0103003601fb009e014e00e901e101f90029000e00b2009c01d1016100b1015600ce00b8000c008301bc01e4
012200a2005b017c01a200670017001901590170010b01e601ce00fb0075006e014b00160167017600c3000400a4003b0012006d00d600d901ab017600d401d9
00f7001a01c500ca00d5015f00bf0117017a00ff00e4019a01560152005100ab017a00c3012901be0141006701e2006d00b30124000e015501ec0184016200e0
009d00e201ec00f400a400aa00d501b5013f0128010400db0010012601fc000c010600dc006e004601ea00f8012400ac00460056010a010600a701ad00700095
00a60144001f01f2003c01bb0018018f00860031008001ef01f90095003e01bd0019019f016401eb01db018e019c0022016900bd013001330108011701cd0105
0158004101ca01c9011a0148011a010f01bc01ff00200124008b00cf019e00ef01c6008a0135002601c30067016101a3015a00a9005700ed00aa010800100015
0052006c005e01b9014700c501ef00ab01f7007b0002011801ab0094018d014e01a40179001e003b01df0037017901f600ec0077002200f00059007a00eb01f6
0070000b012c01cb01a301a50188007600d400220002013800510000004f0150017f000501c7014001c4018401a4013900b3011a00e401a8002b00b7007c016c
00120012019801f3005d01930188005201df00b000900179000d01c500b501200160016b0039009f009101970062003c01ca01fa019b0089016d015e011b0078
00c700df01ff008e00a200bf00370050012a00ce0167018500fe006800ac010401c300a900ee008400d201a30187010301b501e90153011900200176008401b3
01d4013f009901de00e600a90175015000c600ac01a100af016700e0004c007901880092004100550037017900a400cd01c001fe006b018400370043018700fc
009d00ac005f010701bd015b011f010d019900bc006a011400b9019b01c001b8003a01d9018700c601850008002800c800dd014a007a01d30129010e017201c8
00a60070013d0150018b004600b801eb01ea00de0067018f0179002301a80174000601dc0055018400e0008c00230143015a006800b201aa008c00d7003000b0
01e6012c00ab0089018f00d401990129004c009d001f00f8007d007b007b00a601610170015d01af006d00b5009f00e401d00164005a0107007d01fb010c01ee
006d0172003a013900c301700164009c01eb010c019e00e901d100f4003200d30124008d019c0089012701dd00ab00af001201c000dd00c601fa00a401cc0092
01b7010a01d0009301ba0143002b00af01ee003301fb013f0144009a016e008a014b01ce005a013c01e600a100d401ca00be01fc001b00de008d00b0009401aa
019e0186000d01e7012901ed0196018f00ad01bb019601fc005200d90156011100d70189010500f8005b00ab002f011a016c003c0108000a0193000c01760045
0193016c013200b8009a005500c101d4012b016c005c00b500a4009001b5013f0137012d008a00fa01e00140015f00ff01b70135008201c90097010f01210182
017c0039004501b9005d009a001300640021005801e600ee002601f000d6015c01510193011200a6019600840015002f01db01c8001500f600a000f701d001f4
006b00cc016d00e5018f00d8010500a4010e006f01d1015c019600fc00e5011f0148014300da01de0147003d01b9002800d400df01e60128019b01b601110191
000f00ba00dc00a9009d010b00ce01dd016101db00ef0116008d0042015301c501d60116006f00d5014e010100f3017d007c0130000e01b80080019b005c012f
00520124001e002e001400b601ef01af00eb01e9019100f1007701ba0107019e0124004400a60076001d01930145013d003100870045006600b80004006600e5
007601d001360123008501ae004f016d01b101d800cf012900a1014b01460180006200c401090161009d0181018b0078001901f2002d01bc0029016701f401ca
002c00f70159013001aa005800a701360144007b01e201dd0127014400da014701ec01c50053000a0147001a0153002f015a0027006e008a01ac016001d70187
00e2005b01ec000b0174018c01e7010d014b001601f00128010c012a00ea0139003400ed00eb004c0165015901bf004e000b004e008800e400ce0163010d0052
00f0002e00b001d2019700d201f600620013003c0074002c01c601820106016b01ca009f01bf0018001c01a7008f006f01f1012e01a3015701a201c8019f0010
0026015a002501e10000012a009e00e800530020017c015500a901b6005001f601a101c20197017d00730043013e008e010b01dd00d400040063003d000a00e9
016100b200870139012a00aa001e0192015800f401e00114004900f501af01aa007f0176002300210111009b00510099009b00b30159006d004200bb01ca0129
001301b701370097011f01c900e5003c0065016c01f300660107017001f9018e014c01c601870016011e01960181007301b50024002b013001b701d000390029
010f01e9013c01b40123013b005a0000006d01e6018501ee00f401d700880133013b015200fe005b0185008701e101fe01f200ea00f5004701f001ea012b00f1
018201a500b30006003e01b20167002501f501b1015e00eb00ae00d1017600cd0014017801c200ef009101d801d5004c011101c300e40157005900fc017e01dd
00c801310076009f01470021018b015a0059001800b800cd00fe019600e9001100a200b000d3001600060051013b01ff00e6003901c9014300a5018e0178001f
014201e900ae01f5018301990174007701cc019d013800680037016d00e90182007201cf018c019301d5017f002a00b900c3005600c901ee00d801a8011f0198
012000d4009d01e600bb01a7004f01ec01a1019a01a4004b00dc013d00ff015401f601d6012901e8012100c9001e00f501a1015e0040016301d800de014f018c
01880112008b01aa000c003f00ff013201e201420105006f0077017600d300bc00dc006e01e80175001501f8019a009e01f701a5000800730060009d0153001c
010c00b000df008d015f01c4007800f301ec00dd01df01280092009700160116001701ff009b0063009201a2008f008501d2009f0156009201840116004801bb
0174006800f90051018f0133007600ab01bf018f0098016600f200b5003f019d018801c70042000a003701a2002300a100aa01dc008801dc00ec01f700230170
01380182008301ee00c500cf01e3010a0085014d00b900d5018f01f201f101720115011d01d000c200c20029017101ed003f00840160015300c400dc00bc005e
01c500030085012b01c9010301ed016a014d00af019600d001f8017900cb0012011e008a006001c800480138007e01a3004b01f5012d00ed00ef010400c101f3
01c5013e016101aa0082017b006701cd0178001b012300970177006a00f7019f0025011301e9014d0061018301a501b001a4005501af0191002400c501f201b0
00c4005100e3005301f7010d01a1003b019e0170002801550173002500080188015c001101f800d301f4000e016f018000f10004006a006401d4007401db016b
00e6006f006201c30147013500d100b6015e01de00b601f2000a01c101a0012700a9015101f9010201e701dd01b701c00114010b01b1015700fb01250057005b
00bb000f007a016401120102014f01a100e401250080010900ad009b011701c2018a00d80029007801e001950133017b017c0065008901f5005f00eb00370026
0102007b00b500d9017301b201aa019c0187007201f301c1006701520011010e011701d300e50184014301e60189008f0106002300b2007b01c100f8017200f3
008301d30079005901c101ad01b301b400f800b10063017a01eb016500c200cc01d700cd00a400a400c5004f008c002a01e301ad00f601d800bb015b014101b7
004201c7018c016600f8002501e900a70122012501650147017b0195000100b10086010a019601f2014d00c60142015301d4013501d00182016e00ce012c003e
01aa006301be01660000010c019d00b901d10188017c00d9010800b900a3001c012d002f00250001008600ac007c0002008b015901730151001901b101ed010b
01db00bd016701bf0089006601530074015601c7007700a2010b0095009701fe00f4018101a400e1015c0058012c00fe011000c401de00bc012500c0018701b7
0014016201a1004d019d01e9009e01f501cd013601bd012d00ff01e5009a010b01d801db005900cb019b01eb0007000c01c301d1006d01c8007a004b0028019e
00f401c9000500e400fe007001b6007d00cc016c01a9005600730094013a00f901e201ae014201b900b201f901e3018e00fe019101970074013901e601be0054
0142015401aa011701650071017f000000ae0043015700f0019c000e0085013201ef00ef0042004f00c5010501ac013a01be00bf00940003019f01e301da0193
007e0166017501d00132012c0158004f000100a30084019d001c01ae00ad01e101a600d30102011801e9005801d5012101fc0124014f006b01ee016000bf0039
011901f301d900d101d3012101dd011101c00169004d008901300017009e00b7008e000300f0013f0103016f005d019200b300b6016b00430182015601ec0039
00ec0163003201940074007a00c3014f000400110010004d01da010e00a201100146004101b701110034015300d4002f005e00970119011e00b900a001390037
005500040179009d00870166006b00930146002901c40062008c007a009d016d016201e90098006401fc00a1007d01290015005401dc01b601a9008e008e0085
0144000801b901db01bc019f0135017701df011701730171016401e501a100ff00ee01e50021002b001101f1009c019e019b006f003901b3005101a3002e00e1
011b01b100cb01cc0043015900ca00cf018c015401970154016c01bf019c017601d100e2008400960004016b0085008e006201fe012c019e01e7017501b701f4
018601d000e700f6011b007400ed007701c9019701ae01430179015101dc00cd001d002d005f0190013301da00c8014901ec0082018c00c601130051009e0021
014a019b00de01710037009401bb0161007401d201030094001c016800a800fc007801a00084001b0032014700dc00520054011900710114001a00f4011300ed
008100bd00e6003b00160169005b01ab006f00e500cf01a00004004b00de00b601d801990014009501a001e300610152019201a4011400c200bd007200e90102
0098003c00a20115007a00c0019400f6014001e801fc014a0062011d0033018b00ad0061015b00bf01cc01ce01f901b9004101110131014400b30172010d0029
004300af00b2018500bb01e901d1018001e7005500ee01bb014801bf012c009b00f4014500100096003400c100ae0152007800920083009400f30104019d014c
014f011e0099017100a00004015c00700164010400b100bb01e5015d0031019a00f300460028004b0018012d008501a8004f0020013500ef00bd01ea01ae01cd
00b800d700cf018a012701ac000801b2008c001b0000015a01160067016801740199009a013e0111005001400163001c012d01c20025019e0004011d01c00116
006901a40097012901e5017801d900a601fd01d3010400180191014500b301ac0070007100ac00fb012101d401640138001e001801e90003017300f901490029
01e50013011901ab01cb011e00fb01ec01b40049010b00c1008d005001a601d2018501d100dd009a000a013a0093014d01b400cd01db005101db01a2005e00f4
017a01c8007a015a00ee00f600b3017501f500bf007000560158003600a0017c00c5004300bd018301e601bb015d01b6017c00d4008600dd016b012d016f015a
002501c00155006c006100b2015201a700050135015e007e0034015500fa00af011200c8011e0010018a01ed005f01a800ed016a01ef0105002001840115015a
0060007700ac009801130142007f0016018f001801eb014700f601d4008e014101b100d00068003500b6007d010100a800e1008e01e1008200e5019e003d0149
003401af01e600ed00a8005b002a01ca012201600033010a0145006c003c0113015c01f5001800ec00ec002d0087009601b7000d01b301c301e301d000960181
0112009f010300240141008f015b01f8006001af018900fa005601130015014700a6000a00440197017c01ed0186013b01cd00a2009d01d0001c00110002008b
00fe00cc000e002a009d01b300510083004c017e00af00fb010b01290084011e01070043017201e6010b01c3003201e801ee017801c201fb007100a401e80036
002f006c011300a50009014600db011a01f1015400c2001901e001c60165017c015400e001a5019a00c6003f00e501f2001501890104015f017100ba00bc01dd
012a0188006400f000060195012d013a0152012300da0082008101b401ae010e00ea00c00177017f0126001b01df00ca00c8010200c6010c00a0006900bf0014
01c0008b01d900f201540183016f002a015300a101f8004801ac0122004f01bf01a1003c007f001d013000220155001201f201a5001d006e00af01d600270082
01a40046008d010f01e401d8007d01ba0149002701970197001700670002012001bf00e7012101a6009f01d50170005201bf00a6011c01f900680163012300ae
00ee016b00280177005001d501d20017019e014c00e0007d0019002301ca014e0052001400b1000a0079001201a3019801ed0116001801b60160015601f8002d
00d1002d01be010c01090006008c00c40055004d01a0002a00b60152002c001801f5004f01cd010d004501cf0122009500360149016f001a0143006901690157
004d0072014000f401bc013b01fe00a7017c006f00a50063008f00a000da00da01de0173007d001b01e9015301cb01dd01bf019a01d000e601e4008d014c015a
003801f301fc013900d90153018a0180010d003100fd01a60090007f0066009c016400bc00d80081004f0122003e00e0016b00e700f301f5003800bc00a5012d
00b80023013c001f0003011d014c003401e50059005d009c01f801ad0111003a01e4004800180151008001cc01ce01cd01fe01ce00f600dd013d005b00c500ff
01e0008c012a011301810070003b0128001e006f0174014d00ee006c00db002600f600e0007001bd01aa00cb00a80185007f0159012800ac016300d301310142
011900ee0122005e00ed002501b700da005c01440013008900d600f9016f00c301bb002f0183005a00ca0019007e006f00810073001001fb0123012600d2007f
0120017301d500f100d20131006400a3000500ec00a2012e01b0006c00bd01150084019601bd01db01dd014e00be00a201d70095019c01980076002c000e0173
00fa01490138000f00a3009601b4001a004c00fa0153008801e3013700f601d10041019c0047013a01bc019b016c012a00ca013301ed01fd012600a9009b01b3
015400bd000001d5004000b7014b013a00c3011f00a600ed01ff009100ef011e0189000b00ff00700105012b016500c6007f018200ab01c3012000cb01830054
012b00cf01c2019501780120011900180125019a01f600320152010f0012005801a80128018701c90038012200e200b001ae00e001f301af005700cf00b001ae
00a30154019f001f00df018801bc00a101dc00f500790106016f0043005a0007014e00fd00fb0126018e004b00eb0014008000a80040004f013201c5013f0186
01c1013c00c6010a01e4011d000e0123006101fc01a4014c01fc007b00d8001a004e008901ea004b014601c2009f01c0013c01b000e00083010b003100fe002c
019c0057011d013301cd000c01c400530065011d002e00fc019e01eb005a00ed018900520143019801f5008f011f00b10130012201fe004c00d601d80123013e
00ef006b018201f7005401030135001e01d8009b0137004601f0005101f401e80119008001d601f90154001c01bb011f009d009e004c00c500f800da00cd001f
011f01a300090041018f00ad01db0151016e00d4000c006c00d0011301c100ed00c3014801d6000c001101860062010601c901c7013800f6002e0180014000af
002201f601fb00f800d50092017b0006014000dd00fa008b001f0134003401d2000301c301c40069016800e50061008d01290092008101b20005005a01fd0089
018501ee019900ba0107007a00940061011900c50147000001ab005e003801c4015b01420060015d0140013a005c00bc005e01de005f016100f701c50147002b
009901b5016101d4016f00360050017101d5005c00f101a0004a017e016e01e701930024019101a900250114011d000601ee0109002801ac016d006f018c00c3
005e001c0098017700ab01c901c7012e010301c3007400ed01be01e500d601f1017400bc01e70122005600ce000f0041015000f20178007e004501cd00b501bd
001c01100090003e013100e201a7011500e400c20101000f0185000e00a4014d01a601bb018e00a7010c0148008a015d002101820128011700ee006900e0014f
012b002001b8019101fd009d01f1012401eb00f0007701a600eb00dd01ed013e011d015e019601f900d2016a0062003e01da01c301d3006301b300ba00f50012
00090159008b00d801120064014300270061006f015d00b501e500ff010c008b01ed003301c200b700e001c1009e00a0019200a9006300dc01f400f600490139
005e00a8007b013601da00f90050001b00f7005801b2014401d101c4010401950046010c01b6000a00bd011e01bb00cc009700cb012e01b20174008200b4014c
0019002b01e300c800070047018500c5011801f401e800f001e800ee00e50163010901a2019600cc001801fd01cc00e901ab002c002600d701a3008900a70075
006901ed00fd0169015e017600da013000cb008101b2017e0054017201ad002f004f001c01d9006c016a0058011a01910022014901a600d6002201ad01820191
01d701950111012f00a501b101f1011c007b0111008f0096017a007600e8016c0022018301050109006d01b20118010d004e007101cd01dc01b7002d005501fe
008c00f801b8002f00cc01db00040041005b013a01500182017b008d019800c4002c013601ce009e000e002001b6016d0116016701d7018d0009013c00fd0120
0082000601e00104015e005100fe015e01c901120169002f00a1003100e400b8005101bc017e016d01ca004901f6007700120064004501a600be015a005a00bf
00a200ff01da0119016600b900bd014301e8009d01d20070003e001501cd016000150032013700e600a501e80145002f003501cc01b500ff010900a700ea01db
014b01bf00fa00db010701a200e5017f004100ab00e9011000a70132019f016e01c300ca0054001f003200f40193016600ff016e01ee01a7007c009901ee0141
00180020019301aa00e2014d012c003a015601e4018f0115006a00c3010b011a013a019400f60048019a00cc002f00ef00f50080011f01dd00b7007b004700e9
01bc005f002c0143001f01b6012000b3000400df01080167008d008f00be012d00520142005b016a00e400ee005a008e012e00770133014600c80086009100ad
00ad010101ba00e101fe0030001501a9000e018401dd01f80009003a0112010f01c3018f014701c7012401dd00c4007c00d80148019a0027012b0012013e0068
013801240102011701aa0099011801b7001b004a011500cc00bd000a007f015701d50057007900a8006300b1003601db00780055005d010500130105002000c2
0091013901b8000e00df01cd0094011100360189011d01fa01be01f1019201e400c800b60089018a019c004d019500d30172007200270019004d00b80012007a
0118016a017d008400e001fa006600a8016701b1001200d5012b001600ad01dd007200ad00af01e30040010c00ee000f000a006701bb00b801170135002001fb
006e019100b301f10165005200a3005d003000e401f700c40160008601100148013a00b100f000ff0110009801f3004601cb0142015201ff005001ff0046000f
019900a0004c00cf01d6004f0148012100d700b20171010900920021006e001a01c3015f01c101f50074008900cb01fe00f400f400750158006f01a101e30031
019300cd006601550186013900db00e1001600d300940136017601a0009b008500c701d600c300020039014d0093001801f300e7000400a901d9019b000000fa
01ce01260019015b005a016800500077010d01fb01af0162007d00d0011d00340131008d000f000300fd000b014500f601f5018a01d901d50164008e0086007b
009200c700d50106016f013d01d90060004e011b0130009a00c8006100a70159006900a4013e002401f701990193005f012f01fb00990171016a0116005c0056
011001b201090097019001df0046019801ed00280077001600d801c201e101bf0154014f00850030005b007300b20057005f003b002000e1002d00fc01d901d2
011a0006011c01bf006901a3013a0055017101fb017f0164009600ba017700fa005600460188008c012801cf012c018800c8017900db014701b901ff0162012d
014801a50047015e0099018d016101ce01a5019f018100f101f900fe017a00dd01c4017b00a9001500b0017f01460162008e0108006d01b6018300170122014b
010a00b70172019b01bb008e00e80013007d0082001401f201cd003d00b600ae013e0191018b016800a9003b002900c800e3015d00e5019d01ca01ee002c0097
008201730120012400f70051014301bb0076010e008601d0014b00d8002f01b201f200df00a00128019e015f018100cd003e00bb00030070012501340010015d
003c01600199019001690046005a000500310052000c0197012500cb00da005e00b300810147017e00f80063006b0133002401dd0007018100eb00b001690125
002701050192019100d2009701a700e0016a0122010401570080010c01d40079009701e5006701a600d9014b01ad01120067007d00f3007000f100b70180011c
00f00131007c01df000200110143006e00d0004e00ec01810117001601d40022003b011b0156001901cf0188016d0160010d01f1018a00c300d9013c006501e2
002400a800cc01b000df019400f0009c001c015c01110163010101570014016600a4006b006a00dd006e00e101f401e400da015e01d901b201a401b2019b0127
0148017601fd016f018500a900bf01530049010c000d00ba01ec01ae0111014900310002013a0062013700d80010014901a501ff005400f5016e004b014a0039
002a011500ed00a0019f00ef01d5017e01a200c101a600e1013d01c4011501400017016c00d901ca0053010d009e01c901f6004d008e0176014000e7013f01e7
00530120006200a601570195008e0020004b00a601e5006a00a001b8018b01c601e90072009b00200167006e0184011100c2003001f7000e01ca01e101e300ff
00f90075018d017200de00ef009100ec006c00ae00070042002d01a401b200f900fe01bc01ec007600e10155018600fa00b7017f00d6016100a600b300ee0051
003700e101d2012800820192013000cb00e9019301b400c5008e017c01090175017f002301bc007800de01a1010b007501dd0139000c013e000b019600d20193
00e5004b0173019e011a011400d8004200d0011b00ad00d200c501b4019a0198009c001301cf007f00830180005a01d00035008700e101d3019001f00176004c
00ab000c01cd0146011901cf009d00bb00fd01ae0020005c0055018400e1018c003a0118013501580117014600a5012101bb00e601fa012e009f01ef00e4015b
015101c3004c004b01c60016003c011a015d0037008d0166011f0139011701450197014e00cc009401c6006c010601ee0154019c01d601de01d6011100f60165
00f1001201ed000f006b0126013a008800ad004500fc012000cc0132009701c9010f00bc010a00a301a90014014f0113017701e1009a01d2001a015601450047
00a0004700d2001d00c501e0008800dc009f00b500c5010d018301810017010301080036015c009a007d01a0013f000c0051015501b30146004f0149006c0105
002e01e700b200bc01b901cc01fb0142015c0158000001a401dd0092010100ce005701b201af0135014f010c003b015a0121019c010d01f500da00970143017d
00ce005d00f001a20104010601f400df016e01d401b80101010900a90179016b0183000600eb01a201c1018b009700ab003c016201e6014701c40135015f003a
01e30002005000e40058019700ed006200d20030009b01d101cc008000fe00f200800000014301b4018c0082018a01dc01a400d601fc01ce01a70187005e006e
010d00df01ca019700ef00250139000701bc01ec012c008500e901ee003801bc001701fe015b01f201a50185013d01b6000e013a0117015b008201e701530179
0010005300fe0044001100eb01f600240006006701d9009f01cf014b01f200ac0128016f019301c500b100c900ce014d011e01ab019900cd01e9004101ac00fd
018101a0018500e50091018a015b014900dc0084018700e3017a00c1005900c5011c014200df00b000f80001012b011f011201a501a0010500510091018f0198
0169005c00b00003003d0111002801f500bf01aa010d00fe00a400d300fc009800b5017401fb008e003601c801500051003a011c00d7005801d201ab019a0146
003d00e101eb00b0003a011800a400ca01b9009c009500b700b000a40157011401160078007300ce0159019300af00fb01cf014200a700360013000b002b00f5
00e0017400ae01290155002d00ac0097019b0050010d01ea01b10140017700c6016d0161010e001701bd017700e600ef0034003b004000b1016d0168015b0113
00970126019600b600a201a5006100aa006701ff00dc00f00105010301520037017e01d700c8006a01cb018600a6010d002c0186007c009000b1002a017c0183
003d00f2002200c801ba0069007c01a300ab000c014e014201f1013600f8009c004801f300e801df003e008c00c700d7004801de00e60125003b005100a4001d
01a6010a012c007e0199001901060128014901bc01f401d700360112013e009e0125012f000c01030003005e01c3005d00c901f501190176019f01d3002c00b9
01100018019b01cd011f019c0068001301b2009d000b017a019200ac007400f9007e00740095012d000f0172008201bc002200d8018400d50183016600a80019
015400bc00d401da01aa000c01a900ec00b9000101b5011b00df001300c501d00086012f0127004e01ff01a001b301b9012b00ea00de00af007901ca008e01d6
00c1017f014b015f01e9001b00d801c1018900b0018d002401c40167010a00a800eb0131012101b900ca01d9002900200181008e01ea0003019e00c300c3007f
002901c200bf01ca009a01db00a80194015b01cf005b01ab008f000b004300290104003e007e005e01f601de004f01f001cb00bc0103012a01db01b101ed01f0
0032013401960092013e01bf00d7003401a9005000600026009100ad015d01c90159007201ca01460140006d00a600b5000e0159008501ab017100bc00100117
018c01a8005d005f01c40096008400b801b80025011a0152001c01ac01e9009e00d700a2014600230119007d00c10094015001f801ee012f004d01c200f20003
005d015c00d301c20042010a014f002701ff01fe01eb014c01fa00490187004000fc01fe01a4017c01d500a6011701b801c4016a00590003016c019a00df0033
00f7005401f6005d017501e3018e00e900a1003e01860071004b00e70156011e01e900f70155018100fc00df01120103006800360102015601a10135007700e9
014800550161015d000201a5010600620077019a0084017e005e01dd000300a501b601900184013b0164009e002401d3000e00e800d90022008701be01c30007
005c00320027011c007e01a50092017a015e015b01fe00ea01b600e001a300a701a7005000690198004800ef00ba013d000b004201d500e00152013800c20109
006e018f001f01df013801cc01620135019300b0016b018701e3015d00cc01b800a001a600f2011d00b6012200520148016001e400c601090050003d01ab0127
013200b9013901a701fb00d5007701940080006501b8009f01dc0162016a00fc007f015d003d003400a50194005301e6003d00b601eb01170099009f01a501df
01e6004c008d015c00dc012a001101ed001f0180012d017b0151007b00dc019a00e80171010201b500970037001001ff005701fa01ab015f001900b401fb0110
01f601630059010e00af003f0184011d017e016e009c00490001016401c200dd003e005300c301c701cb018801b401f5015d00b20095002e001b007901b10131
01de017401ea0095016a012a0005009101a000590029015d01a4003a004301a901d50023009a00e6005b01ea013301c601bd018901440098011c001b00c40166
01a6008d01580045015a01ce00a40113002a00ca00430062009d014a01e9006401aa011e006a001101a001e301940005000e01a5006200b40156007d011a0119
00b0007b00c101e400fe01ba00050122009a0165012b01a500ba00970014019f010b01e5018b0088012e0194016b01cd01ea002401a7003a00a1015800090149
01f5005f010300b500fc012c017e00120078017d018300e70190001200c10115015900cd018301a800df01d001e20167010e00e500f800dc006d01d200ba00f0
014a008100de0026018e010b019500a6002a000a003c005a004a00dd00cd017c0071016500f7012d0050019001f401f900f60089018b012400a401cd011c0111
01b401bd014e01640178009b012f01d5018c017300c00079013900c901c401af004a00a80166010301c100620152015e01550147001801fa003c008d002601fd
000d01510061016a01f901c900a9009a00af00410053008600860106004c007d017801560154009600cb013601c000df011a004200ec01a40183000501bb01d6
00b900d2000b00f200cf01b4007201e3016f016f00a2008101c1004d011901c7012e017b0177014500c801490069016c01b901d800cf01be004300e50117008f
01d4014701fb005b005e01f100cb000f01f401ac005400e901e5017e019400e0016e00cd0020013c00ad017f00a001f8012f0092004301b40024017300fe013d
016d00a100b70087011500b700e901d30187001400a9005f0094016d006300c801be00e501db0050011700ce01ee012d00f7000b01d3007b00af017900ae01e6
0063007500b700bd003100b400f6007d005c015b004f0199010c00240001017f014b01a10082011a018300b300df013900ed010401390031004b00ec0138015a
01af00f3011800a40164006a003701d001b101a2008a005e001801700018001e00d400ba005e007300d700c501240059013d001401e60179013b00d100ea008d
00b801b40169012f00d601200098013c013200bb01db01bd01eb006a00d2012800ad01df00a6012f01ec00a700a6000200fb00e501f4003801b101a7010b002a
01f201b501d901bc01ed01fb004c01ae0047019800b3007b00b501d200ba01e2002d014400d3018a01bd0148018e01d501cf00b300b001f1003200af01c7005d
01db01570060005c015d01a7016a011c0196003b01ca007300c701dd00ae019000da009b0117001101fe01f201be0144003300ea009100e20049001700ff019d
012900c90096001700cf014a00cc01380074014b003301a6000a010a01ec01f900b001bd0026013c009a0135013501ef0084018b001100020174018201f10158
00260163015e003d0165001b0088019c01c600fe0091011200a4018601350171000d01db00e3001e001e00d700cf00d50096016b014b0187006700f90106003a
00120049017a0070004b01fb018e00d400b301a701c40023016d00ed00be00d101f50136018c0138004c0020002b00a200810012001d01a1005a018101ca01db
00b4019c00bf00ff0089003d00860001012401d7003400e500f000980054003a008101be014300a3012d01db008c00de004800eb01c801cd0027016b011a01d6
012e01fc00b6016001d5017700300065019b00c7011e008900a20196019001da007c00e7010500a2001a0118019e01c000f6007b002501ef001000ad01320079
00e900b500ae002f00ac017500450104000e01ab0129017c009f019c00e800d1015e016001fe001000920079006200cf0117004e0146005b010d00e700120160
0069001e015201e10077010c01b900f4007c008c00a801be0070013c005700be01420122012a017d0190001401c1013c00f7005b01ba00d30099013701370034
0155014a0077019a0060000f006800ec00fa009f0124009d01e7001101d9006d01b100960114011a01a501fa008200f1008f01e7000401b501e60157007a01f8
01580054000001c10103018a014200df00af01dc00df012101f300ba00a6004800d0012f0119008201b300ee005c005a0037010e01a401c10160002500580028
0154003300c1013b018f0101009e00e80123017f00cc00ac012300a2013600e800c101930172009700440118003300330060016f01fb008601c6015301ec00cf
00b400ae01fe007901f9014f005c00ba01a7011b0178006701e300f8000c005c0032001a00a6015101c1000501de01340104002b003f008d00e501e5005b0012
0160000b015d01cb00e300be01ce009200cd01e7011a01c400ef000100f00166005801ae00d5016700f200c601af00bd005500d100af00d7009c01d60040019d
01e901f401c50044009501d70018007e0002013400df013201f6018f00e50034010900260118012700b9013d01d001c3010e001f0090005d01da00af001a0005
018f00e900b2019a000e007a01d10143005101bb005e0012012d01ee01af01a8018600350021019900b700c4016a00fb019d016c00560083009200510180010b
016000510083018901460087003f004b002a007601b400c801e7016100cf001501cd01ef00ba01800185001f0066009901e1015f0072012e011500d501b80061
00d501e1003601e400810067003e01df0185014200bb009601e6011d005b01e501b800dc015c00d700c200f700a4017e01560190012d014e0127017500b000cc
01de00e7006801a70106012b002500b2004c013b0178009c00fa015a012600ab00f3013800e0018300b7002b00b0017a017b01d7007401c40081000201390019
01060175015801070097006800c800c500c100850049009b0138011200ac01690029004700ca018d00e901e3013100f901c5001500ac00a401090002014600aa
009800fd008c00870116001f017d018e01fe003a01b2004e004601a9000a004001fb01f700550081009e00760044005c010500c601ce018e01e401870168013a
009d0197005c01c700320055004d014901e300c00102006b00ed001e003300d0002101dc005400f4001f001f006d012b011b003200d4016201f70156009c0124
018400d90026018500df01900193018000da00d900f9000d000b008a0178001e005a00e9005a00ba001a00fa01d101960187018c019a01a100c001f9005a015d
018f00aa00e6009a00c8019b01d20148018f00a100e200b701af01ba012b01ae005101180131014900a30108004f0046008801cd007d01d100a001ee00450035
00f7001800b900b200d001ab0188003c0160009e00ac014f016b00390198019c013f00be01ff001a01be0030007400fe005000b2008600bd0143007a006201e5
00b201ba002900a2016a01eb004700e800d800f3016500dc0165012f005401b2003c01170030016d006000f1019701d601d20192001c0083008800af01eb00cf
0102014801f30163013d00cd000901180092001901ec003b005b00a1009d003d01db017b014b015f010d00cf005c003e001e007001950023014f00f600a8011d
0167004e000900d4010d01c7000c0022008d017f008900af010201fc0176009c000e005e009f0026008f0016010f019a000900f301b400110169016000e6003b
0130002b007c000b00850155017a004f014201eb007d01a000fb00d900cb0160002c004100fc0025018701ab01ca003501cd01280168005401e30183014501e2
0007007f0187000801ba01720066000001ca002a00eb01ac0188011d01660098002f01e301970151017f003600e901ed016a0013019d01fd007700ef010d014c
00b500da00c700190055006b01cc00ae00f0014501de005e01e7012900160084000601360008004601f2018600ad01df00b201cf0086017d005b01e4000300f4
00150164019401a200dc0014015e008501700021004d01bc00df01d7004a01a801c100e0000f016a01a9003800e70071019e007b00df0036016e00f8008a0060
01a0010d01f6008d0110010d009c01ec00e000f0003f00cd01c7002001b9008a01b801940155008d0118019f005b0179007d01b000b000ae01bc007c01c2012d
012c0072000801e501aa009500f000ff008700a3007b004100110113007f012f0033018d002d01e20003019601240001007a016b0138005a004e00b5011301fd
0051015e01fb01c600b901ad01ea00720096008100ec007200e901fa01f3004f00b8012d01a500a1003f01dd013901e801ba00ea011e00f501b501c301b90190
008601d00179002e007c003500580036010600a0010200e2019000f001820138001b013201ba00be0168001d014d001f00fe013701da016800a3000301970004
01d000e701f700f8014300d9008a00d200d9004d00a50062006900dd018f017d01a601e60168002d0042007b01b2002d00ab01ca0049011c015e0025010b00da
013401c701ab013900e3013100b100d901b2012800eb002501eb0027017400ac00ba01cd0015011300d1006e015f016001150150010e001a0101018a0078000b
01f101cf01ee0007000b0112008e0105010d012701f8001101e401a501e601f2016d0190005f00bc00cd01fa01ab008f019f00c400b30055015b01b7017100eb
01ce0159015b017a0052012b017f01ea0050000700030171019d013400580095003401710135018c002d00ee008d00c8014a010601e701ec01130152011c0129
0130008100f400cc004f00b60114009d01da006800dc01db01a201dc0032015d016700a401bd00a0008600cf01b700f101dc01fa017d010300a800bb00f50059
01b801d701b901b200fe001300a8005f00e700080187002901c001140063001a011e0066001d0166018e01b500c4010a00da004501c5008b00f701a101d501a4
00ec011300b400b101c100fd00b80150005a00a801a7007c007400d100bb0190014a001201c8012e015a002f015000090000016801bc006a0110018e01430121
00f80180013501e00151000001df00b1008700260086004c01210000018400eb016501ae004d0117008e0196012c00c701610092004401ef01ae01ac01b500e5
004c012900f8010b00fc01bf01e2018b00d1016d01c301bd0104008a005501200128006a0189016801db01f801f700960163004b00b200080060006801f40027
003a00dc012a001b00730083004001b0009a012700c901d10170011e012e01a4019e015400de01c800da002e008300bb014400df00ce0108011d017101b40148
017a0062016a01960091012a00f801e600d4010901f300de014f008a00ea007f01e100a9002d01e701e2018a01eb019300a1006d017601310101001000700136
01e2007500ae01eb0102010b01830044005500bc011e0056013c00dc001900d401630199018a001b01280027005d00f3019000180013000301ed009401040007
01db0046018a01b8019d007701fe009000f701d4005801a000e0014c007401e601290170010801640158014301520087012700ab017400d3005a015301700182
01a90084000401a6010600f7000401a400b200cc00900055013d001d00d00164005c017e01a600c100fe005001ab014700270162010600590092000200e10074
0056018700740151001b009a002d0149012c0189002100d60031010b018a01ba00ef0168013801c90039010e0111017a00e0006d0120012400fe01d5001c0185
004301b7011801d1012300cf01e0019f009b0197003700b7007501c50048010b00350088011900b80185013200b4005200de017d001d01cb015a002400170176
01b30161017201c20121006e011300140099019301b2012a00fb01a801b600c90112012f010401b2002c0147007e00b901af018d00f10096003f0168008a004e
0158001200c4002d01af00e801ec01f90033018901e601ca00980011005401a200b6019d003f00a800490091011601ac012101cb009501c500710150011d0052
00e7000701df000d015e005f0049003400d2018f002101f0000c008b015800e5008100710051018a01c6016a018b00e00078007900f800f90022015d006c01f4
01cc01de007f016400b900b0019a00e900fb006001e201b40165016e01db00a900b5008101dd009a00a7002501760182005a003500b0005200f201b8010900b8
010100b0010a001f011c01c501c6011d012a006300bf00e100fd018001af0174002d018000d900e401fc0190017e000c0157001d01ba0058006601ef002000e4
00f20087014d01aa00e0000200b4011a00e300fb011d01e4011200db01f801d300b000a00142009f00d901b1002d018901ae012401f8014c003d018f00b101b1
005d0050002701880031001801fb01cf00c001ad00ac019d01640115005e007700de00bc004601610102006f014100be009d010f01c9008f01b8011d013c01da
00fe006101e001ea015b019d013e001f00a4002501ec0023003e011e012a014300ff0056004100d20195014401b300d601d0019300f900b3015f007501f600b3
00ee00510159015a014b0107003500040114002901a9012c00d9016b017601bf007501a80179007f01b20032017501c101b1001901d3002800ea00b1019401d2
01d201a0006200de000500b60133006301e3000301940147012801c70178010200dd001a0192006d00320023003d00c9008b018e01a4011501a601eb010200bf
01b3012d00f301f8016f012e01a101a1016b01d2017e01b50015015d00f9013000990180014601e001fa00cf017f012901cf001d01870006000600ce01c1017a
015301a101ed0068009a000301d700fd000d016401f401fa01c6000b013301f5014e014d006100aa0039014b01b901b0007a01ec00cb001a01cb0056015d0126
00280017010d000f00ea00a0018d007400350039006500e2003600ba00360092006e019a00550036008500b1001a00300099003a009101a0012b001c001e012e
01be009a000d01aa01ba0119004e01e1016b006c01b9016200170079001f00740103010400000098000900c300e50181009d015f00b00022010101970022011e
009f01db019e00d000b30014007f0065006b00ab0031011f0079000b01ac012e00b000e70052003900660129004700d700ec0054010d011a0114004d014f003b
01ee00c000ae003700d80186019e006c0169010100af018a0062016f018500890048011700a600cd015501ef019e001f00a400cd01530131012a0160013100ea
000c019300e1014f0035015b00390076013a001800c20021017e00100108017201eb002e01d50197008b018501260158003801a2001701e301b3003100ea017b
00eb00d701de01f50162004801de00dc010c00a801a9010b01ea00cc006c0145000a008b00c800460010007000b200e1006501fc01fc011e007600cc019601ca
011400770075000d01f4000c0025002201fb0192004f0144012b019c00a7015c001f0184014701cd00f60152013001af0047017c014c018701f100ab0078007d
006f01050060007b00c20063000f01bd00b801f40014018b012a01c4013101ea01e80127001300ea01fa011b009b01600144015c01170096003b00db01a70089
01b80117008e012901ea01bf001801e8011600f300fd013201d801230119017f006b01e0007901ac01e400e101fb01be0121016e01a301a1011a0152019401d2
00f601d401a6001a0157008e01ea012c015d006001bc01b10004002101b4014b01d9002c007d00cb004b004a01b7007801ae0197004501b201c9013f004e00d2
0089015a00570099005b018400cc01d10008005101ae009b0043014c00090084006b003300b601fe008e004d00be01e901dd01f901f300f500b5018301260037
0032003e01b5006e010801c3006d019200cb014c0008006501cc011c0124010d0178006900b0005a00b5018a00f601ea002f00050082008300e100d3000100bc
018c01720160000b00ff01e2004000bc0023004101e100af01d401ee010b01c500fa000600ba008501b500da019400b6017101ac01410166005300ae01d500c4
012e0187012f011900f600f5018500d800cc014400fc016b007c016301dc003101fc01740059014e011a014801b7019a009c008a016d015701e1015d013f0023
01060121015d0074014b013c0126018e01ef01b301570035004e00e80146000a01fe00c8004601e900f101e000fb00eb016400690118002400dd01aa011c00db
0102005000e80043018d01de013800b901ff00e40092002c01cf01d401a101c50053005701ae0083004501cc0180010500d0019d002e013f01c5009901fa00a8
00c600e601ba0054007701b000f1014200bf00320166013e00b600a401b501ce0006017d015c01da007400ac01dd018201c701b7003400a401120159012a0024
00eb009d01e40040000901900159005101040142010901de0036008c000d01d8010100bb00660191007100d9010101de00ff01a5011f0035004a01690139004b
013f012f010300f0018a002a01a900e5007d00500158012c0179003d00650073002101540162004f01f90192014b00b60113018f00ec008101fe01ce004c01d4
00090124004a00b301400061006400320003003f008d00dd01d3002f00410053011201ca002f017c00af01eb008c004d001d017400aa01eb01e000290093004f
0191003f012201c400ba004b00a901dd011a0177019100000033019201f3016701cb017301d4017800ad002f018a0096019801a300840185013f0135017500d9
00900190005c00fd01c201940104006c0093017c017a006e01690144019e001c00b9004a01e80087008700fb00d10196003e00f0007c018301740177018f01ad
0112019f00fc014401770163003c004a00b301610038012c015a001600c500a3007f01ca012a01ff00c000d60054019501da010900fc0052015000bb01ea017e
002c01ea01c8017b01ba000f00d800ed00ea01f6001e00ef01bd016d005101bd01d9017d009f00d00172002b017d00a501a6006f012000e200e20172019a00de
012d0159018600e101ac01ea01b801d7016501e401b0007d0136012f0172009300d600410106015e015e00af012a00ac01f2019c00000169018d00a500de0013
009e0105006e0177015c00e2005b0125005f01b9003801d4015c00d70038009600ee0113001901fe011d0056005f00d5018f0143015b002101a1012a012400b9
00c601e1010d011d0177012801d2001e0049006400b500e5000e00a10176009201d001f7005f006f018101a1013c0032019700dc003c010901f701d4014d00dc
00940119008401e9002f01c001dc00ac01cf01ce01400056016801b500b0018001a8014d005401fe011600f3006200e601fc018a00e40016000f010e01640092
004700b001f600be001b00d3013001e70019003b01bc019f00c700470066016f00b6013301f8006f01380124009a01dd014301df01f3003001b20059006b0182
012e002a01a4013600b200870094018100da0132018500b10195010a016201cf00dd005b0010013d009b006b01f3008401490040013d0109003f008800b100b6
014401d200c80109017800fe015301e30000000f01f7018c017201aa004701ef016a01380080011a011300f101e301de007301d601dd002b0152001c00a701ec
00660130009f00b501d200ea004f013d007a0158004700b801c801140172014100bd017c01300105009100de00d900dc000500f0019101c001f701330152001c
002f002300c401ff01f500d2003e0039001e00950062006b00650034011a00fc005f019401f101e101fa01cc004d012d00ba014d003e012100dd006d017c0185
01c501b700b401a901e9017901aa00b8013d0111002100830194000c00f7010a01a800cb01f100d9009e005601fe00dd012b005d005d01ca00ef01e501040158
00bc002d015e018d0021010700b401670189009d00d3019c00e70086005b01b7006900810025012301f400d2006d008a00d90170004900bd0087013a007b01ea
012f00d2018a019701cc011e012f00aa01ea01c700ce010e0008013801450062004a00fe00c901f7017a01cb01e9004d010e0056000f018a0048011900ed017a
001b013501f800ba01d30088003900b0003e011c004e002200d4016b01d801e2001a01d501e5015e004a011c006c01d3012c017b00fc018900c301d700520190
01610083009e015e00c60106002701cb005a0006005e009c00bd0119008301300009006700b60136004600ff0036019a00cb01c401c8007501e20053005e001b
01ed0184002100ad01830153014e012c00fe006401e400c3002f006601fe01a2009c01b2003a01bb0173012a01f5014d007c0153012a01b001ab01c100e9016b
0167011a007500ba004f01e401a0005c01240101000600f801e600a6009800df011c01f8014f013b00a000c10136001701fb00ca008b00ab01de0108008700d0
006d01eb010a006700ac018500470027016000f900870078012700b000c50103011200df013b01d5009b007c01d900e601ac01a3018a0142006801d2002a0065
009500a801e6013500ea0093011f003900dc015d00c200b90176001101630012017900b1006b017e00a601b601b100cc001d01c401240066006601ee017e0161
017201c601e7016800bb0078017f002d01260084016100ed00f001d60197005d006a00be004c00aa00fd009900ae00320149012a00fa01f001f4004301fb013b
004701d300e40101008800fc000e0104009f001e01f200e300c901e000fe0148017201eb003c009d0165005f019a00c00167013f01f80138017f017c0049008f
01f901f300b401e10013003901e7002200fd00fe0125001d00aa01d1013a00fa00d70032015701be01c10054005c014c01bf01ad008e007a0158004200dd01cc
004d01f600ab013b0173012200c3012b008001ae0163016f00de01f2003800ce00a000b3003501fa000b01db012100500001014800da00e500180033013f0083
008500ee00bb00b500ad001b00cb000500da0159004f0160003900d300d60193011701810096003201a901840063019e00990108014001b701ab01e700d40097
01e20047006300f200b90113005e01e90181015b0005016c0111013201190125003e01660036019001300052008500aa00dc00e8003b005601e0008101b60086
01a1017601d0008d008a01fc00d600d501b500ee005a002401fd014601790101010900200025018901e700190085005200390032014a016800f201e7012e0027
00e30108017b001100f50063011a019101e800cf01d201100051018801f201ae00db00340142004e01b801f601f8008a00d80010018000fd004e01f0011100b8
0073010300540109000d011701b80136016301c40098005e01ec010c0008004f0139006d01f00153000601420110000e002200180073012d00a600e9005b019c
0074018b006b00b9003600ff01fd007400a501c3015400090137014e007201bc0134018c003a01020089008e0143019d00d801eb0091006e005300e501cb013e
002901a801fe0107007001e8015700fb003f00f401ef011200d40030019201b200de012600a300af008900b801d5008700b1008400f001fe00d9002600290067
010c00f201b000e6011801cd00ac011c007201b90133000e010600db0016018400e601aa01dd013600a4015100af01b901da0044006b003f01fd01d501c9009d
01ca0135005e014f011f00d7004501ca01b40048014d00e601ff008500000092016701b50041008000f501e7000f01bd015c005a003001d100c1002800dc00dc
01250031010b0117011c0007011d01d5012601030098000200ba0141014f0034004a017001c2003d0196019b001b015701e30004008e0073005501110147014a
006b002e01d201f5000c005d01c20083019d004301ac010b006000ca0154007900ac005701af01de0149006901a201bf007a019101bb002e00c80058004600b9
00fb00c500af0168015b01580057008f003500d90048015c005a000a003b002600bc01d701e00152000e01ca008701fb000e015601a6006e0077009a01fe0180
0146003001f1012c00fe003a007e001f00be004f00050074000a0175009a018500c9013c005901eb017f00b20038016e01bc009001ef00e30070001100170081
00560127008c00e601080115014d01bf001c018c01c2014a00d400dc00f9001301e70196007901c4003b00e201b60053014101ec00f201e601be019400b10157
01de001900970084007400cf01b700470067010901f000e2014f00e60049015501ee00b1007b0194005000380198012900ef00aa0070016901e500ea0050009d
013601920118018f00250124008c002a019f009d01ea0054016e0105005c00da00d7008201c601480130003501eb015f0127004b00c1014100b0006a00940041
009200fb00d700900173009a013400250195001f008c00a8011e0170001a0068001b006401e800da000e00100141002e01f200b50087004e01c1003700f6005d
005d00d201ab00c900a30050015201b4016900c000c001c50081019b00da00510191002701c4013201a4000e00e701280176017500b4015800d800d9002c0044
01dd009a001301ed00ce010401f0016e01b6005700b2010600ca013c00a70080018200f50113002c006b00b800d601be00f601a0004b0002012101d60144012f
007a018900b2004b018b0081004d001a01d000af003a0077008e01dc0135010100ca015201cf000a01f701a301ab00e6014501b10019006e0053005401a90153
00eb01b5011f006800a70114001400bc0091013901cd00fc006801e0016f00690113016b01f0005e01980178005101280181007f011d008a00a4006300e80055
018d005a01c201a100800146006c00df0043013601df0043012400ff01a000b90097018500330185014001c0012100c600d601df011c0042001d00df012e006d
0184009e0159000500670077008c01db012f01cf00ea001101b801a3005300ea016a0098014b004601b2009400cf01c100df0168000400bb011f00c800c900fc
001c00fd00e3015c0153018400be01b3016600db004f0160015801fa01b500a20075010c010e00fa0002017a005a013300c001dc01a900f600cc011b015e0110
003300b200f30135001b005e00b701da01fe0065008c0188011e00a0001100d90019014c01cd01c700fc0155002900860040006b000001bb019d01d3017a0062
010c000c011c0112014a0046007f012800ed01e5001301710125009000d2002c00110082001d010f01ba000c00e9012a01de011900e3001a01230196010300b4
010301ba01f30146002000ac0000015900c2007e00b101ef01d8002500d20118004e012701b5011301d201fb013000cb00f90047006801db01f501f00000016d
00c8010901e500b0002e0188007200280125005501a400a80140008900c500c400a4000000aa00d40177013f00ea0042003000e200d5001100a501ec000101cf
00dc019c01c301e201d30011019a01e701820177012a011700f00188011d0168015e018201b10133012301b5006f014101ac00e2009600c101b70129016100d2
006e008e01b900f001780122015f01a700e200e301e001e3003e0022011a00eb01c5006e01ec01310155016e01c5001e0146004c0096016c00630145006c010d
00d001c501f8004601560137013401eb01b40090015c01e8007b012e013c0038008100f701ea006901eb01a100db010d003900540024007801c600f4007601d4
00fc0037010b00410114007900ec01c1012401c2019700ef004201b700eb018501d3004201ed0166017601a10051005b00d7017501a600cc019c01bf01280000
007a011201990045009c006d00070107009300d30163011d01f501a6008b00fe00ac001500b90181011d01d301da007900c5002f00940073010f008500d5009a
005d001700420059006c01ba009e01e401a600ce01fd00a200bc01530063007b01f4014a01d501b5013b0128016e01a3018100680028003900e101d4015801ef
01d200c900f1004400af005900f9012101d701b900f3011d006c01b2016f000801b700eb008d011a011e01c0010d015e00fd00ed0160011101d700a10002016b
00c101630048018e001c011a001900aa006201490149018801b3009f01ab01f701f801ee005b000000cc01190026013e01f80162013a009c00f90033019c0193
002500e5006a019f0147001401e70095006d01d301de01ae01e8000000fb010601b7010e01c500cc00d20106018b01e001fe012200f100da00ad00ae00270034
003800c001c9004f012701a3016f01b701d40128003e0033015701e800fa01d0015901c901fa008301270149004400cc015c017c0139014d00fe00c001cb0048
0140010200ac01d001b30179009300480190014101ba014a0034010201b601a601bc01d101bf01d2017c004e00e9001600a5000700fd00bb005b010c016900cc
00ce0026019c00d900a80089012f0161004d014301d0019c00400122012c007401da01ae013a01f90021006400e201e60076015701e9013a011e001a00be0010
01c2017b0142015c0012005901ab00660054004401a601b100af016c00830103002a0103004d017d00e501eb010d00cf00ea01ed00dc013b002100bb00cd017c
01950157019f008601ff00b801360011001501a00101012001ca01e9001f01e3001d01f70123013401bd00c700d0007c00ae0019012e00c801fd019a01de00af
01cd01fc006600e1016b018400db01ad01fb002d00c6001b007501b2014a011b015b0131018600d1008e0112015e01d400bd01640146000001d600a200e80197
01fe005500de0153011d00dd018301aa0181010c01c70026009700e3016b007e00290109010800ac0118017800b0008a01f8000d003200380089011300ae0017
009b008500e401c4000201bb007201f700700027017d01bf013c006f00070116012a000000390146008501f500c80170008d01fe012b00930190019701a401db
01cf01bf008100f200aa0095008800b5002e000b0094010600cc011e0138007e00f901210179002100df007501b3009b01b0005501eb0047003d010101b501df
005201ba004e01fe00cb009801be005a0179004901ed004d0040009700c101c601c5007000d4018c01e2012e0069003a010b017401a5009901d8011d01cf016b
0192019f00fa01630035011d010300cd006a019b015c017c01b600e3005d00c90014003d00d7011f0075012f0018015b019e01ea000d01100040004e009a017f
00f80136005101bf01d10172011e01be012300a60043015500a20089011c0077007600a301a7019700d201f30083001600b3012b00fc01c7016d00960185008e
015801ad015100c9019e0025012401900115018201a901540160008701ff01e300710053017801db002500f900fa014000e701050053012f011a017c01810072
017e00f3000001980049014c000a01c601a4004e01ac00e8017100e601d601bf009f006100640033007e0184019a01c501b5009501f800b2007e00da013201f7
01ab01cf018b01c901b1002c01fa01a700cb016a011f01d601210016008000530045002d001f0091001901c5007101e10173014901b601d70171016a01390024
003500aa008400a8005e009101f1013c01f80152002301d301a200ed01db00fe00100199008300f7004201a2019d019e008e00bc01a301ab010d003f011900b0
00b900c00190011601fb00e8003501b400e00031004601f000ac00530061014001f5003901a501fb01e5015d00bf019500f800e200f70097018701a901c30071
00860106005a0177000f01b9011c011401b10175008901a6004300df001a00a700fe01610108019001e400f4013301cd015100b1015600db01f90021006e00db
016800af0043013701db01b301b201e001fc01c4012d008f00cd00bf01a600b101a000a1009e01f700c300df01be0129014e0137007800af01f001d800390101
01e3007101f00189006e0033008d00f501be01e300a901c8007501d7009b01920082007101d1019a010701d4003501fe01ec000b00dc014100340046012a0044
01df01a401520093007a004b00a700d300130138014200bd016600ba008901180172010f018500140097012d01a2016400ae00ae0000012601e8015600bf0119
00b50045009600b6011600ea015c01d2005600df017700a900f3008c01f0012301310188002d0176008a0031002b002600cf00ee018d003301d600380119016a
010d00ef013300e50026003901cc0111003601b20165019d018f005400f3015f00510013002e01e500c70052015401b00043019d0160003f01d601720107019f
006f013a01da00ae014e018101cc000400ed01750115005f002400df003c009601b80124016201c401ab00a9009e0056015700b40009001c0199003500ca00da
0143000f0063008f00bf003d0115006401ed004301dc01fb00eb0130006c000700a101550124004c002200f0006b0007002901cb01da00780079010a01ff0196
01f101db008f00e0006d01300159003b005601dd00ad014b018100110164015401320129018c00ce005c0080019200d601ea0160017d018e00e600cf01980181
0159008000ba01e801aa0148017f0051005900e001ed00020070018000f9006300e301d900dd0124001b00b4009101a6017d008600e1002701c200bb017300b5
01780191000c01a2008e001600b401e000390001000f0012001f000401b301c00059011901b6001b01e50172013400b801f901ed00fe011e000a00b200b4001c
00e600f700e0015c00e800b101370056005b003001b6000901250099001700d500d000c8017d01d500490024003d018201f600e200e50065008e019f003b0139
00fc01ec01fa00cf01f200350119006401dc01c30049000b0012012800f501e600a50105012100f001a401800022006c0174011d015f010f009a0023007501fc
019500bc004a01520165005801340062002200e001ae01eb00ac0167018800b9010d010300fe00ec0179012b000b018400ec015e017501430165014601d50041
00bd003f01b201ce00f401c701d0012e0195013500a700150186004a00a3002e01ce01dc01a8010601d80043004f0136015901d00187004e01d701a7018f0040
01f301d200b500c600a001fb01090053013d007a017a01030049002c008f010801af017700290150011c019c0090017a00840038013400190192014600d2013b
01e7010401e1009c0099005f00ca000601b000af01d90165004801bc0026018300b80022019c007b0118010401ce009d00220152009400dc01e7003300a10015
0023004901cf01a90051001b00fc018d00d700c301b800c7011501d801e501ad0073006800bf00d8013b003a01ca007d00f8014c018b018c019e007d00990045
0193010201c600af0191000c0119015c002001360072019f011e01950178014c0007005e01d00033016b018701b1007c01ea00fa018200aa00ff003901f50160
01070015007d014300ba014b0047004701af014f0007016f0047013700c8015a010c00e5016a01da017c01ce002b0198017f000801ca010b00b9017a0187016c
01060154003201fb00d001ff01a301d1015a00b501d001be01e00064019200d1007301f901ae01960133005b008300a401ae017b003800cf0042003a014e00b1
0016012c0058004e0194011600ad0140013200ea010200ab01ea01ed010800b201ab01b700ad01cd0161014c018601740155015101e501f900a1015901aa00db
00da01f400600104008f0112002401c00147004d01ef008b00a30045016d0011007a01820058017f013901b400bc00c000a70168005601d80059018800b30014
013e008e00f201b401ac01330177001f00f6005400b90124013e00bb00dc013b00d700c70107015f007d008d00fd00df00dd0146014b01fd007b008400fc0015
010a0023002600f601e900d9009101e001a000f0001e003101820110000e01900028014300a300d8004001ef00c20177018a0146005e01e901700143000101be
014b00d1004200ca01d700ca00ca009600b60034013a01a4003d011f010101bf011300dc011d01be006900ba00b1009701d500c3015500760034004000440008
016b008a00390175015b0152001900400112004400ce015d018b009f00f101a500fd014f0007019d01960195003501ae017f00e90006019900c501a301c401f1
0150014200470143008c0150016e00e2000101ea0140006a01fa009e01c9007a0057018b00bc00df007e00c001b201c100ed01220086018101cd018b0084014c
01c101e00133017f0008013501030084011e0017003c006801e0015401110004007d01330183012a0141013501e60059018b00b300fa0186004d0134000b0093
00e6002200860181002b0035006300db00d401bf00ff00b2004d0102013600370035011700d100980130009e016a0125011f01b7011d010d001001f10124016a
000c01670020000b016e00360037003a0191019d019f0035011f01fd01810021001f00b201f601d50098002700d500450025000c019601200041010401c600e2
00720027010e01c200da009001d80053006d0059015b011800e80063010701da00fd017b01930185016f00e601d3000b00fe00a001e40034002a00df006300a4
012201af006a00c2008f005a01520153005101c9002f010e011e006601bd0151005001f8015601b20132002c00d8002b0023002b004301180087016300bd014c
0083009600cc01e401c00127003501a901490082006f0147008a0110008101c700f400b0018f019501c901cf01330162001a004301da001800de0164017e01f0
010c003c000d010e018a011701be00680079002b01260042005d00ca00a600db015801d20039016a005c01bc00e301e7015300c50013014501ea01bd008001fa
01bc014300c300f1006801f401fd01c100870146018b008b01f701fe01cb009e01c8018d00a501dc006b00ea012101ea00a5002301cc004d0048018b009a01bd
01fa0005013001670058005801eb0020007700f600fa00520057009f00c7001700c6004e014f010d003700790042012c00c801f60013014f01ca000000880036
0006011b003400c3009900d600d5018701ea009b01f90139014b009701f701cc010d01a5009e01b400d001160168015701d800770001012a014600bc00cb0152
01f5012d010c005700c90028019f011600cc016800c70035005f00bb01a9011a003a018000130052002b016d011501c901e700a00168017f01c3017a011a0152
004e01ab00720031012d004f0090006d012300ca00410152000a01bb01d20162008a00f0005d005e0091013c00390068008d005b007a006501e80140003e00e7
00a500a801ee010b00c700b2009101a400ea002e00bf004100b900d7013d0044008a018600eb007700fb010800ab00b1006900600044000b01cc01a100f90152
00b000f60141013b013201d1015400e900c600ff017c0083000301560179004c00de0101006200d701f6004c01bb00a200c7003001bf015701b300cd002b01dd
01c400880188010901580096000e00f700b600ec01bd000601e6011a0130003001b0017700c2014e01f200f7019601d10171014d006a00e0012e01fe012601be
008b0009009c013301e80020012101e90066002f002900af000400b9001a00b40030008b0116014600040109005801f701d101dc01b100ba011e003c012a0128
01fb006801ea01650196018f01ef001501120135008b00a200e7017801e301b1001201a9004201a5010a006c0068016500c00194016a0035010e00ab005c0094
00a80052000b0160013a0150009e0154012d00e6019700020188007100e701f001b000bf015c007b01b100a700530182001501be002f0098011f013e01620084
0087019001e900e1016001ab0159018f008e00f6005000f40005003b010f018000a400ad019b0126002f01c60175002400b0017101450134005b018d018201c5
011801d8019a0160007c01b70051012a011a0160006700600003017801a5000400910154001a00c000620124018a007e0197018801ac0089013601c801c80108
00b400130173010601c6016801dd0187006d00c00113002101cc0036018b0022000100a201e4000e01380099010e006201fc011001a700a200f0000c0117001b
0136010500910142000b00b900390011006b003d017a0175014101bb009b011b016f00eb00c00098016300490138004e0047017400da001d01a1011e01210005
01a201080120018f0045013d004d01e001630159003801670096002400f001170074018f00e50086002901ef015e0097013901e6009c0182003b008a014c006b
0147003501c101bb005601c300b1017d01c0019201fc01f1018f01bc00f0017f000701fe0039008401f7002a00880018018f002300aa00bb01240158010200fc
00c30140016000a301de00f300b101a20092011200c001b601dd01fb011500e30115008401fb0185015100c300de01c7015301f101b2005300e40115016401b5
005f016800e2013f007600e400be016c0035015c00fe0143001f01da003d0191007b0000004e00e90129007801100029004300e4013c011f000601d7006f007f
0135010e006e009d0111003501f000b0013a0017019b00a400e0017000d4017e014a018101b1012e00c4013500b1004d011c001200d90079019401e901fc0176
01b7009e005c00c2017a0138000f018d019a00e001af00d701b70063007a0135009c00460012006100170106008000030088012300ca01fb01f700c8004101eb
0191010101a7004500c801bb00da01e10016008301e7000e01a0001601e700f3015200d3001c01af01ee00ac018e0086011c00f7010f012001b6006300b0002f
00420020007f01820076011100d5006400c701c20192019000af01c70176014800a6014000af01b200110192012f01300070010700dc0089008d0034014b01a4
01380029011a00fd018d01710084014d01de014301c401de0049010a00e000bf002700f1014f0041006501db005e01f4008c01bb01f20008001f009e01cb0096
01fd007001b70034011e00810112007c01070129003500b9017300cd011901fd01b0001a005101f6010400e2010e0190014c01ce002c00df00f9000c004a0094
00470118005301e4008d00c101b8017d0024006000aa00d201860018003901e601730061007b005401860097000400910057011400aa0149017400eb01ef0185
0125008701a5015900910061009a00de01bb00f301dd0103019201f500cc00cc01a3010301be018b01b3007400d1013201e8015a007500b600df015e01ba01ce
01a2012d00c400b9018300860047006500fa01cd00e901bb019f001f00f5011a01b6009f015d00ca005301990005015e016a006d01f60192012500cb0022011e
011b014b01a2018001d20093001c00e90086002c008501eb00ba0059018f007c006f004f01e300e6009d013d017c018a01e7019d007a0126017701fb00e5014b
013b0159010c015300ac00a201a6003801dc00c501fa01b500a001df00f601b901690139008801950194016e01b30014018d0122019200c800ee004900850133
0127007a00db01fd00bb00130189005300b901250018018800720052007300c601a201e901ed01e200dc0144007400d400c801e6004100d901ad006d014f0068
012900f001010143009601a90057010e00f30125007700fe00ca0145012600be0199012101b301470002008800c201b0014800fc01cf01cb008801e500570107
0147002500ee01c6018e01e0002d00ea008800850096004501a100d40159009301fb00a10110001201af00460197010900e100ed01d80035014701f100e900ad
0172003c016b01c2013901c301e800680054015a00eb0039005001f600f0001b0191004a018e00e9001200740127019c00900061004200c9009501c7019e01ec
018c00db007800ad007400bb007a0059004200b101b0014600ef0113002c017e00730035015a004b002601bc00ef015501e6003b002d018b00e40128015a00c5
003600a6011c0066003401340087014f0108004b010a00cb000d00df0105014001d60104007501ea00420018017000bd0123009c01b1013000ea012501cc0147
014300ae002d00ab006601b7002100160140004700c70025010d006c014e01180131013e0146008c0080019700b800670099015401e501a40122011701990160
00ed0197002401580165003701a400aa009200d4010100090102006f001e00bc0093019d005c013c004e012d0028008d01de01f5000500e8009600f7010e00b2
013800d5009b0113005e005c009d008f001c01fe001f01150194004c0014003a011b01b200e6010b008001f4014700ea01cc017900be008e00d5000f01e70162
002a00ea00b201a0007d01d2015e00df01830031005c019401280141012601130192000000b3015701e700aa018201e100fb00420150002b0033013300db00fa
019e002c009400d601840076011401ee013d018f018300f4002a002700610173012a018500e5012a00d100a100b4019401fa019300d6008800c4019a01be014e
007e013700ba000e0074012901480060006e01a600a901a500f900cf001b01c30197017701a801a100f8011e019501e3004d01910131013700490068000901c2
000301b501a6009e00ae017500e1001a01fb004201cf0123003c01c7002101f2006c01d1016501f30136018d01af010e01b9015900c800130159001c002b0106
0174012301e80007006801c300bd00f6013301d3003001dd003700a501ca016900d5001b007f014301d801d6014e005701a4019a013901ca00c40001017b0196
00f20038001c015f006b01a9003b00b2000900530145015a0010000b003501ba0030016000320169001d012e00aa00ea01b2006b014d006400fb0109011001cc
008c0181002101b201e000ed0047003c00c100cf0016007200530170014b01f501480007008301e201e50185011f010800b0019c0000006c003100ec01990069
007f01b801fe002701390172018f00ee00020150001f016f017b008301e7009d0191002201ce018801c600c801ed017201ec0137011e0046006701aa01ed0059
01ea0133003c00750196018501ce0164017e00d1016901a10118012e0186010701980099014b015901c2010d013800060189005000f8012c003b016000290034
01e40133010c006d01f8009701740050014500d2001a005d006700bf016101370139011501a400ad01a300c701eb016a01be00c800fb001901be005d005400fc
0142001a00e700e6018500570042007900d601e400c800ea00c20147009000b3016f004501de016c009f0027005601ad006100100167008d017e01e6014101e0
01c7003201fe00df00a3005401c3013f009b01e901ce01dd0004012d01c801ea003000d30081000e012400c5002d002401050052008a00d2003400e8016200c0
00a6001d0028001000c100c90095004200ec0142009000130051005401c80071017c00900108014c007300f3009d0007000500310051002b001b00b000cd012e
0071015e01780018016101b80074014e004e019201cd0087016700fe004400940048016600c9000c01de0124009700fe001e01fb01a0007b007901b0003f003f
000900d0019001cd002300ca016e01fc00c80188004d00ac000001d7019a00f10103009f005700d701a6005d008900d8010a0144007d00c900050123007d0019
00b4006401fd009d00dc00d200b1015c01de00df0064003c01b5006901c701f2014400a901d100da0120007900f901f201750027008f0198016b013900060114
006300be00c80189011500e901d1007b00f8011e0121000f006201dd0016018200b2015b012b01b200e7001e00a60116016d016a001901a7018900f5011c00f9
01e300bd011c00cc00e4008e01cc01ed017b008401c500bf0178004a006a012e00a8008d01a4001d000200e70185001401c50049004400b9016200210184016c
00d7003400640009001501ca00520080014100d500aa00550022009200e400e900820129012d00df01fa00dd00bb016000fc018901d901200174003201cb00f3
016c0153018401a501c90015015601bc00b2003400d9008f0046004e01300130018c01190105015f00b901260170017c01c401ec0116018d0003018e008701a4
01d7001f01c301d7013d0181018d015800dc001101a3017f004200ec011a00b5001501670049010b00a50025004000ce01a1001801d80172014300d501d90090
000000000000000000000000000000000000000000000000000000000000000000000000000000000000000000000000000000000000000000000000000000ff
00000000000000000000000000000000000000000000000000000000000000000000000000000000000000000000000000000000000000000000000000000000
00000000000000000000000000000000000000000000000000000000000000000000000000000000000000000000000000000000000000000000000000000000
00000000000000000000000000000000000000000000000000000000000000000000000000000000000000000000000000000000000000000000000000000000
00000000000000000000000000000000000000000000000000000000000000000000000000000000000000000000000000000000000000000000000000000000
00000000000000000000000000000000000000000000000000000000000000000000000000000000000000000000000000000000000000000000000000000000
00000000000000000000000000000000000000000000000000000000000000000000000000000000000000000000000000000000000000000000000000000000
00000000000000000000000000000000000000000000000000000000000000000000000000000000000000000000000000000000000000000000000000000000
00000000000000000000000000000000000000000000000000000000000000000000000000000000000000000000000000000000000000000000000000000000
00000000000000000000000000000000000000000000000000000000000000000000000000000000000000000000000000000000000000000000000000000000
00000000000000000000000000000000000000000000000000000000000000000000000000000000000000000000000000000000000000000000000000000000
00000000000000000000000000000000000000000000000000000000000000000000000000000000000000000000000000000000000000000000000000000000
00000000000000000000000000000000000000000000000000000000000000000000000000000000000000000000000000000000000000000000000000000000
00000000000000000000000000000000000000000000000000000000000000000000000000000000000000000000000000000000000000000000000000000000
00000000000000000000000000000000000000000000000000000000000000000000000000000000000000000000000000000000000000000000000000000000
00000000000000000000000000000000000000000000000000000000000000000000000000000000000000000000000000000000000000000000000000000000
00000000000000000000000000000000000000000000000000000000000000000000000000000000000000000000000000000000000000000000000000000000
00000000000000000000000000000000000000000000000000000000000000000000000000000000000000000000000000000000000000000000000000000000
00000000000000000000000000000000000000000000000000000000000000000000000000000000000000000000000000000000000000000000000000000000
00000000000000000000000000000000000000000000000000000000000000000000000000000000000000000000000000000000000000000000000000000000
00000000000000000000000000000000000000000000000000000000000000000000000000000000000000000000000000000000000000000000000000000000
00000000000000000000000000000000000000000000000000000000000000000000000000000000000000000000000000000000000000000000000000000000
00000000000000000000000000000000000000000000000000000000000000000000000000000000000000000000000000000000000000000000000000000000
00000000000000000000000000000000000000000000000000000000000000000000000000000000000000000000000000000000000000000000000000000000
00000000000000000000000000000000000000000000000000000000000000000000000000000000000000000000000000000000000000000000000000000000
00000000000000000000000000000000000000000000000000000000000000000000000000000000000000000000000000000000000000000000000000000000
00000000000000000000000000000000000000000000000000000000000000000000000000000000000000000000000000000000000000000000000000000000
00000000000000000000000000000000000000000000000000000000000000000000000000000000000000000000000000000000000000000000000000000000
00000000000000000000000000000000000000000000000000000000000000000000000000000000000000000000000000000000000000000000000000000000
00000000000000000000000000000000000000000000000000000000000000000000000000000000000000000000000000000000000000000000000000000000
00000000000000000000000000000000000000000000000000000000000000000000000000000000000000000000000000000000000000000000000000000000
00000000000000000000000000000000000000000000000000000000000000000000000000000000000000000000000000000000000000000000000000000000
000000000000000000000000000000000000000000000000000000000000000000000000000000000000000000000000000000000000000000ff000000000000
00000000000000000000000000000000000000000000000000000000000000000000000000000000000000000000000000000000000000000000000000000000
00000000000000000000000000000000000000000000000000000000000000000000000000000000000000000000000000000000000000000000000000000000
00000000000000000000000000000000000000000000000000000000000000000000000000000000000000000000000000000000000000000000000000000000
00000000000000000000000000000000000000000000000000000000000000000000000000000000000000000000000000000000000000000000000000000000
00000000000000000000000000000000000000000000000000000000000000000000000000000000000000000000000000000000000000000000000000000000
00000000000000000000000000000000000000000000000000000000000000000000000000000000000000000000000000000000000000000000000000000000
00000000000000000000000000000000000000000000000000000000000000000000000000000000000000000000000000000000000000000000000000000000
00000000000000000000000000000000000000000000000000000000000000000000000000000000000000000000000000000000000000000000000000000000
00000000000000000000000000000000000000000000000000000000000000000000000000000000000000000000000000000000000000000000000000000000
00000000000000000000000000000000000000000000000000000000000000000000000000000000000000000000000000000000000000000000000000000000
00000000000000000000000000000000000000000000000000000000000000000000000000000000000000000000000000000000000000000000000000000000
00000000000000000000000000000000000000000000000000000000000000000000000000000000000000000000000000000000000000000000000000000000
00000000000000000000000000000000000000000000000000000000000000000000000000000000000000000000000000000000000000000000000000000000
00000000000000000000000000000000000000000000000000000000000000000000000000000000000000000000000000000000000000000000000000000000
00000000000000000000000000000000000000000000000000000000000000000000000000000000000000000000000000000000000000000000000000000000
00000000000000000000000000000000000000000000000000000000000000000000000000000000000000000000000000000000000000000000000000000000
00000000000000000000000000000000000000000000000000000000000000000000000000000000000000000000000000000000000000000000000000000000
00000000000000000000000000000000000000000000000000000000000000000000000000000000000000000000000000000000000000000000000000000000
00000000000000000000000000000000000000000000000000000000000000000000000000000000000000000000000000000000000000000000000000000000
00000000000000000000000000000000000000000000000000000000000000000000000000000000000000000000000000000000000000000000000000000000
00000000000000000000000000000000000000000000000000000000000000000000000000000000000000000000000000000000000000000000000000000000
00000000000000000000000000000000000000000000000000000000000000000000000000000000000000000000000000000000000000000000000000000000
00000000000000000000000000000000000000000000000000000000000000000000000000000000000000000000000000000000000000000000000000000000
00000000000000000000000000000000000000000000000000000000000000000000000000000000000000000000000000000000000000000000000000000000
00000000000000000000000000000000000000000000000000000000000000000000000000000000000000000000000000000000000000000000000000000000
00000000000000000000000000000000000000000000000000000000000000000000000000000000000000000000000000000000000000000000000000000000
00000000000000000000000000000000000000000000000000000000000000000000000000000000000000000000000000000000000000000000000000000000
00000000000000000000000000000000000000000000000000000000000000000000000000000000000000000000000000000000000000000000000000000000
00000000000000000000000000000000000000000000000000000000000000000000000000000000000000000000000000000000000000000000000000000000
00000000000000000000000000000000000000000000000000000000000000000000000000000000000000000000000000000000000000000000000000000000
00000000000000000000000000000000000000000000000000000000000000000000000000000000000000000000000000000000000000000000000000000000
0000000000000000000000000000000000000000000000000000000000000000000000000000000000000000000000ff00000000000000000000000000000000
00000000000000000000000000000000000000000000000000000000000000000000000000000000000000000000000000000000000000000000000000000000
00000000000000000000000000000000000000000000000000000000000000000000000000000000000000000000000000000000000000000000000000000000
00000000000000000000000000000000000000000000000000000000000000000000000000000000000000000000000000000000000000000000000000000000
00000000000000000000000000000000000000000000000000000000000000000000000000000000000000000000000000000000000000000000000000000000
00000000000000000000000000000000000000000000000000000000000000000000000000000000000000000000000000000000000000000000000000000000
00000000000000000000000000000000000000000000000000000000000000000000000000000000000000000000000000000000000000000000000000000000
00000000000000000000000000000000000000000000000000000000000000000000000000000000000000000000000000000000000000000000000000000000
00000000000000000000000000000000000000000000000000000000000000000000000000000000000000000000000000000000000000000000000000000000
00000000000000000000000000000000000000000000000000000000000000000000000000000000000000000000000000000000000000000000000000000000
00000000000000000000000000000000000000000000000000000000000000000000000000000000000000000000000000000000000000000000000000000000
00000000000000000000000000000000000000000000000000000000000000000000000000000000000000000000000000000000000000000000000000000000
00000000000000000000000000000000000000000000000000000000000000000000000000000000000000000000000000000000000000000000000000000000
00000000000000000000000000000000000000000000000000000000000000000000000000000000000000000000000000000000000000000000000000000000
00000000000000000000000000000000000000000000000000000000000000000000000000000000000000000000000000000000000000000000000000000000
00000000000000000000000000000000000000000000000000000000000000000000000000000000000000000000000000000000000000000000000000000000
00000000000000000000000000000000000000000000000000000000000000000000000000000000000000000000000000000000000000000000000000000000
00000000000000000000000000000000000000000000000000000000000000000000000000000000000000000000000000000000000000000000000000000000
00000000000000000000000000000000000000000000000000000000000000000000000000000000000000000000000000000000000000000000000000000000
00000000000000000000000000000000000000000000000000000000000000000000000000000000000000000000000000000000000000000000000000000000
00000000000000000000000000000000000000000000000000000000000000000000000000000000000000000000000000000000000000000000000000000000
00000000000000000000000000000000000000000000000000000000000000000000000000000000000000000000000000000000000000000000000000000000
00000000000000000000000000000000000000000000000000000000000000000000000000000000000000000000000000000000000000000000000000000000
00000000000000000000000000000000000000000000000000000000000000000000000000000000000000000000000000000000000000000000000000000000
00000000000000000000000000000000000000000000000000000000000000000000000000000000000000000000000000000000000000000000000000000000
00000000000000000000000000000000000000000000000000000000000000000000000000000000000000000000000000000000000000000000000000000000
00000000000000000000000000000000000000000000000000000000000000000000000000000000000000000000000000000000000000000000000000000000
00000000000000000000000000000000000000000000000000000000000000000000000000000000000000000000000000000000000000000000000000000000
00000000000000000000000000000000000000000000000000000000000000000000000000000000000000000000000000000000000000000000000000000000
00000000000000000000000000000000000000000000000000000000000000000000000000000000000000000000000000000000000000000000000000000000
00000000000000000000000000000000000000000000000000000000000000000000000000000000000000000000000000000000000000000000000000000000
00000000000000000000000000000000000000000000000000000000000000000000000000000000000000000000000000000000000000000000000000000000
0000000000000000000000000000000000000000000000000000000000000000000000000000000000ff00000000000000000000000000000000000000000000
00000000000000000000000000000000000000000000000000000000000000000000000000000000000000000000000000000000000000000000000000000000
00000000000000000000000000000000000000000000000000000000000000000000000000000000000000000000000000000000000000000000000000000000
00000000000000000000000000000000000000000000000000000000000000000000000000000000000000000000000000000000000000000000000000000000
00000000000000000000000000000000000000000000000000000000000000000000000000000000000000000000000000000000000000000000000000000000
00000000000000000000000000000000000000000000000000000000000000000000000000000000000000000000000000000000000000000000000000000000
00000000000000000000000000000000000000000000000000000000000000000000000000000000000000000000000000000000000000000000000000000000
00000000000000000000000000000000000000000000000000000000000000000000000000000000000000000000000000000000000000000000000000000000
00000000000000000000000000000000000000000000000000000000000000000000000000000000000000000000000000000000000000000000000000000000
00000000000000000000000000000000000000000000000000000000000000000000000000000000000000000000000000000000000000000000000000000000
00000000000000000000000000000000000000000000000000000000000000000000000000000000000000000000000000000000000000000000000000000000
00000000000000000000000000000000000000000000000000000000000000000000000000000000000000000000000000000000000000000000000000000000
00000000000000000000000000000000000000000000000000000000000000000000000000000000000000000000000000000000000000000000000000000000
00000000000000000000000000000000000000000000000000000000000000000000000000000000000000000000000000000000000000000000000000000000
00000000000000000000000000000000000000000000000000000000000000000000000000000000000000000000000000000000000000000000000000000000
00000000000000000000000000000000000000000000000000000000000000000000000000000000000000000000000000000000000000000000000000000000
00000000000000000000000000000000000000000000000000000000000000000000000000000000000000000000000000000000000000000000000000000000
00000000000000000000000000000000000000000000000000000000000000000000000000000000000000000000000000000000000000000000000000000000
00000000000000000000000000000000000000000000000000000000000000000000000000000000000000000000000000000000000000000000000000000000
00000000000000000000000000000000000000000000000000000000000000000000000000000000000000000000000000000000000000000000000000000000
00000000000000000000000000000000000000000000000000000000000000000000000000000000000000000000000000000000000000000000000000000000
00000000000000000000000000000000000000000000000000000000000000000000000000000000000000000000000000000000000000000000000000000000
00000000000000000000000000000000000000000000000000000000000000000000000000000000000000000000000000000000000000000000000000000000
00000000000000000000000000000000000000000000000000000000000000000000000000000000000000000000000000000000000000000000000000000000
00000000000000000000000000000000000000000000000000000000000000000000000000000000000000000000000000000000000000000000000000000000
00000000000000000000000000000000000000000000000000000000000000000000000000000000000000000000000000000000000000000000000000000000
00000000000000000000000000000000000000000000000000000000000000000000000000000000000000000000000000000000000000000000000000000000
00000000000000000000000000000000000000000000000000000000000000000000000000000000000000000000000000000000000000000000000000000000
00000000000000000000000000000000000000000000000000000000000000000000000000000000000000000000000000000000000000000000000000000000
00000000000000000000000000000000000000000000000000000000000000000000000000000000000000000000000000000000000000000000000000000000
00000000000000000000000000000000000000000000000000000000000000000000000000000000000000000000000000000000000000000000000000000000
00000000000000000000000000000000000000000000000000000000000000000000000000000000000000000000000000000000000000000000000000000000
000000000000000000000000000000000000000000000000000000000000000000000000000000ff000000000000000000000000000000000000000000000000
00000000000000000000000000000000000000000000000000000000000000000000000000000000000000000000000000000000000000000000000000000000
00000000000000000000000000000000000000000000000000000000000000000000000000000000000000000000000000000000000000000000000000000000
00000000000000000000000000000000000000000000000000000000000000000000000000000000000000000000000000000000000000000000000000000000
00000000000000000000000000000000000000000000000000000000000000000000000000000000000000000000000000000000000000000000000000000000
00000000000000000000000000000000000000000000000000000000000000000000000000000000000000000000000000000000000000000000000000000000
00000000000000000000000000000000000000000000000000000000000000000000000000000000000000000000000000000000000000000000000000000000
00000000000000000000000000000000000000000000000000000000000000000000000000000000000000000000000000000000000000000000000000000000
00000000000000000000000000000000000000000000000000000000000000000000000000000000000000000000000000000000000000000000000000000000
00000000000000000000000000000000000000000000000000000000000000000000000000000000000000000000000000000000000000000000000000000000
00000000000000000000000000000000000000000000000000000000000000000000000000000000000000000000000000000000000000000000000000000000
00000000000000000000000000000000000000000000000000000000000000000000000000000000000000000000000000000000000000000000000000000000
00000000000000000000000000000000000000000000000000000000000000000000000000000000000000000000000000000000000000000000000000000000
00000000000000000000000000000000000000000000000000000000000000000000000000000000000000000000000000000000000000000000000000000000
00000000000000000000000000000000000000000000000000000000000000000000000000000000000000000000000000000000000000000000000000000000
00000000000000000000000000000000000000000000000000000000000000000000000000000000000000000000000000000000000000000000000000000000
00000000000000000000000000000000000000000000000000000000000000000000000000000000000000000000000000000000000000000000000000000000
00000000000000000000000000000000000000000000000000000000000000000000000000000000000000000000000000000000000000000000000000000000
00000000000000000000000000000000000000000000000000000000000000000000000000000000000000000000000000000000000000000000000000000000
00000000000000000000000000000000000000000000000000000000000000000000000000000000000000000000000000000000000000000000000000000000
00000000000000000000000000000000000000000000000000000000000000000000000000000000000000000000000000000000000000000000000000000000
00000000000000000000000000000000000000000000000000000000000000000000000000000000000000000000000000000000000000000000000000000000
00000000000000000000000000000000000000000000000000000000000000000000000000000000000000000000000000000000000000000000000000000000
00000000000000000000000000000000000000000000000000000000000000000000000000000000000000000000000000000000000000000000000000000000
00000000000000000000000000000000000000000000000000000000000000000000000000000000000000000000000000000000000000000000000000000000
00000000000000000000000000000000000000000000000000000000000000000000000000000000000000000000000000000000000000000000000000000000
00000000000000000000000000000000000000000000000000000000000000000000000000000000000000000000000000000000000000000000000000000000
00000000000000000000000000000000000000000000000000000000000000000000000000000000000000000000000000000000000000000000000000000000
00000000000000000000000000000000000000000000000000000000000000000000000000000000000000000000000000000000000000000000000000000000
00000000000000000000000000000000000000000000000000000000000000000000000000000000000000000000000000000000000000000000000000000000
00000000000000000000000000000000000000000000000000000000000000000000000000000000000000000000000000000000000000000000000000000000
00000000000000000000000000000000000000000000000000000000000000000000000000000000000000000000000000000000000000000000000000000000
000000000000000000000000000000000000000000000000000000000000000000ff000000000000000000000000000000000000000000000000000000000000
00000000000000000000000000000000000000000000000000000000000000000000000000000000000000000000000000000000000000000000000000000000
00000000000000000000000000000000000000000000000000000000000000000000000000000000000000000000000000000000000000000000000000000000
00000000000000000000000000000000000000000000000000000000000000000000000000000000000000000000000000000000000000000000000000000000
00000000000000000000000000000000000000000000000000000000000000000000000000000000000000000000000000000000000000000000000000000000
00000000000000000000000000000000000000000000000000000000000000000000000000000000000000000000000000000000000000000000000000000000
00000000000000000000000000000000000000000000000000000000000000000000000000000000000000000000000000000000000000000000000000000000
00000000000000000000000000000000000000000000000000000000000000000000000000000000000000000000000000000000000000000000000000000000
00000000000000000000000000000000000000000000000000000000000000000000000000000000000000000000000000000000000000000000000000000000
00000000000000000000000000000000000000000000000000000000000000000000000000000000000000000000000000000000000000000000000000000000
00000000000000000000000000000000000000000000000000000000000000000000000000000000000000000000000000000000000000000000000000000000
00000000000000000000000000000000000000000000000000000000000000000000000000000000000000000000000000000000000000000000000000000000
00000000000000000000000000000000000000000000000000000000000000000000000000000000000000000000000000000000000000000000000000000000
00000000000000000000000000000000000000000000000000000000000000000000000000000000000000000000000000000000000000000000000000000000
00000000000000000000000000000000000000000000000000000000000000000000000000000000000000000000000000000000000000000000000000000000
00000000000000000000000000000000000000000000000000000000000000000000000000000000000000000000000000000000000000000000000000000000
00000000000000000000000000000000000000000000000000000000000000000000000000000000000000000000000000000000000000000000000000000000
00000000000000000000000000000000000000000000000000000000000000000000000000000000000000000000000000000000000000000000000000000000
00000000000000000000000000000000000000000000000000000000000000000000000000000000000000000000000000000000000000000000000000000000
00000000000000000000000000000000000000000000000000000000000000000000000000000000000000000000000000000000000000000000000000000000
00000000000000000000000000000000000000000000000000000000000000000000000000000000000000000000000000000000000000000000000000000000
00000000000000000000000000000000000000000000000000000000000000000000000000000000000000000000000000000000000000000000000000000000
00000000000000000000000000000000000000000000000000000000000000000000000000000000000000000000000000000000000000000000000000000000
00000000000000000000000000000000000000000000000000000000000000000000000000000000000000000000000000000000000000000000000000000000
00000000000000000000000000000000000000000000000000000000000000000000000000000000000000000000000000000000000000000000000000000000
00000000000000000000000000000000000000000000000000000000000000000000000000000000000000000000000000000000000000000000000000000000
00000000000000000000000000000000000000000000000000000000000000000000000000000000000000000000000000000000000000000000000000000000
00000000000000000000000000000000000000000000000000000000000000000000000000000000000000000000000000000000000000000000000000000000
00000000000000000000000000000000000000000000000000000000000000000000000000000000000000000000000000000000000000000000000000000000
00000000000000000000000000000000000000000000000000000000000000000000000000000000000000000000000000000000000000000000000000000000
00000000000000000000000000000000000000000000000000000000000000000000000000000000000000000000000000000000000000000000000000000000
00000000000000000000000000000000000000000000000000000000000000000000000000000000000000000000000000000000000000000000000000000000
00000000000000000000000000000000000000000000000000000000000000ff0000000000000000000000000000000000000000000000000000000000000000
00000000000000000000000000000000000000000000000000000000000000000000000000000000000000000000000000000000000000000000000000000000
00000000000000000000000000000000000000000000000000000000000000000000000000000000000000000000000000000000000000000000000000000000
00000000000000000000000000000000000000000000000000000000000000000000000000000000000000000000000000000000000000000000000000000000
00000000000000000000000000000000000000000000000000000000000000000000000000000000000000000000000000000000000000000000000000000000
00000000000000000000000000000000000000000000000000000000000000000000000000000000000000000000000000000000000000000000000000000000
00000000000000000000000000000000000000000000000000000000000000000000000000000000000000000000000000000000000000000000000000000000
00000000000000000000000000000000000000000000000000000000000000000000000000000000000000000000000000000000000000000000000000000000
00000000000000000000000000000000000000000000000000000000000000000000000000000000000000000000000000000000000000000000000000000000
00000000000000000000000000000000000000000000000000000000000000000000000000000000000000000000000000000000000000000000000000000000
00000000000000000000000000000000000000000000000000000000000000000000000000000000000000000000000000000000000000000000000000000000
00000000000000000000000000000000000000000000000000000000000000000000000000000000000000000000000000000000000000000000000000000000
00000000000000000000000000000000000000000000000000000000000000000000000000000000000000000000000000000000000000000000000000000000
00000000000000000000000000000000000000000000000000000000000000000000000000000000000000000000000000000000000000000000000000000000
00000000000000000000000000000000000000000000000000000000000000000000000000000000000000000000000000000000000000000000000000000000
00000000000000000000000000000000000000000000000000000000000000000000000000000000000000000000000000000000000000000000000000000000
00000000000000000000000000000000000000000000000000000000000000000000000000000000000000000000000000000000000000000000000000000000
00000000000000000000000000000000000000000000000000000000000000000000000000000000000000000000000000000000000000000000000000000000
00000000000000000000000000000000000000000000000000000000000000000000000000000000000000000000000000000000000000000000000000000000
00000000000000000000000000000000000000000000000000000000000000000000000000000000000000000000000000000000000000000000000000000000
00000000000000000000000000000000000000000000000000000000000000000000000000000000000000000000000000000000000000000000000000000000
00000000000000000000000000000000000000000000000000000000000000000000000000000000000000000000000000000000000000000000000000000000
00000000000000000000000000000000000000000000000000000000000000000000000000000000000000000000000000000000000000000000000000000000
00000000000000000000000000000000000000000000000000000000000000000000000000000000000000000000000000000000000000000000000000000000
00000000000000000000000000000000000000000000000000000000000000000000000000000000000000000000000000000000000000000000000000000000
00000000000000000000000000000000000000000000000000000000000000000000000000000000000000000000000000000000000000000000000000000000
00000000000000000000000000000000000000000000000000000000000000000000000000000000000000000000000000000000000000000000000000000000
00000000000000000000000000000000000000000000000000000000000000000000000000000000000000000000000000000000000000000000000000000000
00000000000000000000000000000000000000000000000000000000000000000000000000000000000000000000000000000000000000000000000000000000
00000000000000000000000000000000000000000000000000000000000000000000000000000000000000000000000000000000000000000000000000000000
00000000000000000000000000000000000000000000000000000000000000000000000000000000000000000000000000000000000000000000000000000000
00000000000000000000000000000000000000000000000000000000000000000000000000000000000000000000000000000000000000000000000000000000
00000000000000000000000000000000000000000000000000ff0000000000000000000000000000000000000000000000000000000000000000000000000000
00000000000000000000000000000000000000000000000000000000000000000000000000000000000000000000000000000000000000000000000000000000
00000000000000000000000000000000000000000000000000000000000000000000000000000000000000000000000000000000000000000000000000000000
00000000000000000000000000000000000000000000000000000000000000000000000000000000000000000000000000000000000000000000000000000000
00000000000000000000000000000000000000000000000000000000000000000000000000000000000000000000000000000000000000000000000000000000
00000000000000000000000000000000000000000000000000000000000000000000000000000000000000000000000000000000000000000000000000000000
00000000000000000000000000000000000000000000000000000000000000000000000000000000000000000000000000000000000000000000000000000000
00000000000000000000000000000000000000000000000000000000000000000000000000000000000000000000000000000000000000000000000000000000
00000000000000000000000000000000000000000000000000000000000000000000000000000000000000000000000000000000000000000000000000000000
00000000000000000000000000000000000000000000000000000000000000000000000000000000000000000000000000000000000000000000000000000000
00000000000000000000000000000000000000000000000000000000000000000000000000000000000000000000000000000000000000000000000000000000
00000000000000000000000000000000000000000000000000000000000000000000000000000000000000000000000000000000000000000000000000000000
00000000000000000000000000000000000000000000000000000000000000000000000000000000000000000000000000000000000000000000000000000000
00000000000000000000000000000000000000000000000000000000000000000000000000000000000000000000000000000000000000000000000000000000
00000000000000000000000000000000000000000000000000000000000000000000000000000000000000000000000000000000000000000000000000000000
00000000000000000000000000000000000000000000000000000000000000000000000000000000000000000000000000000000000000000000000000000000
00000000000000000000000000000000000000000000000000000000000000000000000000000000000000000000000000000000000000000000000000000000
00000000000000000000000000000000000000000000000000000000000000000000000000000000000000000000000000000000000000000000000000000000
00000000000000000000000000000000000000000000000000000000000000000000000000000000000000000000000000000000000000000000000000000000
00000000000000000000000000000000000000000000000000000000000000000000000000000000000000000000000000000000000000000000000000000000
00000000000000000000000000000000000000000000000000000000000000000000000000000000000000000000000000000000000000000000000000000000
00000000000000000000000000000000000000000000000000000000000000000000000000000000000000000000000000000000000000000000000000000000
00000000000000000000000000000000000000000000000000000000000000000000000000000000000000000000000000000000000000000000000000000000
00000000000000000000000000000000000000000000000000000000000000000000000000000000000000000000000000000000000000000000000000000000
00000000000000000000000000000000000000000000000000000000000000000000000000000000000000000000000000000000000000000000000000000000
00000000000000000000000000000000000000000000000000000000000000000000000000000000000000000000000000000000000000000000000000000000
00000000000000000000000000000000000000000000000000000000000000000000000000000000000000000000000000000000000000000000000000000000
00000000000000000000000000000000000000000000000000000000000000000000000000000000000000000000000000000000000000000000000000000000
00000000000000000000000000000000000000000000000000000000000000000000000000000000000000000000000000000000000000000000000000000000
00000000000000000000000000000000000000000000000000000000000000000000000000000000000000000000000000000000000000000000000000000000
00000000000000000000000000000000000000000000000000000000000000000000000000000000000000000000000000000000000000000000000000000000
00000000000000000000000000000000000000000000000000000000000000000000000000000000000000000000000000000000000000000000000000000000
0000000000000000000000000000000000000000000000ff00000000000000000000000000000000000000000000000000000000000000000000000000000000
00000000000000000000000000000000000000000000000000000000000000000000000000000000000000000000000000000000000000000000000000000000
00000000000000000000000000000000000000000000000000000000000000000000000000000000000000000000000000000000000000000000000000000000
00000000000000000000000000000000000000000000000000000000000000000000000000000000000000000000000000000000000000000000000000000000
00000000000000000000000000000000000000000000000000000000000000000000000000000000000000000000000000000000000000000000000000000000
00000000000000000000000000000000000000000000000000000000000000000000000000000000000000000000000000000000000000000000000000000000
00000000000000000000000000000000000000000000000000000000000000000000000000000000000000000000000000000000000000000000000000000000
00000000000000000000000000000000000000000000000000000000000000000000000000000000000000000000000000000000000000000000000000000000
00000000000000000000000000000000000000000000000000000000000000000000000000000000000000000000000000000000000000000000000000000000
00000000000000000000000000000000000000000000000000000000000000000000000000000000000000000000000000000000000000000000000000000000
00000000000000000000000000000000000000000000000000000000000000000000000000000000000000000000000000000000000000000000000000000000
00000000000000000000000000000000000000000000000000000000000000000000000000000000000000000000000000000000000000000000000000000000
00000000000000000000000000000000000000000000000000000000000000000000000000000000000000000000000000000000000000000000000000000000
00000000000000000000000000000000000000000000000000000000000000000000000000000000000000000000000000000000000000000000000000000000
00000000000000000000000000000000000000000000000000000000000000000000000000000000000000000000000000000000000000000000000000000000
00000000000000000000000000000000000000000000000000000000000000000000000000000000000000000000000000000000000000000000000000000000
00000000000000000000000000000000000000000000000000000000000000000000000000000000000000000000000000000000000000000000000000000000
00000000000000000000000000000000000000000000000000000000000000000000000000000000000000000000000000000000000000000000000000000000
00000000000000000000000000000000000000000000000000000000000000000000000000000000000000000000000000000000000000000000000000000000
00000000000000000000000000000000000000000000000000000000000000000000000000000000000000000000000000000000000000000000000000000000
00000000000000000000000000000000000000000000000000000000000000000000000000000000000000000000000000000000000000000000000000000000
00000000000000000000000000000000000000000000000000000000000000000000000000000000000000000000000000000000000000000000000000000000
00000000000000000000000000000000000000000000000000000000000000000000000000000000000000000000000000000000000000000000000000000000
00000000000000000000000000000000000000000000000000000000000000000000000000000000000000000000000000000000000000000000000000000000
00000000000000000000000000000000000000000000000000000000000000000000000000000000000000000000000000000000000000000000000000000000
00000000000000000000000000000000000000000000000000000000000000000000000000000000000000000000000000000000000000000000000000000000
00000000000000000000000000000000000000000000000000000000000000000000000000000000000000000000000000000000000000000000000000000000
00000000000000000000000000000000000000000000000000000000000000000000000000000000000000000000000000000000000000000000000000000000
00000000000000000000000000000000000000000000000000000000000000000000000000000000000000000000000000000000000000000000000000000000
00000000000000000000000000000000000000000000000000000000000000000000000000000000000000000000000000000000000000000000000000000000
00000000000000000000000000000000000000000000000000000000000000000000000000000000000000000000000000000000000000000000000000000000
00000000000000000000000000000000000000000000000000000000000000000000000000000000000000000000000000000000000000000000000000000000
0000000000000000000000000000000000ff00000000000000000000000000000000000000000000000000000000000000000000000000000000000000000000
00000000000000000000000000000000000000000000000000000000000000000000000000000000000000000000000000000000000000000000000000000000
00000000000000000000000000000000000000000000000000000000000000000000000000000000000000000000000000000000000000000000000000000000
00000000000000000000000000000000000000000000000000000000000000000000000000000000000000000000000000000000000000000000000000000000
00000000000000000000000000000000000000000000000000000000000000000000000000000000000000000000000000000000000000000000000000000000
00000000000000000000000000000000000000000000000000000000000000000000000000000000000000000000000000000000000000000000000000000000
00000000000000000000000000000000000000000000000000000000000000000000000000000000000000000000000000000000000000000000000000000000
00000000000000000000000000000000000000000000000000000000000000000000000000000000000000000000000000000000000000000000000000000000
00000000000000000000000000000000000000000000000000000000000000000000000000000000000000000000000000000000000000000000000000000000
00000000000000000000000000000000000000000000000000000000000000000000000000000000000000000000000000000000000000000000000000000000
00000000000000000000000000000000000000000000000000000000000000000000000000000000000000000000000000000000000000000000000000000000
00000000000000000000000000000000000000000000000000000000000000000000000000000000000000000000000000000000000000000000000000000000
00000000000000000000000000000000000000000000000000000000000000000000000000000000000000000000000000000000000000000000000000000000
00000000000000000000000000000000000000000000000000000000000000000000000000000000000000000000000000000000000000000000000000000000
00000000000000000000000000000000000000000000000000000000000000000000000000000000000000000000000000000000000000000000000000000000
00000000000000000000000000000000000000000000000000000000000000000000000000000000000000000000000000000000000000000000000000000000
00000000000000000000000000000000000000000000000000000000000000000000000000000000000000000000000000000000000000000000000000000000
00000000000000000000000000000000000000000000000000000000000000000000000000000000000000000000000000000000000000000000000000000000
00000000000000000000000000000000000000000000000000000000000000000000000000000000000000000000000000000000000000000000000000000000
00000000000000000000000000000000000000000000000000000000000000000000000000000000000000000000000000000000000000000000000000000000
00000000000000000000000000000000000000000000000000000000000000000000000000000000000000000000000000000000000000000000000000000000
00000000000000000000000000000000000000000000000000000000000000000000000000000000000000000000000000000000000000000000000000000000
00000000000000000000000000000000000000000000000000000000000000000000000000000000000000000000000000000000000000000000000000000000
00000000000000000000000000000000000000000000000000000000000000000000000000000000000000000000000000000000000000000000000000000000
00000000000000000000000000000000000000000000000000000000000000000000000000000000000000000000000000000000000000000000000000000000
00000000000000000000000000000000000000000000000000000000000000000000000000000000000000000000000000000000000000000000000000000000
00000000000000000000000000000000000000000000000000000000000000000000000000000000000000000000000000000000000000000000000000000000
00000000000000000000000000000000000000000000000000000000000000000000000000000000000000000000000000000000000000000000000000000000
00000000000000000000000000000000000000000000000000000000000000000000000000000000000000000000000000000000000000000000000000000000
00000000000000000000000000000000000000000000000000000000000000000000000000000000000000000000000000000000000000000000000000000000
00000000000000000000000000000000000000000000000000000000000000000000000000000000000000000000000000000000000000000000000000000000
00000000000000000000000000000000000000000000000000000000000000000000000000000000000000000000000000000000000000000000000000000000
000000000000000000000000000000ff000000000000000000000000000000000000000000000000000000000000000000000000000000000000000000000000
00000000000000000000000000000000000000000000000000000000000000000000000000000000000000000000000000000000000000000000000000000000
00000000000000000000000000000000000000000000000000000000000000000000000000000000000000000000000000000000000000000000000000000000
00000000000000000000000000000000000000000000000000000000000000000000000000000000000000000000000000000000000000000000000000000000
00000000000000000000000000000000000000000000000000000000000000000000000000000000000000000000000000000000000000000000000000000000
00000000000000000000000000000000000000000000000000000000000000000000000000000000000000000000000000000000000000000000000000000000
00000000000000000000000000000000000000000000000000000000000000000000000000000000000000000000000000000000000000000000000000000000
00000000000000000000000000000000000000000000000000000000000000000000000000000000000000000000000000000000000000000000000000000000
00000000000000000000000000000000000000000000000000000000000000000000000000000000000000000000000000000000000000000000000000000000
00000000000000000000000000000000000000000000000000000000000000000000000000000000000000000000000000000000000000000000000000000000
00000000000000000000000000000000000000000000000000000000000000000000000000000000000000000000000000000000000000000000000000000000
00000000000000000000000000000000000000000000000000000000000000000000000000000000000000000000000000000000000000000000000000000000
00000000000000000000000000000000000000000000000000000000000000000000000000000000000000000000000000000000000000000000000000000000
00000000000000000000000000000000000000000000000000000000000000000000000000000000000000000000000000000000000000000000000000000000
00000000000000000000000000000000000000000000000000000000000000000000000000000000000000000000000000000000000000000000000000000000
00000000000000000000000000000000000000000000000000000000000000000000000000000000000000000000000000000000000000000000000000000000
00000000000000000000000000000000000000000000000000000000000000000000000000000000000000000000000000000000000000000000000000000000
00000000000000000000000000000000000000000000000000000000000000000000000000000000000000000000000000000000000000000000000000000000
00000000000000000000000000000000000000000000000000000000000000000000000000000000000000000000000000000000000000000000000000000000
00000000000000000000000000000000000000000000000000000000000000000000000000000000000000000000000000000000000000000000000000000000
00000000000000000000000000000000000000000000000000000000000000000000000000000000000000000000000000000000000000000000000000000000
00000000000000000000000000000000000000000000000000000000000000000000000000000000000000000000000000000000000000000000000000000000
00000000000000000000000000000000000000000000000000000000000000000000000000000000000000000000000000000000000000000000000000000000
00000000000000000000000000000000000000000000000000000000000000000000000000000000000000000000000000000000000000000000000000000000
00000000000000000000000000000000000000000000000000000000000000000000000000000000000000000000000000000000000000000000000000000000
00000000000000000000000000000000000000000000000000000000000000000000000000000000000000000000000000000000000000000000000000000000
00000000000000000000000000000000000000000000000000000000000000000000000000000000000000000000000000000000000000000000000000000000
00000000000000000000000000000000000000000000000000000000000000000000000000000000000000000000000000000000000000000000000000000000
00000000000000000000000000000000000000000000000000000000000000000000000000000000000000000000000000000000000000000000000000000000
00000000000000000000000000000000000000000000000000000000000000000000000000000000000000000000000000000000000000000000000000000000
00000000000000000000000000000000000000000000000000000000000000000000000000000000000000000000000000000000000000000000000000000000
00000000000000000000000000000000000000000000000000000000000000000000000000000000000000000000000000000000000000000000000000000000
000000000000000000ff000000000000000000000000000000000000000000000000000000000000000000000000000000000000000000000000000000000000
00000000000000000000000000000000000000000000000000000000000000000000000000000000000000000000000000000000000000000000000000000000
00000000000000000000000000000000000000000000000000000000000000000000000000000000000000000000000000000000000000000000000000000000
00000000000000000000000000000000000000000000000000000000000000000000000000000000000000000000000000000000000000000000000000000000
00000000000000000000000000000000000000000000000000000000000000000000000000000000000000000000000000000000000000000000000000000000
00000000000000000000000000000000000000000000000000000000000000000000000000000000000000000000000000000000000000000000000000000000
00000000000000000000000000000000000000000000000000000000000000000000000000000000000000000000000000000000000000000000000000000000
00000000000000000000000000000000000000000000000000000000000000000000000000000000000000000000000000000000000000000000000000000000
00000000000000000000000000000000000000000000000000000000000000000000000000000000000000000000000000000000000000000000000000000000
00000000000000000000000000000000000000000000000000000000000000000000000000000000000000000000000000000000000000000000000000000000
00000000000000000000000000000000000000000000000000000000000000000000000000000000000000000000000000000000000000000000000000000000
00000000000000000000000000000000000000000000000000000000000000000000000000000000000000000000000000000000000000000000000000000000
00000000000000000000000000000000000000000000000000000000000000000000000000000000000000000000000000000000000000000000000000000000
00000000000000000000000000000000000000000000000000000000000000000000000000000000000000000000000000000000000000000000000000000000
00000000000000000000000000000000000000000000000000000000000000000000000000000000000000000000000000000000000000000000000000000000
00000000000000000000000000000000000000000000000000000000000000000000000000000000000000000000000000000000000000000000000000000000
00000000000000000000000000000000000000000000000000000000000000000000000000000000000000000000000000000000000000000000000000000000
00000000000000000000000000000000000000000000000000000000000000000000000000000000000000000000000000000000000000000000000000000000
00000000000000000000000000000000000000000000000000000000000000000000000000000000000000000000000000000000000000000000000000000000
00000000000000000000000000000000000000000000000000000000000000000000000000000000000000000000000000000000000000000000000000000000
00000000000000000000000000000000000000000000000000000000000000000000000000000000000000000000000000000000000000000000000000000000
00000000000000000000000000000000000000000000000000000000000000000000000000000000000000000000000000000000000000000000000000000000
00000000000000000000000000000000000000000000000000000000000000000000000000000000000000000000000000000000000000000000000000000000
00000000000000000000000000000000000000000000000000000000000000000000000000000000000000000000000000000000000000000000000000000000
00000000000000000000000000000000000000000000000000000000000000000000000000000000000000000000000000000000000000000000000000000000
00000000000000000000000000000000000000000000000000000000000000000000000000000000000000000000000000000000000000000000000000000000
00000000000000000000000000000000000000000000000000000000000000000000000000000000000000000000000000000000000000000000000000000000
00000000000000000000000000000000000000000000000000000000000000000000000000000000000000000000000000000000000000000000000000000000
00000000000000000000000000000000000000000000000000000000000000000000000000000000000000000000000000000000000000000000000000000000
00000000000000000000000000000000000000000000000000000000000000000000000000000000000000000000000000000000000000000000000000000000
00000000000000000000000000000000000000000000000000000000000000000000000000000000000000000000000000000000000000000000000000000000
00000000000000000000000000000000000000000000000000000000000000000000000000000000000000000000000000000000000000000000000000000000
00000000000000ff0000000000000000000000000000000000000000000000000000000000000000000000000000000000000000000000000000000000000000
00000000000000000000000000000000000000000000000000000000000000000000000000000000000000000000000000000000000000000000000000000000
00000000000000000000000000000000000000000000000000000000000000000000000000000000000000000000000000000000000000000000000000000000
00000000000000000000000000000000000000000000000000000000000000000000000000000000000000000000000000000000000000000000000000000000
00000000000000000000000000000000000000000000000000000000000000000000000000000000000000000000000000000000000000000000000000000000
00000000000000000000000000000000000000000000000000000000000000000000000000000000000000000000000000000000000000000000000000000000
00000000000000000000000000000000000000000000000000000000000000000000000000000000000000000000000000000000000000000000000000000000
00000000000000000000000000000000000000000000000000000000000000000000000000000000000000000000000000000000000000000000000000000000
00000000000000000000000000000000000000000000000000000000000000000000000000000000000000000000000000000000000000000000000000000000
00000000000000000000000000000000000000000000000000000000000000000000000000000000000000000000000000000000000000000000000000000000
00000000000000000000000000000000000000000000000000000000000000000000000000000000000000000000000000000000000000000000000000000000
00000000000000000000000000000000000000000000000000000000000000000000000000000000000000000000000000000000000000000000000000000000
00000000000000000000000000000000000000000000000000000000000000000000000000000000000000000000000000000000000000000000000000000000
00000000000000000000000000000000000000000000000000000000000000000000000000000000000000000000000000000000000000000000000000000000
00000000000000000000000000000000000000000000000000000000000000000000000000000000000000000000000000000000000000000000000000000000
00000000000000000000000000000000000000000000000000000000000000000000000000000000000000000000000000000000000000000000000000000000
00000000000000000000000000000000000000000000000000000000000000000000000000000000000000000000000000000000000000000000000000000000
00000000000000000000000000000000000000000000000000000000000000000000000000000000000000000000000000000000000000000000000000000000
00000000000000000000000000000000000000000000000000000000000000000000000000000000000000000000000000000000000000000000000000000000
00000000000000000000000000000000000000000000000000000000000000000000000000000000000000000000000000000000000000000000000000000000
00000000000000000000000000000000000000000000000000000000000000000000000000000000000000000000000000000000000000000000000000000000
00000000000000000000000000000000000000000000000000000000000000000000000000000000000000000000000000000000000000000000000000000000
00000000000000000000000000000000000000000000000000000000000000000000000000000000000000000000000000000000000000000000000000000000
00000000000000000000000000000000000000000000000000000000000000000000000000000000000000000000000000000000000000000000000000000000
00000000000000000000000000000000000000000000000000000000000000000000000000000000000000000000000000000000000000000000000000000000
00000000000000000000000000000000000000000000000000000000000000000000000000000000000000000000000000000000000000000000000000000000
00000000000000000000000000000000000000000000000000000000000000000000000000000000000000000000000000000000000000000000000000000000
00000000000000000000000000000000000000000000000000000000000000000000000000000000000000000000000000000000000000000000000000000000
00000000000000000000000000000000000000000000000000000000000000000000000000000000000000000000000000000000000000000000000000000000
00000000000000000000000000000000000000000000000000000000000000000000000000000000000000000000000000000000000000000000000000000000
00000000000000000000000000000000000000000000000000000000000000000000000000000000000000000000000000000000000000000000000000000000
00000000000000000000000000000000000000000000000000000000000000000000000000000000000000000000000000000000000000000000000000000000
00ff0000000000000000000000000000000000000000000000000000000000000000000000000000000000000000000000000000000000000000000000000000
00000000000000000000000000000000000000000000000000000000000000000000000000000000000000000000000000000000000000000000000000000000
00000000000000000000000000000000000000000000000000000000000000000000000000000000000000000000000000000000000000000000000000000000
00000000000000000000000000000000000000000000000000000000000000000000000000000000000000000000000000000000000000000000000000000000
00000000000000000000000000000000000000000000000000000000000000000000000000000000000000000000000000000000000000000000000000000000
00000000000000000000000000000000000000000000000000000000000000000000000000000000000000000000000000000000000000000000000000000000
00000000000000000000000000000000000000000000000000000000000000000000000000000000000000000000000000000000000000000000000000000000
00000000000000000000000000000000000000000000000000000000000000000000000000000000000000000000000000000000000000000000000000000000
00000000000000000000000000000000000000000000000000000000000000000000000000000000000000000000000000000000000000000000000000000000
00000000000000000000000000000000000000000000000000000000000000000000000000000000000000000000000000000000000000000000000000000000
00000000000000000000000000000000000000000000000000000000000000000000000000000000000000000000000000000000000000000000000000000000
00000000000000000000000000000000000000000000000000000000000000000000000000000000000000000000000000000000000000000000000000000000
00000000000000000000000000000000000000000000000000000000000000000000000000000000000000000000000000000000000000000000000000000000
00000000000000000000000000000000000000000000000000000000000000000000000000000000000000000000000000000000000000000000000000000000
00000000000000000000000000000000000000000000000000000000000000000000000000000000000000000000000000000000000000000000000000000000
00000000000000000000000000000000000000000000000000000000000000000000000000000000000000000000000000000000000000000000000000000000
00000000000000000000000000000000000000000000000000000000000000000000000000000000000000000000000000000000000000000000000000000000
00000000000000000000000000000000000000000000000000000000000000000000000000000000000000000000000000000000000000000000000000000000
00000000000000000000000000000000000000000000000000000000000000000000000000000000000000000000000000000000000000000000000000000000
00000000000000000000000000000000000000000000000000000000000000000000000000000000000000000000000000000000000000000000000000000000
00000000000000000000000000000000000000000000000000000000000000000000000000000000000000000000000000000000000000000000000000000000
00000000000000000000000000000000000000000000000000000000000000000000000000000000000000000000000000000000000000000000000000000000
00000000000000000000000000000000000000000000000000000000000000000000000000000000000000000000000000000000000000000000000000000000
00000000000000000000000000000000000000000000000000000000000000000000000000000000000000000000000000000000000000000000000000000000
00000000000000000000000000000000000000000000000000000000000000000000000000000000000000000000000000000000000000000000000000000000
00000000000000000000000000000000000000000000000000000000000000000000000000000000000000000000000000000000000000000000000000000000
00000000000000000000000000000000000000000000000000000000000000000000000000000000000000000000000000000000000000000000000000000000
00000000000000000000000000000000000000000000000000000000000000000000000000000000000000000000000000000000000000000000000000000000
00000000000000000000000000000000000000000000000000000000000000000000000000000000000000000000000000000000000000000000000000000000
00000000000000000000000000000000000000000000000000000000000000000000000000000000000000000000000000000000000000000000000000000000
00000000000000000000000000000000000000000000000000000000000000000000000000000000000000000000000000000000000000000000000000000000
00000000000000000000000000000000000000000000000000000000000000000000000000000000000000000000000000000000000000000000000000000000
00000000000000000000000000000000000000000000000000000000000000000000000000000000000000000000000000000000000000000000000000000000
000000000000000000000000000000000000000000000000000000000000000000000000000000000000000000000000000000000000000000000000000000ff
00000000000000000000000000000000000000000000000000000000000000000000000000000000000000000000000000000000000000000000000000000000
00000000000000000000000000000000000000000000000000000000000000000000000000000000000000000000000000000000000000000000000000000000
00000000000000000000000000000000000000000000000000000000000000000000000000000000000000000000000000000000000000000000000000000000
00000000000000000000000000000000000000000000000000000000000000000000000000000000000000000000000000000000000000000000000000000000
00000000000000000000000000000000000000000000000000000000000000000000000000000000000000000000000000000000000000000000000000000000
00000000000000000000000000000000000000000000000000000000000000000000000000000000000000000000000000000000000000000000000000000000
00000000000000000000000000000000000000000000000000000000000000000000000000000000000000000000000000000000000000000000000000000000
00000000000000000000000000000000000000000000000000000000000000000000000000000000000000000000000000000000000000000000000000000000
00000000000000000000000000000000000000000000000000000000000000000000000000000000000000000000000000000000000000000000000000000000
00000000000000000000000000000000000000000000000000000000000000000000000000000000000000000000000000000000000000000000000000000000
00000000000000000000000000000000000000000000000000000000000000000000000000000000000000000000000000000000000000000000000000000000
00000000000000000000000000000000000000000000000000000000000000000000000000000000000000000000000000000000000000000000000000000000
00000000000000000000000000000000000000000000000000000000000000000000000000000000000000000000000000000000000000000000000000000000
00000000000000000000000000000000000000000000000000000000000000000000000000000000000000000000000000000000000000000000000000000000
00000000000000000000000000000000000000000000000000000000000000000000000000000000000000000000000000000000000000000000000000000000
00000000000000000000000000000000000000000000000000000000000000000000000000000000000000000000000000000000000000000000000000000000
00000000000000000000000000000000000000000000000000000000000000000000000000000000000000000000000000000000000000000000000000000000
00000000000000000000000000000000000000000000000000000000000000000000000000000000000000000000000000000000000000000000000000000000
00000000000000000000000000000000000000000000000000000000000000000000000000000000000000000000000000000000000000000000000000000000
00000000000000000000000000000000000000000000000000000000000000000000000000000000000000000000000000000000000000000000000000000000
00000000000000000000000000000000000000000000000000000000000000000000000000000000000000000000000000000000000000000000000000000000
00000000000000000000000000000000000000000000000000000000000000000000000000000000000000000000000000000000000000000000000000000000
00000000000000000000000000000000000000000000000000000000000000000000000000000000000000000000000000000000000000000000000000000000
00000000000000000000000000000000000000000000000000000000000000000000000000000000000000000000000000000000000000000000000000000000
00000000000000000000000000000000000000000000000000000000000000000000000000000000000000000000000000000000000000000000000000000000
00000000000000000000000000000000000000000000000000000000000000000000000000000000000000000000000000000000000000000000000000000000
00000000000000000000000000000000000000000000000000000000000000000000000000000000000000000000000000000000000000000000000000000000
00000000000000000000000000000000000000000000000000000000000000000000000000000000000000000000000000000000000000000000000000000000
00000000000000000000000000000000000000000000000000000000000000000000000000000000000000000000000000000000000000000000000000000000
00000000000000000000000000000000000000000000000000000000000000000000000000000000000000000000000000000000000000000000000000000000
00000000000000000000000000000000000000000000000000000000000000000000000000000000000000000000000000000000000000000000000000000000
000000000000000000000000000000000000000000000000000000000000000000000000000000000000000000000000000000000000000000ff000000000000
00000000000000000000000000000000000000000000000000000000000000000000000000000000000000000000000000000000000000000000000000000000
00000000000000000000000000000000000000000000000000000000000000000000000000000000000000000000000000000000000000000000000000000000
00000000000000000000000000000000000000000000000000000000000000000000000000000000000000000000000000000000000000000000000000000000
00000000000000000000000000000000000000000000000000000000000000000000000000000000000000000000000000000000000000000000000000000000
00000000000000000000000000000000000000000000000000000000000000000000000000000000000000000000000000000000000000000000000000000000
00000000000000000000000000000000000000000000000000000000000000000000000000000000000000000000000000000000000000000000000000000000
00000000000000000000000000000000000000000000000000000000000000000000000000000000000000000000000000000000000000000000000000000000
00000000000000000000000000000000000000000000000000000000000000000000000000000000000000000000000000000000000000000000000000000000
00000000000000000000000000000000000000000000000000000000000000000000000000000000000000000000000000000000000000000000000000000000
00000000000000000000000000000000000000000000000000000000000000000000000000000000000000000000000000000000000000000000000000000000
00000000000000000000000000000000000000000000000000000000000000000000000000000000000000000000000000000000000000000000000000000000
00000000000000000000000000000000000000000000000000000000000000000000000000000000000000000000000000000000000000000000000000000000
00000000000000000000000000000000000000000000000000000000000000000000000000000000000000000000000000000000000000000000000000000000
00000000000000000000000000000000000000000000000000000000000000000000000000000000000000000000000000000000000000000000000000000000
00000000000000000000000000000000000000000000000000000000000000000000000000000000000000000000000000000000000000000000000000000000
00000000000000000000000000000000000000000000000000000000000000000000000000000000000000000000000000000000000000000000000000000000
00000000000000000000000000000000000000000000000000000000000000000000000000000000000000000000000000000000000000000000000000000000
00000000000000000000000000000000000000000000000000000000000000000000000000000000000000000000000000000000000000000000000000000000
00000000000000000000000000000000000000000000000000000000000000000000000000000000000000000000000000000000000000000000000000000000
00000000000000000000000000000000000000000000000000000000000000000000000000000000000000000000000000000000000000000000000000000000
00000000000000000000000000000000000000000000000000000000000000000000000000000000000000000000000000000000000000000000000000000000
00000000000000000000000000000000000000000000000000000000000000000000000000000000000000000000000000000000000000000000000000000000
00000000000000000000000000000000000000000000000000000000000000000000000000000000000000000000000000000000000000000000000000000000
00000000000000000000000000000000000000000000000000000000000000000000000000000000000000000000000000000000000000000000000000000000
00000000000000000000000000000000000000000000000000000000000000000000000000000000000000000000000000000000000000000000000000000000
00000000000000000000000000000000000000000000000000000000000000000000000000000000000000000000000000000000000000000000000000000000
00000000000000000000000000000000000000000000000000000000000000000000000000000000000000000000000000000000000000000000000000000000
00000000000000000000000000000000000000000000000000000000000000000000000000000000000000000000000000000000000000000000000000000000
00000000000000000000000000000000000000000000000000000000000000000000000000000000000000000000000000000000000000000000000000000000
00000000000000000000000000000000000000000000000000000000000000000000000000000000000000000000000000000000000000000000000000000000
00000000000000000000000000000000000000000000000000000000000000000000000000000000000000000000000000000000000000000000000000000000
00000000000000000000000000000000000000000000000000000000000000000000000000000000000000000000000000000000000000000000000000000000
00000000000000000000000000000000000000000000000000000000000000000000000000000000000000000000000000000000000000ff0000000000000000
00000000000000000000000000000000000000000000000000000000000000000000000000000000000000000000000000000000000000000000000000000000
00000000000000000000000000000000000000000000000000000000000000000000000000000000000000000000000000000000000000000000000000000000
00000000000000000000000000000000000000000000000000000000000000000000000000000000000000000000000000000000000000000000000000000000
00000000000000000000000000000000000000000000000000000000000000000000000000000000000000000000000000000000000000000000000000000000
00000000000000000000000000000000000000000000000000000000000000000000000000000000000000000000000000000000000000000000000000000000
00000000000000000000000000000000000000000000000000000000000000000000000000000000000000000000000000000000000000000000000000000000
00000000000000000000000000000000000000000000000000000000000000000000000000000000000000000000000000000000000000000000000000000000
00000000000000000000000000000000000000000000000000000000000000000000000000000000000000000000000000000000000000000000000000000000
00000000000000000000000000000000000000000000000000000000000000000000000000000000000000000000000000000000000000000000000000000000
00000000000000000000000000000000000000000000000000000000000000000000000000000000000000000000000000000000000000000000000000000000
00000000000000000000000000000000000000000000000000000000000000000000000000000000000000000000000000000000000000000000000000000000
00000000000000000000000000000000000000000000000000000000000000000000000000000000000000000000000000000000000000000000000000000000
00000000000000000000000000000000000000000000000000000000000000000000000000000000000000000000000000000000000000000000000000000000
00000000000000000000000000000000000000000000000000000000000000000000000000000000000000000000000000000000000000000000000000000000
00000000000000000000000000000000000000000000000000000000000000000000000000000000000000000000000000000000000000000000000000000000
00000000000000000000000000000000000000000000000000000000000000000000000000000000000000000000000000000000000000000000000000000000
00000000000000000000000000000000000000000000000000000000000000000000000000000000000000000000000000000000000000000000000000000000
00000000000000000000000000000000000000000000000000000000000000000000000000000000000000000000000000000000000000000000000000000000
00000000000000000000000000000000000000000000000000000000000000000000000000000000000000000000000000000000000000000000000000000000
00000000000000000000000000000000000000000000000000000000000000000000000000000000000000000000000000000000000000000000000000000000
00000000000000000000000000000000000000000000000000000000000000000000000000000000000000000000000000000000000000000000000000000000
00000000000000000000000000000000000000000000000000000000000000000000000000000000000000000000000000000000000000000000000000000000
00000000000000000000000000000000000000000000000000000000000000000000000000000000000000000000000000000000000000000000000000000000
00000000000000000000000000000000000000000000000000000000000000000000000000000000000000000000000000000000000000000000000000000000
00000000000000000000000000000000000000000000000000000000000000000000000000000000000000000000000000000000000000000000000000000000
00000000000000000000000000000000000000000000000000000000000000000000000000000000000000000000000000000000000000000000000000000000
00000000000000000000000000000000000000000000000000000000000000000000000000000000000000000000000000000000000000000000000000000000
00000000000000000000000000000000000000000000000000000000000000000000000000000000000000000000000000000000000000000000000000000000
00000000000000000000000000000000000000000000000000000000000000000000000000000000000000000000000000000000000000000000000000000000
00000000000000000000000000000000000000000000000000000000000000000000000000000000000000000000000000000000000000000000000000000000
00000000000000000000000000000000000000000000000000000000000000000000000000000000000000000000000000000000000000000000000000000000
00000000000000000000000000000000000000000000000000000000000000000000000000000000000000000000000000ff0000000000000000000000000000
00000000000000000000000000000000000000000000000000000000000000000000000000000000000000000000000000000000000000000000000000000000
00000000000000000000000000000000000000000000000000000000000000000000000000000000000000000000000000000000000000000000000000000000
00000000000000000000000000000000000000000000000000000000000000000000000000000000000000000000000000000000000000000000000000000000
00000000000000000000000000000000000000000000000000000000000000000000000000000000000000000000000000000000000000000000000000000000
00000000000000000000000000000000000000000000000000000000000000000000000000000000000000000000000000000000000000000000000000000000
00000000000000000000000000000000000000000000000000000000000000000000000000000000000000000000000000000000000000000000000000000000
00000000000000000000000000000000000000000000000000000000000000000000000000000000000000000000000000000000000000000000000000000000
00000000000000000000000000000000000000000000000000000000000000000000000000000000000000000000000000000000000000000000000000000000
00000000000000000000000000000000000000000000000000000000000000000000000000000000000000000000000000000000000000000000000000000000
00000000000000000000000000000000000000000000000000000000000000000000000000000000000000000000000000000000000000000000000000000000
00000000000000000000000000000000000000000000000000000000000000000000000000000000000000000000000000000000000000000000000000000000
00000000000000000000000000000000000000000000000000000000000000000000000000000000000000000000000000000000000000000000000000000000
00000000000000000000000000000000000000000000000000000000000000000000000000000000000000000000000000000000000000000000000000000000
00000000000000000000000000000000000000000000000000000000000000000000000000000000000000000000000000000000000000000000000000000000
00000000000000000000000000000000000000000000000000000000000000000000000000000000000000000000000000000000000000000000000000000000
00000000000000000000000000000000000000000000000000000000000000000000000000000000000000000000000000000000000000000000000000000000
00000000000000000000000000000000000000000000000000000000000000000000000000000000000000000000000000000000000000000000000000000000
00000000000000000000000000000000000000000000000000000000000000000000000000000000000000000000000000000000000000000000000000000000
00000000000000000000000000000000000000000000000000000000000000000000000000000000000000000000000000000000000000000000000000000000
00000000000000000000000000000000000000000000000000000000000000000000000000000000000000000000000000000000000000000000000000000000
00000000000000000000000000000000000000000000000000000000000000000000000000000000000000000000000000000000000000000000000000000000
00000000000000000000000000000000000000000000000000000000000000000000000000000000000000000000000000000000000000000000000000000000
00000000000000000000000000000000000000000000000000000000000000000000000000000000000000000000000000000000000000000000000000000000
00000000000000000000000000000000000000000000000000000000000000000000000000000000000000000000000000000000000000000000000000000000
00000000000000000000000000000000000000000000000000000000000000000000000000000000000000000000000000000000000000000000000000000000
00000000000000000000000000000000000000000000000000000000000000000000000000000000000000000000000000000000000000000000000000000000
00000000000000000000000000000000000000000000000000000000000000000000000000000000000000000000000000000000000000000000000000000000
00000000000000000000000000000000000000000000000000000000000000000000000000000000000000000000000000000000000000000000000000000000
00000000000000000000000000000000000000000000000000000000000000000000000000000000000000000000000000000000000000000000000000000000
00000000000000000000000000000000000000000000000000000000000000000000000000000000000000000000000000000000000000000000000000000000
00000000000000000000000000000000000000000000000000000000000000000000000000000000000000000000000000000000000000000000000000000000
0000000000000000000000000000000000000000000000000000000000000000000000000000000000000000000000ff00000000000000000000000000000000
00000000000000000000000000000000000000000000000000000000000000000000000000000000000000000000000000000000000000000000000000000000
00000000000000000000000000000000000000000000000000000000000000000000000000000000000000000000000000000000000000000000000000000000
00000000000000000000000000000000000000000000000000000000000000000000000000000000000000000000000000000000000000000000000000000000
00000000000000000000000000000000000000000000000000000000000000000000000000000000000000000000000000000000000000000000000000000000
00000000000000000000000000000000000000000000000000000000000000000000000000000000000000000000000000000000000000000000000000000000
00000000000000000000000000000000000000000000000000000000000000000000000000000000000000000000000000000000000000000000000000000000
00000000000000000000000000000000000000000000000000000000000000000000000000000000000000000000000000000000000000000000000000000000
00000000000000000000000000000000000000000000000000000000000000000000000000000000000000000000000000000000000000000000000000000000
00000000000000000000000000000000000000000000000000000000000000000000000000000000000000000000000000000000000000000000000000000000
00000000000000000000000000000000000000000000000000000000000000000000000000000000000000000000000000000000000000000000000000000000
00000000000000000000000000000000000000000000000000000000000000000000000000000000000000000000000000000000000000000000000000000000
00000000000000000000000000000000000000000000000000000000000000000000000000000000000000000000000000000000000000000000000000000000
00000000000000000000000000000000000000000000000000000000000000000000000000000000000000000000000000000000000000000000000000000000
00000000000000000000000000000000000000000000000000000000000000000000000000000000000000000000000000000000000000000000000000000000
00000000000000000000000000000000000000000000000000000000000000000000000000000000000000000000000000000000000000000000000000000000
00000000000000000000000000000000000000000000000000000000000000000000000000000000000000000000000000000000000000000000000000000000
00000000000000000000000000000000000000000000000000000000000000000000000000000000000000000000000000000000000000000000000000000000
00000000000000000000000000000000000000000000000000000000000000000000000000000000000000000000000000000000000000000000000000000000
00000000000000000000000000000000000000000000000000000000000000000000000000000000000000000000000000000000000000000000000000000000
00000000000000000000000000000000000000000000000000000000000000000000000000000000000000000000000000000000000000000000000000000000
00000000000000000000000000000000000000000000000000000000000000000000000000000000000000000000000000000000000000000000000000000000
00000000000000000000000000000000000000000000000000000000000000000000000000000000000000000000000000000000000000000000000000000000
00000000000000000000000000000000000000000000000000000000000000000000000000000000000000000000000000000000000000000000000000000000
00000000000000000000000000000000000000000000000000000000000000000000000000000000000000000000000000000000000000000000000000000000
00000000000000000000000000000000000000000000000000000000000000000000000000000000000000000000000000000000000000000000000000000000
00000000000000000000000000000000000000000000000000000000000000000000000000000000000000000000000000000000000000000000000000000000
00000000000000000000000000000000000000000000000000000000000000000000000000000000000000000000000000000000000000000000000000000000
00000000000000000000000000000000000000000000000000000000000000000000000000000000000000000000000000000000000000000000000000000000
00000000000000000000000000000000000000000000000000000000000000000000000000000000000000000000000000000000000000000000000000000000
00000000000000000000000000000000000000000000000000000000000000000000000000000000000000000000000000000000000000000000000000000000
00000000000000000000000000000000000000000000000000000000000000000000000000000000000000000000000000000000000000000000000000000000
0000000000000000000000000000000000000000000000000000000000000000000000000000000000ff00000000000000000000000000000000000000000000
00000000000000000000000000000000000000000000000000000000000000000000000000000000000000000000000000000000000000000000000000000000
00000000000000000000000000000000000000000000000000000000000000000000000000000000000000000000000000000000000000000000000000000000
00000000000000000000000000000000000000000000000000000000000000000000000000000000000000000000000000000000000000000000000000000000
00000000000000000000000000000000000000000000000000000000000000000000000000000000000000000000000000000000000000000000000000000000
00000000000000000000000000000000000000000000000000000000000000000000000000000000000000000000000000000000000000000000000000000000
00000000000000000000000000000000000000000000000000000000000000000000000000000000000000000000000000000000000000000000000000000000
00000000000000000000000000000000000000000000000000000000000000000000000000000000000000000000000000000000000000000000000000000000
00000000000000000000000000000000000000000000000000000000000000000000000000000000000000000000000000000000000000000000000000000000
00000000000000000000000000000000000000000000000000000000000000000000000000000000000000000000000000000000000000000000000000000000
00000000000000000000000000000000000000000000000000000000000000000000000000000000000000000000000000000000000000000000000000000000
00000000000000000000000000000000000000000000000000000000000000000000000000000000000000000000000000000000000000000000000000000000
00000000000000000000000000000000000000000000000000000000000000000000000000000000000000000000000000000000000000000000000000000000
00000000000000000000000000000000000000000000000000000000000000000000000000000000000000000000000000000000000000000000000000000000
00000000000000000000000000000000000000000000000000000000000000000000000000000000000000000000000000000000000000000000000000000000
00000000000000000000000000000000000000000000000000000000000000000000000000000000000000000000000000000000000000000000000000000000
00000000000000000000000000000000000000000000000000000000000000000000000000000000000000000000000000000000000000000000000000000000
00000000000000000000000000000000000000000000000000000000000000000000000000000000000000000000000000000000000000000000000000000000
00000000000000000000000000000000000000000000000000000000000000000000000000000000000000000000000000000000000000000000000000000000
00000000000000000000000000000000000000000000000000000000000000000000000000000000000000000000000000000000000000000000000000000000
00000000000000000000000000000000000000000000000000000000000000000000000000000000000000000000000000000000000000000000000000000000
00000000000000000000000000000000000000000000000000000000000000000000000000000000000000000000000000000000000000000000000000000000
00000000000000000000000000000000000000000000000000000000000000000000000000000000000000000000000000000000000000000000000000000000
00000000000000000000000000000000000000000000000000000000000000000000000000000000000000000000000000000000000000000000000000000000
00000000000000000000000000000000000000000000000000000000000000000000000000000000000000000000000000000000000000000000000000000000
00000000000000000000000000000000000000000000000000000000000000000000000000000000000000000000000000000000000000000000000000000000
00000000000000000000000000000000000000000000000000000000000000000000000000000000000000000000000000000000000000000000000000000000
00000000000000000000000000000000000000000000000000000000000000000000000000000000000000000000000000000000000000000000000000000000
00000000000000000000000000000000000000000000000000000000000000000000000000000000000000000000000000000000000000000000000000000000
00000000000000000000000000000000000000000000000000000000000000000000000000000000000000000000000000000000000000000000000000000000
00000000000000000000000000000000000000000000000000000000000000000000000000000000000000000000000000000000000000000000000000000000
00000000000000000000000000000000000000000000000000000000000000000000000000000000000000000000000000000000000000000000000000000000
00000000000000000000000000000000000000000000000000000000000000000000000000000000000000000000000000000000000000000000000000000000
00000000000000ff0000000000000000000000000000000000000000000000000000000000000000000000000000000000000000000000000000000000000000
00000000000000000000000000000000000000000000000000000000000000000000000000000000000000000000000000000000000000000000000000000000
00000000000000000000000000000000000000000000000000000000000000000000000000000000000000000000000000000000000000000000000000000000
00000000000000000000000000000000000000000000000000000000000000000000000000000000000000000000000000000000000000000000000000000000
00000000000000000000000000000000000000000000000000000000000000000000000000000000000000000000000000000000000000000000000000000000
00000000000000000000000000000000000000000000000000000000000000000000000000000000000000000000000000000000000000000000000000000000
00000000000000000000000000000000000000000000000000000000000000000000000000000000000000000000000000000000000000000000000000000000
00000000000000000000000000000000000000000000000000000000000000000000000000000000000000000000000000000000000000000000000000000000
00000000000000000000000000000000000000000000000000000000000000000000000000000000000000000000000000000000000000000000000000000000
00000000000000000000000000000000000000000000000000000000000000000000000000000000000000000000000000000000000000000000000000000000
00000000000000000000000000000000000000000000000000000000000000000000000000000000000000000000000000000000000000000000000000000000
00000000000000000000000000000000000000000000000000000000000000000000000000000000000000000000000000000000000000000000000000000000
00000000000000000000000000000000000000000000000000000000000000000000000000000000000000000000000000000000000000000000000000000000
00000000000000000000000000000000000000000000000000000000000000000000000000000000000000000000000000000000000000000000000000000000
00000000000000000000000000000000000000000000000000000000000000000000000000000000000000000000000000000000000000000000000000000000
00000000000000000000000000000000000000000000000000000000000000000000000000000000000000000000000000000000000000000000000000000000
00000000000000000000000000000000000000000000000000000000000000000000000000000000000000000000000000000000000000000000000000000000
00000000000000000000000000000000000000000000000000000000000000000000000000000000000000000000000000000000000000000000000000000000
00000000000000000000000000000000000000000000000000000000000000000000000000000000000000000000000000000000000000000000000000000000
00000000000000000000000000000000000000000000000000000000000000000000000000000000000000000000000000000000000000000000000000000000
00000000000000000000000000000000000000000000000000000000000000000000000000000000000000000000000000000000000000000000000000000000
00000000000000000000000000000000000000000000000000000000000000000000000000000000000000000000000000000000000000000000000000000000
00000000000000000000000000000000000000000000000000000000000000000000000000000000000000000000000000000000000000000000000000000000
00000000000000000000000000000000000000000000000000000000000000000000000000000000000000000000000000000000000000000000000000000000
00000000000000000000000000000000000000000000000000000000000000000000000000000000000000000000000000000000000000000000000000000000
00000000000000000000000000000000000000000000000000000000000000000000000000000000000000000000000000000000000000000000000000000000
00000000000000000000000000000000000000000000000000000000000000000000000000000000000000000000000000000000000000000000000000000000
00000000000000000000000000000000000000000000000000000000000000000000000000000000000000000000000000000000000000000000000000000000
00000000000000000000000000000000000000000000000000000000000000000000000000000000000000000000000000000000000000000000000000000000
00000000000000000000000000000000000000000000000000000000000000000000000000000000000000000000000000000000000000000000000000000000
00000000000000000000000000000000000000000000000000000000000000000000000000000000000000000000000000000000000000000000000000000000
00000000000000000000000000000000000000000000000000000000000000000000000000000000000000000000000000000000000000000000000000000000
00ff0000000000000000000000000000000000000000000000000000000000000000000000000000000000000000000000000000000000000000000000000000
00000000000000000000000000000000000000000000000000000000000000000000000000000000000000000000000000000000000000000000000000000000
00000000000000000000000000000000000000000000000000000000000000000000000000000000000000000000000000000000000000000000000000000000
00000000000000000000000000000000000000000000000000000000000000000000000000000000000000000000000000000000000000000000000000000000
00000000000000000000000000000000000000000000000000000000000000000000000000000000000000000000000000000000000000000000000000000000
00000000000000000000000000000000000000000000000000000000000000000000000000000000000000000000000000000000000000000000000000000000
00000000000000000000000000000000000000000000000000000000000000000000000000000000000000000000000000000000000000000000000000000000
00000000000000000000000000000000000000000000000000000000000000000000000000000000000000000000000000000000000000000000000000000000
00000000000000000000000000000000000000000000000000000000000000000000000000000000000000000000000000000000000000000000000000000000
00000000000000000000000000000000000000000000000000000000000000000000000000000000000000000000000000000000000000000000000000000000
00000000000000000000000000000000000000000000000000000000000000000000000000000000000000000000000000000000000000000000000000000000
00000000000000000000000000000000000000000000000000000000000000000000000000000000000000000000000000000000000000000000000000000000
00000000000000000000000000000000000000000000000000000000000000000000000000000000000000000000000000000000000000000000000000000000
00000000000000000000000000000000000000000000000000000000000000000000000000000000000000000000000000000000000000000000000000000000
00000000000000000000000000000000000000000000000000000000000000000000000000000000000000000000000000000000000000000000000000000000
00000000000000000000000000000000000000000000000000000000000000000000000000000000000000000000000000000000000000000000000000000000
00000000000000000000000000000000000000000000000000000000000000000000000000000000000000000000000000000000000000000000000000000000
00000000000000000000000000000000000000000000000000000000000000000000000000000000000000000000000000000000000000000000000000000000
00000000000000000000000000000000000000000000000000000000000000000000000000000000000000000000000000000000000000000000000000000000
00000000000000000000000000000000000000000000000000000000000000000000000000000000000000000000000000000000000000000000000000000000
00000000000000000000000000000000000000000000000000000000000000000000000000000000000000000000000000000000000000000000000000000000
00000000000000000000000000000000000000000000000000000000000000000000000000000000000000000000000000000000000000000000000000000000
00000000000000000000000000000000000000000000000000000000000000000000000000000000000000000000000000000000000000000000000000000000
00000000000000000000000000000000000000000000000000000000000000000000000000000000000000000000000000000000000000000000000000000000
00000000000000000000000000000000000000000000000000000000000000000000000000000000000000000000000000000000000000000000000000000000
00000000000000000000000000000000000000000000000000000000000000000000000000000000000000000000000000000000000000000000000000000000
00000000000000000000000000000000000000000000000000000000000000000000000000000000000000000000000000000000000000000000000000000000
00000000000000000000000000000000000000000000000000000000000000000000000000000000000000000000000000000000000000000000000000000000
00000000000000000000000000000000000000000000000000000000000000000000000000000000000000000000000000000000000000000000000000000000
00000000000000000000000000000000000000000000000000000000000000000000000000000000000000000000000000000000000000000000000000000000
00000000000000000000000000000000000000000000000000000000000000000000000000000000000000000000000000000000000000000000000000000000
00000000000000000000000000000000000000000000000000000000000000000000000000000000000000000000000000000000000000000000000000000000
00000000000000000000000000000000000000000000000000000000000000000000000000000000000000000000000000000000000000000000000000000000
000000000000000000000000000000000000000000000000000000000000000000000000000000000000000000000000000000000000000000000000000000ff
00000000000000000000000000000000000000000000000000000000000000000000000000000000000000000000000000000000000000000000000000000000
00000000000000000000000000000000000000000000000000000000000000000000000000000000000000000000000000000000000000000000000000000000
00000000000000000000000000000000000000000000000000000000000000000000000000000000000000000000000000000000000000000000000000000000
00000000000000000000000000000000000000000000000000000000000000000000000000000000000000000000000000000000000000000000000000000000
00000000000000000000000000000000000000000000000000000000000000000000000000000000000000000000000000000000000000000000000000000000
00000000000000000000000000000000000000000000000000000000000000000000000000000000000000000000000000000000000000000000000000000000
00000000000000000000000000000000000000000000000000000000000000000000000000000000000000000000000000000000000000000000000000000000
00000000000000000000000000000000000000000000000000000000000000000000000000000000000000000000000000000000000000000000000000000000
00000000000000000000000000000000000000000000000000000000000000000000000000000000000000000000000000000000000000000000000000000000
00000000000000000000000000000000000000000000000000000000000000000000000000000000000000000000000000000000000000000000000000000000
00000000000000000000000000000000000000000000000000000000000000000000000000000000000000000000000000000000000000000000000000000000
00000000000000000000000000000000000000000000000000000000000000000000000000000000000000000000000000000000000000000000000000000000
00000000000000000000000000000000000000000000000000000000000000000000000000000000000000000000000000000000000000000000000000000000
00000000000000000000000000000000000000000000000000000000000000000000000000000000000000000000000000000000000000000000000000000000
00000000000000000000000000000000000000000000000000000000000000000000000000000000000000000000000000000000000000000000000000000000
00000000000000000000000000000000000000000000000000000000000000000000000000000000000000000000000000000000000000000000000000000000
00000000000000000000000000000000000000000000000000000000000000000000000000000000000000000000000000000000000000000000000000000000
00000000000000000000000000000000000000000000000000000000000000000000000000000000000000000000000000000000000000000000000000000000
00000000000000000000000000000000000000000000000000000000000000000000000000000000000000000000000000000000000000000000000000000000
00000000000000000000000000000000000000000000000000000000000000000000000000000000000000000000000000000000000000000000000000000000
00000000000000000000000000000000000000000000000000000000000000000000000000000000000000000000000000000000000000000000000000000000
00000000000000000000000000000000000000000000000000000000000000000000000000000000000000000000000000000000000000000000000000000000
00000000000000000000000000000000000000000000000000000000000000000000000000000000000000000000000000000000000000000000000000000000
00000000000000000000000000000000000000000000000000000000000000000000000000000000000000000000000000000000000000000000000000000000
00000000000000000000000000000000000000000000000000000000000000000000000000000000000000000000000000000000000000000000000000000000
00000000000000000000000000000000000000000000000000000000000000000000000000000000000000000000000000000000000000000000000000000000
00000000000000000000000000000000000000000000000000000000000000000000000000000000000000000000000000000000000000000000000000000000
00000000000000000000000000000000000000000000000000000000000000000000000000000000000000000000000000000000000000000000000000000000
00000000000000000000000000000000000000000000000000000000000000000000000000000000000000000000000000000000000000000000000000000000
00000000000000000000000000000000000000000000000000000000000000000000000000000000000000000000000000000000000000000000000000000000
00000000000000000000000000000000000000000000000000000000000000000000000000000000000000000000000000000000000000000000000000000000
000000000000000000000000000000000000000000000000000000000000000000000000000000000000000000000000000000000000000000ff000000000000
00000000000000000000000000000000000000000000000000000000000000000000000000000000000000000000000000000000000000000000000000000000
00000000000000000000000000000000000000000000000000000000000000000000000000000000000000000000000000000000000000000000000000000000
00000000000000000000000000000000000000000000000000000000000000000000000000000000000000000000000000000000000000000000000000000000
00000000000000000000000000000000000000000000000000000000000000000000000000000000000000000000000000000000000000000000000000000000
00000000000000000000000000000000000000000000000000000000000000000000000000000000000000000000000000000000000000000000000000000000
00000000000000000000000000000000000000000000000000000000000000000000000000000000000000000000000000000000000000000000000000000000
00000000000000000000000000000000000000000000000000000000000000000000000000000000000000000000000000000000000000000000000000000000
00000000000000000000000000000000000000000000000000000000000000000000000000000000000000000000000000000000000000000000000000000000
00000000000000000000000000000000000000000000000000000000000000000000000000000000000000000000000000000000000000000000000000000000
00000000000000000000000000000000000000000000000000000000000000000000000000000000000000000000000000000000000000000000000000000000
00000000000000000000000000000000000000000000000000000000000000000000000000000000000000000000000000000000000000000000000000000000
00000000000000000000000000000000000000000000000000000000000000000000000000000000000000000000000000000000000000000000000000000000
00000000000000000000000000000000000000000000000000000000000000000000000000000000000000000000000000000000000000000000000000000000
00000000000000000000000000000000000000000000000000000000000000000000000000000000000000000000000000000000000000000000000000000000
00000000000000000000000000000000000000000000000000000000000000000000000000000000000000000000000000000000000000000000000000000000
00000000000000000000000000000000000000000000000000000000000000000000000000000000000000000000000000000000000000000000000000000000
00000000000000000000000000000000000000000000000000000000000000000000000000000000000000000000000000000000000000000000000000000000
00000000000000000000000000000000000000000000000000000000000000000000000000000000000000000000000000000000000000000000000000000000
00000000000000000000000000000000000000000000000000000000000000000000000000000000000000000000000000000000000000000000000000000000
00000000000000000000000000000000000000000000000000000000000000000000000000000000000000000000000000000000000000000000000000000000
00000000000000000000000000000000000000000000000000000000000000000000000000000000000000000000000000000000000000000000000000000000
00000000000000000000000000000000000000000000000000000000000000000000000000000000000000000000000000000000000000000000000000000000
00000000000000000000000000000000000000000000000000000000000000000000000000000000000000000000000000000000000000000000000000000000
00000000000000000000000000000000000000000000000000000000000000000000000000000000000000000000000000000000000000000000000000000000
00000000000000000000000000000000000000000000000000000000000000000000000000000000000000000000000000000000000000000000000000000000
00000000000000000000000000000000000000000000000000000000000000000000000000000000000000000000000000000000000000000000000000000000
00000000000000000000000000000000000000000000000000000000000000000000000000000000000000000000000000000000000000000000000000000000
00000000000000000000000000000000000000000000000000000000000000000000000000000000000000000000000000000000000000000000000000000000
00000000000000000000000000000000000000000000000000000000000000000000000000000000000000000000000000000000000000000000000000000000
00000000000000000000000000000000000000000000000000000000000000000000000000000000000000000000000000000000000000000000000000000000
00000000000000000000000000000000000000000000000000000000000000000000000000000000000000000000000000000000000000000000000000000000
000000000000000000000000000000000000000000000000000000000000000000000000000000ff000000000000000000000000000000000000000000000000
00000000000000000000000000000000000000000000000000000000000000000000000000000000000000000000000000000000000000000000000000000000
00000000000000000000000000000000000000000000000000000000000000000000000000000000000000000000000000000000000000000000000000000000
00000000000000000000000000000000000000000000000000000000000000000000000000000000000000000000000000000000000000000000000000000000
00000000000000000000000000000000000000000000000000000000000000000000000000000000000000000000000000000000000000000000000000000000
00000000000000000000000000000000000000000000000000000000000000000000000000000000000000000000000000000000000000000000000000000000
00000000000000000000000000000000000000000000000000000000000000000000000000000000000000000000000000000000000000000000000000000000
00000000000000000000000000000000000000000000000000000000000000000000000000000000000000000000000000000000000000000000000000000000
00000000000000000000000000000000000000000000000000000000000000000000000000000000000000000000000000000000000000000000000000000000
00000000000000000000000000000000000000000000000000000000000000000000000000000000000000000000000000000000000000000000000000000000
00000000000000000000000000000000000000000000000000000000000000000000000000000000000000000000000000000000000000000000000000000000
00000000000000000000000000000000000000000000000000000000000000000000000000000000000000000000000000000000000000000000000000000000
00000000000000000000000000000000000000000000000000000000000000000000000000000000000000000000000000000000000000000000000000000000
00000000000000000000000000000000000000000000000000000000000000000000000000000000000000000000000000000000000000000000000000000000
00000000000000000000000000000000000000000000000000000000000000000000000000000000000000000000000000000000000000000000000000000000
00000000000000000000000000000000000000000000000000000000000000000000000000000000000000000000000000000000000000000000000000000000
00000000000000000000000000000000000000000000000000000000000000000000000000000000000000000000000000000000000000000000000000000000
00000000000000000000000000000000000000000000000000000000000000000000000000000000000000000000000000000000000000000000000000000000
00000000000000000000000000000000000000000000000000000000000000000000000000000000000000000000000000000000000000000000000000000000
00000000000000000000000000000000000000000000000000000000000000000000000000000000000000000000000000000000000000000000000000000000
00000000000000000000000000000000000000000000000000000000000000000000000000000000000000000000000000000000000000000000000000000000
00000000000000000000000000000000000000000000000000000000000000000000000000000000000000000000000000000000000000000000000000000000
00000000000000000000000000000000000000000000000000000000000000000000000000000000000000000000000000000000000000000000000000000000
00000000000000000000000000000000000000000000000000000000000000000000000000000000000000000000000000000000000000000000000000000000
00000000000000000000000000000000000000000000000000000000000000000000000000000000000000000000000000000000000000000000000000000000
00000000000000000000000000000000000000000000000000000000000000000000000000000000000000000000000000000000000000000000000000000000
00000000000000000000000000000000000000000000000000000000000000000000000000000000000000000000000000000000000000000000000000000000
00000000000000000000000000000000000000000000000000000000000000000000000000000000000000000000000000000000000000000000000000000000
00000000000000000000000000000000000000000000000000000000000000000000000000000000000000000000000000000000000000000000000000000000
00000000000000000000000000000000000000000000000000000000000000000000000000000000000000000000000000000000000000000000000000000000
00000000000000000000000000000000000000000000000000000000000000000000000000000000000000000000000000000000000000000000000000000000
00000000000000000000000000000000000000000000000000000000000000000000000000000000000000000000000000000000000000000000000000000000
000000000000000000000000000000000000000000000000000000000000000000ff000000000000000000000000000000000000000000000000000000000000
00000000000000000000000000000000000000000000000000000000000000000000000000000000000000000000000000000000000000000000000000000000
00000000000000000000000000000000000000000000000000000000000000000000000000000000000000000000000000000000000000000000000000000000
00000000000000000000000000000000000000000000000000000000000000000000000000000000000000000000000000000000000000000000000000000000
00000000000000000000000000000000000000000000000000000000000000000000000000000000000000000000000000000000000000000000000000000000
00000000000000000000000000000000000000000000000000000000000000000000000000000000000000000000000000000000000000000000000000000000
00000000000000000000000000000000000000000000000000000000000000000000000000000000000000000000000000000000000000000000000000000000
00000000000000000000000000000000000000000000000000000000000000000000000000000000000000000000000000000000000000000000000000000000
00000000000000000000000000000000000000000000000000000000000000000000000000000000000000000000000000000000000000000000000000000000
00000000000000000000000000000000000000000000000000000000000000000000000000000000000000000000000000000000000000000000000000000000
00000000000000000000000000000000000000000000000000000000000000000000000000000000000000000000000000000000000000000000000000000000
00000000000000000000000000000000000000000000000000000000000000000000000000000000000000000000000000000000000000000000000000000000
00000000000000000000000000000000000000000000000000000000000000000000000000000000000000000000000000000000000000000000000000000000
00000000000000000000000000000000000000000000000000000000000000000000000000000000000000000000000000000000000000000000000000000000
00000000000000000000000000000000000000000000000000000000000000000000000000000000000000000000000000000000000000000000000000000000
00000000000000000000000000000000000000000000000000000000000000000000000000000000000000000000000000000000000000000000000000000000
00000000000000000000000000000000000000000000000000000000000000000000000000000000000000000000000000000000000000000000000000000000
00000000000000000000000000000000000000000000000000000000000000000000000000000000000000000000000000000000000000000000000000000000
00000000000000000000000000000000000000000000000000000000000000000000000000000000000000000000000000000000000000000000000000000000
00000000000000000000000000000000000000000000000000000000000000000000000000000000000000000000000000000000000000000000000000000000
00000000000000000000000000000000000000000000000000000000000000000000000000000000000000000000000000000000000000000000000000000000
00000000000000000000000000000000000000000000000000000000000000000000000000000000000000000000000000000000000000000000000000000000
00000000000000000000000000000000000000000000000000000000000000000000000000000000000000000000000000000000000000000000000000000000
00000000000000000000000000000000000000000000000000000000000000000000000000000000000000000000000000000000000000000000000000000000
00000000000000000000000000000000000000000000000000000000000000000000000000000000000000000000000000000000000000000000000000000000
00000000000000000000000000000000000000000000000000000000000000000000000000000000000000000000000000000000000000000000000000000000
00000000000000000000000000000000000000000000000000000000000000000000000000000000000000000000000000000000000000000000000000000000
00000000000000000000000000000000000000000000000000000000000000000000000000000000000000000000000000000000000000000000000000000000
00000000000000000000000000000000000000000000000000000000000000000000000000000000000000000000000000000000000000000000000000000000
00000000000000000000000000000000000000000000000000000000000000000000000000000000000000000000000000000000000000000000000000000000
00000000000000000000000000000000000000000000000000000000000000000000000000000000000000000000000000000000000000000000000000000000
00000000000000000000000000000000000000000000000000000000000000000000000000000000000000000000000000000000000000000000000000000000
00000000000000000000000000000000000000000000000000000000000000ff0000000000000000000000000000000000000000000000000000000000000000
00000000000000000000000000000000000000000000000000000000000000000000000000000000000000000000000000000000000000000000000000000000
00000000000000000000000000000000000000000000000000000000000000000000000000000000000000000000000000000000000000000000000000000000
00000000000000000000000000000000000000000000000000000000000000000000000000000000000000000000000000000000000000000000000000000000
00000000000000000000000000000000000000000000000000000000000000000000000000000000000000000000000000000000000000000000000000000000
00000000000000000000000000000000000000000000000000000000000000000000000000000000000000000000000000000000000000000000000000000000
00000000000000000000000000000000000000000000000000000000000000000000000000000000000000000000000000000000000000000000000000000000
00000000000000000000000000000000000000000000000000000000000000000000000000000000000000000000000000000000000000000000000000000000
00000000000000000000000000000000000000000000000000000000000000000000000000000000000000000000000000000000000000000000000000000000
00000000000000000000000000000000000000000000000000000000000000000000000000000000000000000000000000000000000000000000000000000000
00000000000000000000000000000000000000000000000000000000000000000000000000000000000000000000000000000000000000000000000000000000
00000000000000000000000000000000000000000000000000000000000000000000000000000000000000000000000000000000000000000000000000000000
00000000000000000000000000000000000000000000000000000000000000000000000000000000000000000000000000000000000000000000000000000000
00000000000000000000000000000000000000000000000000000000000000000000000000000000000000000000000000000000000000000000000000000000
00000000000000000000000000000000000000000000000000000000000000000000000000000000000000000000000000000000000000000000000000000000
00000000000000000000000000000000000000000000000000000000000000000000000000000000000000000000000000000000000000000000000000000000
00000000000000000000000000000000000000000000000000000000000000000000000000000000000000000000000000000000000000000000000000000000
00000000000000000000000000000000000000000000000000000000000000000000000000000000000000000000000000000000000000000000000000000000
00000000000000000000000000000000000000000000000000000000000000000000000000000000000000000000000000000000000000000000000000000000
00000000000000000000000000000000000000000000000000000000000000000000000000000000000000000000000000000000000000000000000000000000
00000000000000000000000000000000000000000000000000000000000000000000000000000000000000000000000000000000000000000000000000000000
00000000000000000000000000000000000000000000000000000000000000000000000000000000000000000000000000000000000000000000000000000000
00000000000000000000000000000000000000000000000000000000000000000000000000000000000000000000000000000000000000000000000000000000
00000000000000000000000000000000000000000000000000000000000000000000000000000000000000000000000000000000000000000000000000000000
00000000000000000000000000000000000000000000000000000000000000000000000000000000000000000000000000000000000000000000000000000000
00000000000000000000000000000000000000000000000000000000000000000000000000000000000000000000000000000000000000000000000000000000
00000000000000000000000000000000000000000000000000000000000000000000000000000000000000000000000000000000000000000000000000000000
00000000000000000000000000000000000000000000000000000000000000000000000000000000000000000000000000000000000000000000000000000000
00000000000000000000000000000000000000000000000000000000000000000000000000000000000000000000000000000000000000000000000000000000
00000000000000000000000000000000000000000000000000000000000000000000000000000000000000000000000000000000000000000000000000000000
00000000000000000000000000000000000000000000000000000000000000000000000000000000000000000000000000000000000000000000000000000000
00000000000000000000000000000000000000000000000000000000000000000000000000000000000000000000000000000000000000000000000000000000
00000000000000000000000000000000000000000000000000ff0000000000000000000000000000000000000000000000000000000000000000000000000000
00000000000000000000000000000000000000000000000000000000000000000000000000000000000000000000000000000000000000000000000000000000
00000000000000000000000000000000000000000000000000000000000000000000000000000000000000000000000000000000000000000000000000000000
00000000000000000000000000000000000000000000000000000000000000000000000000000000000000000000000000000000000000000000000000000000
00000000000000000000000000000000000000000000000000000000000000000000000000000000000000000000000000000000000000000000000000000000
00000000000000000000000000000000000000000000000000000000000000000000000000000000000000000000000000000000000000000000000000000000
00000000000000000000000000000000000000000000000000000000000000000000000000000000000000000000000000000000000000000000000000000000
00000000000000000000000000000000000000000000000000000000000000000000000000000000000000000000000000000000000000000000000000000000
00000000000000000000000000000000000000000000000000000000000000000000000000000000000000000000000000000000000000000000000000000000
00000000000000000000000000000000000000000000000000000000000000000000000000000000000000000000000000000000000000000000000000000000
00000000000000000000000000000000000000000000000000000000000000000000000000000000000000000000000000000000000000000000000000000000
00000000000000000000000000000000000000000000000000000000000000000000000000000000000000000000000000000000000000000000000000000000
00000000000000000000000000000000000000000000000000000000000000000000000000000000000000000000000000000000000000000000000000000000
00000000000000000000000000000000000000000000000000000000000000000000000000000000000000000000000000000000000000000000000000000000
00000000000000000000000000000000000000000000000000000000000000000000000000000000000000000000000000000000000000000000000000000000
00000000000000000000000000000000000000000000000000000000000000000000000000000000000000000000000000000000000000000000000000000000
00000000000000000000000000000000000000000000000000000000000000000000000000000000000000000000000000000000000000000000000000000000
00000000000000000000000000000000000000000000000000000000000000000000000000000000000000000000000000000000000000000000000000000000
00000000000000000000000000000000000000000000000000000000000000000000000000000000000000000000000000000000000000000000000000000000
00000000000000000000000000000000000000000000000000000000000000000000000000000000000000000000000000000000000000000000000000000000
00000000000000000000000000000000000000000000000000000000000000000000000000000000000000000000000000000000000000000000000000000000
00000000000000000000000000000000000000000000000000000000000000000000000000000000000000000000000000000000000000000000000000000000
00000000000000000000000000000000000000000000000000000000000000000000000000000000000000000000000000000000000000000000000000000000
00000000000000000000000000000000000000000000000000000000000000000000000000000000000000000000000000000000000000000000000000000000
00000000000000000000000000000000000000000000000000000000000000000000000000000000000000000000000000000000000000000000000000000000
00000000000000000000000000000000000000000000000000000000000000000000000000000000000000000000000000000000000000000000000000000000
00000000000000000000000000000000000000000000000000000000000000000000000000000000000000000000000000000000000000000000000000000000
00000000000000000000000000000000000000000000000000000000000000000000000000000000000000000000000000000000000000000000000000000000
00000000000000000000000000000000000000000000000000000000000000000000000000000000000000000000000000000000000000000000000000000000
00000000000000000000000000000000000000000000000000000000000000000000000000000000000000000000000000000000000000000000000000000000
00000000000000000000000000000000000000000000000000000000000000000000000000000000000000000000000000000000000000000000000000000000
00000000000000000000000000000000000000000000000000000000000000000000000000000000000000000000000000000000000000000000000000000000
00000000000000000000000000000000000000000000000000000000000000000000000000000000000000000000000000000000000000000000000000000000
00000000000000000000000000000000000000000000000000000000000000000000000000000000000000000000000000000000000000000000000000000000
00000000000000000000000000000000000000000000000000000000000000000000000000000000000000000000000000000000000000ff0000000000000000
00000000000000000000000000000000000000000000000000000000000000000000000000000000000000000000000000000000000000000000000000000000
00000000000000000000000000000000000000000000000000000000000000000000000000000000000000000000000000000000000000000000000000000000
00000000000000000000000000000000000000000000000000000000000000000000000000000000000000000000000000000000000000000000000000000000
00000000000000000000000000000000000000000000000000000000000000000000000000000000000000000000000000000000000000000000000000000000
00000000000000000000000000000000000000000000000000000000000000000000000000000000000000000000000000000000000000000000000000000000
00000000000000000000000000000000000000000000000000000000000000000000000000000000000000000000000000000000000000000000000000000000
00000000000000000000000000000000000000000000000000000000000000000000000000000000000000000000000000000000000000000000000000000000
00000000000000000000000000000000000000000000000000000000000000000000000000000000000000000000000000000000000000000000000000000000
00000000000000000000000000000000000000000000000000000000000000000000000000000000000000000000000000000000000000000000000000000000
00000000000000000000000000000000000000000000000000000000000000000000000000000000000000000000000000000000000000000000000000000000
00000000000000000000000000000000000000000000000000000000000000000000000000000000000000000000000000000000000000000000000000000000
00000000000000000000000000000000000000000000000000000000000000000000000000000000000000000000000000000000000000000000000000000000
00000000000000000000000000000000000000000000000000000000000000000000000000000000000000000000000000000000000000000000000000000000
00000000000000000000000000000000000000000000000000000000000000000000000000000000000000000000000000000000000000000000000000000000
00000000000000000000000000000000000000000000000000000000000000000000000000000000000000000000000000000000000000000000000000000000
00000000000000000000000000000000000000000000000000000000000000000000000000000000000000000000000000000000000000000000000000000000
00000000000000000000000000000000000000000000000000000000000000000000000000000000000000000000000000000000000000000000000000000000
00000000000000000000000000000000000000000000000000000000000000000000000000000000000000000000000000000000000000000000000000000000
00000000000000000000000000000000000000000000000000000000000000000000000000000000000000000000000000000000000000000000000000000000
00000000000000000000000000000000000000000000000000000000000000000000000000000000000000000000000000000000000000000000000000000000
00000000000000000000000000000000000000000000000000000000000000000000000000000000000000000000000000000000000000000000000000000000
00000000000000000000000000000000000000000000000000000000000000000000000000000000000000000000000000000000000000000000000000000000
00000000000000000000000000000000000000000000000000000000000000000000000000000000000000000000000000000000000000000000000000000000
00000000000000000000000000000000000000000000000000000000000000000000000000000000000000000000000000000000000000000000000000000000
00000000000000000000000000000000000000000000000000000000000000000000000000000000000000000000000000000000000000000000000000000000
00000000000000000000000000000000000000000000000000000000000000000000000000000000000000000000000000000000000000000000000000000000
00000000000000000000000000000000000000000000000000000000000000000000000000000000000000000000000000000000000000000000000000000000
00000000000000000000000000000000000000000000000000000000000000000000000000000000000000000000000000000000000000000000000000000000
00000000000000000000000000000000000000000000000000000000000000000000000000000000000000000000000000000000000000000000000000000000
00000000000000000000000000000000000000000000000000000000000000000000000000000000000000000000000000000000000000000000000000000000
00000000000000000000000000000000000000000000000000000000000000000000000000000000000000000000000000000000000000000000000000000000
00000000000000000000000000000000000000000000000000000000000000000000000000000000000000000000000000ff0000000000000000000000000000
00000000000000000000000000000000000000000000000000000000000000000000000000000000000000000000000000000000000000000000000000000000
00000000000000000000000000000000000000000000000000000000000000000000000000000000000000000000000000000000000000000000000000000000
00000000000000000000000000000000000000000000000000000000000000000000000000000000000000000000000000000000000000000000000000000000
00000000000000000000000000000000000000000000000000000000000000000000000000000000000000000000000000000000000000000000000000000000
00000000000000000000000000000000000000000000000000000000000000000000000000000000000000000000000000000000000000000000000000000000
00000000000000000000000000000000000000000000000000000000000000000000000000000000000000000000000000000000000000000000000000000000
00000000000000000000000000000000000000000000000000000000000000000000000000000000000000000000000000000000000000000000000000000000
00000000000000000000000000000000000000000000000000000000000000000000000000000000000000000000000000000000000000000000000000000000
00000000000000000000000000000000000000000000000000000000000000000000000000000000000000000000000000000000000000000000000000000000
00000000000000000000000000000000000000000000000000000000000000000000000000000000000000000000000000000000000000000000000000000000
00000000000000000000000000000000000000000000000000000000000000000000000000000000000000000000000000000000000000000000000000000000
00000000000000000000000000000000000000000000000000000000000000000000000000000000000000000000000000000000000000000000000000000000
00000000000000000000000000000000000000000000000000000000000000000000000000000000000000000000000000000000000000000000000000000000
00000000000000000000000000000000000000000000000000000000000000000000000000000000000000000000000000000000000000000000000000000000
00000000000000000000000000000000000000000000000000000000000000000000000000000000000000000000000000000000000000000000000000000000
00000000000000000000000000000000000000000000000000000000000000000000000000000000000000000000000000000000000000000000000000000000
00000000000000000000000000000000000000000000000000000000000000000000000000000000000000000000000000000000000000000000000000000000
00000000000000000000000000000000000000000000000000000000000000000000000000000000000000000000000000000000000000000000000000000000
00000000000000000000000000000000000000000000000000000000000000000000000000000000000000000000000000000000000000000000000000000000
00000000000000000000000000000000000000000000000000000000000000000000000000000000000000000000000000000000000000000000000000000000
00000000000000000000000000000000000000000000000000000000000000000000000000000000000000000000000000000000000000000000000000000000
00000000000000000000000000000000000000000000000000000000000000000000000000000000000000000000000000000000000000000000000000000000
00000000000000000000000000000000000000000000000000000000000000000000000000000000000000000000000000000000000000000000000000000000
00000000000000000000000000000000000000000000000000000000000000000000000000000000000000000000000000000000000000000000000000000000
00000000000000000000000000000000000000000000000000000000000000000000000000000000000000000000000000000000000000000000000000000000
00000000000000000000000000000000000000000000000000000000000000000000000000000000000000000000000000000000000000000000000000000000
00000000000000000000000000000000000000000000000000000000000000000000000000000000000000000000000000000000000000000000000000000000
00000000000000000000000000000000000000000000000000000000000000000000000000000000000000000000000000000000000000000000000000000000
00000000000000000000000000000000000000000000000000000000000000000000000000000000000000000000000000000000000000000000000000000000
00000000000000000000000000000000000000000000000000000000000000000000000000000000000000000000000000000000000000000000000000000000
00000000000000000000000000000000000000000000000000000000000000000000000000000000000000000000000000000000000000000000000000000000
0000000000000000000000000000000000000000000000000000000000000000000000000000000000000000000000ff00000000000000000000000000000000
00000000000000000000000000000000000000000000000000000000000000000000000000000000000000000000000000000000000000000000000000000000
00000000000000000000000000000000000000000000000000000000000000000000000000000000000000000000000000000000000000000000000000000000
00000000000000000000000000000000000000000000000000000000000000000000000000000000000000000000000000000000000000000000000000000000
00000000000000000000000000000000000000000000000000000000000000000000000000000000000000000000000000000000000000000000000000000000
00000000000000000000000000000000000000000000000000000000000000000000000000000000000000000000000000000000000000000000000000000000
00000000000000000000000000000000000000000000000000000000000000000000000000000000000000000000000000000000000000000000000000000000
00000000000000000000000000000000000000000000000000000000000000000000000000000000000000000000000000000000000000000000000000000000
00000000000000000000000000000000000000000000000000000000000000000000000000000000000000000000000000000000000000000000000000000000
00000000000000000000000000000000000000000000000000000000000000000000000000000000000000000000000000000000000000000000000000000000
00000000000000000000000000000000000000000000000000000000000000000000000000000000000000000000000000000000000000000000000000000000
00000000000000000000000000000000000000000000000000000000000000000000000000000000000000000000000000000000000000000000000000000000
00000000000000000000000000000000000000000000000000000000000000000000000000000000000000000000000000000000000000000000000000000000
00000000000000000000000000000000000000000000000000000000000000000000000000000000000000000000000000000000000000000000000000000000
00000000000000000000000000000000000000000000000000000000000000000000000000000000000000000000000000000000000000000000000000000000
00000000000000000000000000000000000000000000000000000000000000000000000000000000000000000000000000000000000000000000000000000000
00000000000000000000000000000000000000000000000000000000000000000000000000000000000000000000000000000000000000000000000000000000
00000000000000000000000000000000000000000000000000000000000000000000000000000000000000000000000000000000000000000000000000000000
00000000000000000000000000000000000000000000000000000000000000000000000000000000000000000000000000000000000000000000000000000000
00000000000000000000000000000000000000000000000000000000000000000000000000000000000000000000000000000000000000000000000000000000
00000000000000000000000000000000000000000000000000000000000000000000000000000000000000000000000000000000000000000000000000000000
00000000000000000000000000000000000000000000000000000000000000000000000000000000000000000000000000000000000000000000000000000000
00000000000000000000000000000000000000000000000000000000000000000000000000000000000000000000000000000000000000000000000000000000
00000000000000000000000000000000000000000000000000000000000000000000000000000000000000000000000000000000000000000000000000000000
00000000000000000000000000000000000000000000000000000000000000000000000000000000000000000000000000000000000000000000000000000000
00000000000000000000000000000000000000000000000000000000000000000000000000000000000000000000000000000000000000000000000000000000
00000000000000000000000000000000000000000000000000000000000000000000000000000000000000000000000000000000000000000000000000000000
00000000000000000000000000000000000000000000000000000000000000000000000000000000000000000000000000000000000000000000000000000000
00000000000000000000000000000000000000000000000000000000000000000000000000000000000000000000000000000000000000000000000000000000
00000000000000000000000000000000000000000000000000000000000000000000000000000000000000000000000000000000000000000000000000000000
00000000000000000000000000000000000000000000000000000000000000000000000000000000000000000000000000000000000000000000000000000000
00000000000000000000000000000000000000000000000000000000000000000000000000000000000000000000000000000000000000000000000000000000
0000000000000000000000000000000000000000000000000000000000000000000000000000000000ff00000000000000000000000000000000000000000000
00000000000000000000000000000000000000000000000000000000000000000000000000000000000000000000000000000000000000000000000000000000
00000000000000000000000000000000000000000000000000000000000000000000000000000000000000000000000000000000000000000000000000000000
00000000000000000000000000000000000000000000000000000000000000000000000000000000000000000000000000000000000000000000000000000000
00000000000000000000000000000000000000000000000000000000000000000000000000000000000000000000000000000000000000000000000000000000
00000000000000000000000000000000000000000000000000000000000000000000000000000000000000000000000000000000000000000000000000000000
00000000000000000000000000000000000000000000000000000000000000000000000000000000000000000000000000000000000000000000000000000000
00000000000000000000000000000000000000000000000000000000000000000000000000000000000000000000000000000000000000000000000000000000
00000000000000000000000000000000000000000000000000000000000000000000000000000000000000000000000000000000000000000000000000000000
00000000000000000000000000000000000000000000000000000000000000000000000000000000000000000000000000000000000000000000000000000000
00000000000000000000000000000000000000000000000000000000000000000000000000000000000000000000000000000000000000000000000000000000
00000000000000000000000000000000000000000000000000000000000000000000000000000000000000000000000000000000000000000000000000000000
00000000000000000000000000000000000000000000000000000000000000000000000000000000000000000000000000000000000000000000000000000000
00000000000000000000000000000000000000000000000000000000000000000000000000000000000000000000000000000000000000000000000000000000
00000000000000000000000000000000000000000000000000000000000000000000000000000000000000000000000000000000000000000000000000000000
00000000000000000000000000000000000000000000000000000000000000000000000000000000000000000000000000000000000000000000000000000000
00000000000000000000000000000000000000000000000000000000000000000000000000000000000000000000000000000000000000000000000000000000
00000000000000000000000000000000000000000000000000000000000000000000000000000000000000000000000000000000000000000000000000000000
00000000000000000000000000000000000000000000000000000000000000000000000000000000000000000000000000000000000000000000000000000000
00000000000000000000000000000000000000000000000000000000000000000000000000000000000000000000000000000000000000000000000000000000
00000000000000000000000000000000000000000000000000000000000000000000000000000000000000000000000000000000000000000000000000000000
00000000000000000000000000000000000000000000000000000000000000000000000000000000000000000000000000000000000000000000000000000000
00000000000000000000000000000000000000000000000000000000000000000000000000000000000000000000000000000000000000000000000000000000
00000000000000000000000000000000000000000000000000000000000000000000000000000000000000000000000000000000000000000000000000000000
00000000000000000000000000000000000000000000000000000000000000000000000000000000000000000000000000000000000000000000000000000000
00000000000000000000000000000000000000000000000000000000000000000000000000000000000000000000000000000000000000000000000000000000
00000000000000000000000000000000000000000000000000000000000000000000000000000000000000000000000000000000000000000000000000000000
00000000000000000000000000000000000000000000000000000000000000000000000000000000000000000000000000000000000000000000000000000000
00000000000000000000000000000000000000000000000000000000000000000000000000000000000000000000000000000000000000000000000000000000
00000000000000000000000000000000000000000000000000000000000000000000000000000000000000000000000000000000000000000000000000000000
00000000000000000000000000000000000000000000000000000000000000000000000000000000000000000000000000000000000000000000000000000000
00000000000000000000000000000000000000000000000000000000000000000000000000000000000000000000000000000000000000000000000000000000
00000000000000000000000000000000000000000000000000000000000000000000000000000000000000000000000000000000000000000000000000000000
00000000000000000000000000000000000000000000000000000000000000000000000000000000000000000000000000000000000000000000000000000000
00000000000000000000000000000000000000000000000000000000000000000000000000000000000000000000000000000000000000000000000000000000
00000000000000000000000000000000000000000000000000000000000000000000000000000000000000000000000000000000000000000000000000000000
00000000000000000000000000000000000000000000000000000000000000000000000000000000000000000000000000000000000000000000000000000000
00000000000000000000000000000000000000000000000000000000000000000000000000000000000000000000000000000000000000000000000000000000
00000000000000000000000000000000000000000000000000000000000000000000000000000000000000000000000000000000000000000000000000000000
00000000000000000000000000000000000000000000000000000000000000000000000000000000000000000000000000000000000000000000000000000000
00000000000000000000000000000000000000000000000000000000000000000000000000000000000000000000000000000000000000000000000000000000
00000000000000000000000000000000000000000000000000000000000000000000000000000000000000000000000000000000000000000000000000000000
00000000000000000000000000000000000000000000000000000000000000000000000000000000000000000000000000000000000000000000000000000000
00000000000000000000000000000000000000000000000000000000000000000000000000000000000000000000000000000000000000000000000000000000
00000000000000000000000000000000000000000000000000000000000000000000000000000000000000000000000000000000000000000000000000000000
00000000000000000000000000000000000000000000000000000000000000000000000000000000000000000000000000000000000000000000000000000000
00000000000000000000000000000000000000000000000000000000000000000000000000000000000000000000000000000000000000000000000000000000
00000000000000000000000000000000000000000000000000000000000000000000000000000000000000000000000000000000000000000000000000000000
00000000000000000000000000000000000000000000000000000000000000000000000000000000000000000000000000000000000000000000000000000000
00000000000000000000000000000000000000000000000000000000000000000000000000000000000000000000000000000000000000000000000000000000
00000000000000000000000000000000000000000000000000000000000000000000000000000000000000000000000000000000000000000000000000000000
00000000000000000000000000000000000000000000000000000000000000000000000000000000000000000000000000000000000000000000000000000000
00000000000000000000000000000000000000000000000000000000000000000000000000000000000000000000000000000000000000000000000000000000
00000000000000000000000000000000000000000000000000000000000000000000000000000000000000000000000000000000000000000000000000000000
0000000000000000000000000000000000000000000000ff00000000000000000000000000000000000000000000000000000000000000000000000000000000
00000000000000000000000000000000000000000000000000000000000000000000000000000000000000000000000000000000000000000000000000000000
00000000000000000000000000000000000000000000000000000000000000000000000000000000000000000000000000000000000000000000000000000000
00000000000000000000000000000000000000000000000000000000000000000000000000000000000000000000000000000000000000000000000000000000
00000000000000000000000000000000000000000000000000000000000000000000000000000000000000000000000000000000000000000000000000000000
00000000000000000000000000000000000000000000000000000000000000000000000000000000000000000000000000000000000000000000000000000000
00000000000000000000000000000000000000000000000000000000000000000000000000000000000000000000000000000000000000000000000000000000
00000000000000000000000000000000000000000000000000000000000000000000000000000000000000000000000000000000000000000000000000000000
00000000000000000000000000000000000000000000000000000000000000000000000000000000000000000000000000000000000000000000000000000000
00000000000000000000000000000000000000000000000000000000000000000000000000000000000000000000000000000000000000000000000000000000
00000000000000000000000000000000000000000000000000000000000000000000000000000000000000000000000000000000000000000000000000000000
00000000000000000000000000000000000000000000000000000000000000000000000000000000000000000000000000000000000000000000000000000000
00000000000000000000000000000000000000000000000000000000000000000000000000000000000000000000000000000000000000000000000000000000
00000000000000000000000000000000000000000000000000000000000000000000000000000000000000000000000000000000000000000000000000000000
00000000000000000000000000000000000000000000000000000000000000000000000000000000000000000000000000000000000000000000000000000000
00000000000000000000000000000000000000000000000000000000000000000000000000000000000000000000000000000000000000000000000000000000
00000000000000000000000000000000000000000000000000000000000000000000000000000000000000000000000000000000000000000000000000000000
00000000000000000000000000000000000000000000000000000000000000000000000000000000000000000000000000000000000000000000000000000000
00000000000000000000000000000000000000000000000000000000000000000000000000000000000000000000000000000000000000000000000000000000
00000000000000000000000000000000000000000000000000000000000000000000000000000000000000000000000000000000000000000000000000000000
00000000000000000000000000000000000000000000000000000000000000000000000000000000000000000000000000000000000000000000000000000000
00000000000000000000000000000000000000000000000000000000000000000000000000000000000000000000000000000000000000000000000000000000
00000000000000000000000000000000000000000000000000000000000000000000000000000000000000000000000000000000000000000000000000000000
00000000000000000000000000000000000000000000000000000000000000000000000000000000000000000000000000000000000000000000000000000000
00000000000000000000000000000000000000000000000000000000000000000000000000000000000000000000000000000000000000000000000000000000
00000000000000000000000000000000000000000000000000000000000000000000000000000000000000000000000000000000000000000000000000000000
00000000000000000000000000000000000000000000000000000000000000000000000000000000000000000000000000000000000000000000000000000000
00000000000000000000000000000000000000000000000000000000000000000000000000000000000000000000000000000000000000000000000000000000
00000000000000000000000000000000000000000000000000000000000000000000000000000000000000000000000000000000000000000000000000000000
00000000000000000000000000000000000000000000000000000000000000000000000000000000000000000000000000000000000000000000000000000000
00000000000000000000000000000000000000000000000000000000000000000000000000000000000000000000000000000000000000000000000000000000
00000000000000000000000000000000000000000000000000000000000000000000000000000000000000000000000000000000000000000000000000000000
0000000000000000000000000000000000ff00000000000000000000000000000000000000000000000000000000000000000000000000000000000000000000
00000000000000000000000000000000000000000000000000000000000000000000000000000000000000000000000000000000000000000000000000000000
00000000000000000000000000000000000000000000000000000000000000000000000000000000000000000000000000000000000000000000000000000000
00000000000000000000000000000000000000000000000000000000000000000000000000000000000000000000000000000000000000000000000000000000
00000000000000000000000000000000000000000000000000000000000000000000000000000000000000000000000000000000000000000000000000000000
00000000000000000000000000000000000000000000000000000000000000000000000000000000000000000000000000000000000000000000000000000000
00000000000000000000000000000000000000000000000000000000000000000000000000000000000000000000000000000000000000000000000000000000
00000000000000000000000000000000000000000000000000000000000000000000000000000000000000000000000000000000000000000000000000000000
00000000000000000000000000000000000000000000000000000000000000000000000000000000000000000000000000000000000000000000000000000000
00000000000000000000000000000000000000000000000000000000000000000000000000000000000000000000000000000000000000000000000000000000
00000000000000000000000000000000000000000000000000000000000000000000000000000000000000000000000000000000000000000000000000000000
00000000000000000000000000000000000000000000000000000000000000000000000000000000000000000000000000000000000000000000000000000000
00000000000000000000000000000000000000000000000000000000000000000000000000000000000000000000000000000000000000000000000000000000
00000000000000000000000000000000000000000000000000000000000000000000000000000000000000000000000000000000000000000000000000000000
00000000000000000000000000000000000000000000000000000000000000000000000000000000000000000000000000000000000000000000000000000000
00000000000000000000000000000000000000000000000000000000000000000000000000000000000000000000000000000000000000000000000000000000
00000000000000000000000000000000000000000000000000000000000000000000000000000000000000000000000000000000000000000000000000000000
00000000000000000000000000000000000000000000000000000000000000000000000000000000000000000000000000000000000000000000000000000000
00000000000000000000000000000000000000000000000000000000000000000000000000000000000000000000000000000000000000000000000000000000
00000000000000000000000000000000000000000000000000000000000000000000000000000000000000000000000000000000000000000000000000000000
00000000000000000000000000000000000000000000000000000000000000000000000000000000000000000000000000000000000000000000000000000000
00000000000000000000000000000000000000000000000000000000000000000000000000000000000000000000000000000000000000000000000000000000
00000000000000000000000000000000000000000000000000000000000000000000000000000000000000000000000000000000000000000000000000000000
00000000000000000000000000000000000000000000000000000000000000000000000000000000000000000000000000000000000000000000000000000000
00000000000000000000000000000000000000000000000000000000000000000000000000000000000000000000000000000000000000000000000000000000
00000000000000000000000000000000000000000000000000000000000000000000000000000000000000000000000000000000000000000000000000000000
00000000000000000000000000000000000000000000000000000000000000000000000000000000000000000000000000000000000000000000000000000000
00000000000000000000000000000000000000000000000000000000000000000000000000000000000000000000000000000000000000000000000000000000
00000000000000000000000000000000000000000000000000000000000000000000000000000000000000000000000000000000000000000000000000000000
00000000000000000000000000000000000000000000000000000000000000000000000000000000000000000000000000000000000000000000000000000000
00000000000000000000000000000000000000000000000000000000000000000000000000000000000000000000000000000000000000000000000000000000
00000000000000000000000000000000000000000000000000000000000000000000000000000000000000000000000000000000000000000000000000000000
00000000000000000000000000000000000000000000000000000000000000000000000000000000000000000000000000000000000000000000000000000000
00000000000000000000000000000000000000000000000000000000000000000000000000000000000000000000000000000000000000000000000000000000
00000000000000ff0000000000000000000000000000000000000000000000000000000000000000000000000000000000000000000000000000000000000000
00000000000000000000000000000000000000000000000000000000000000000000000000000000000000000000000000000000000000000000000000000000
00000000000000000000000000000000000000000000000000000000000000000000000000000000000000000000000000000000000000000000000000000000
00000000000000000000000000000000000000000000000000000000000000000000000000000000000000000000000000000000000000000000000000000000
00000000000000000000000000000000000000000000000000000000000000000000000000000000000000000000000000000000000000000000000000000000
00000000000000000000000000000000000000000000000000000000000000000000000000000000000000000000000000000000000000000000000000000000
00000000000000000000000000000000000000000000000000000000000000000000000000000000000000000000000000000000000000000000000000000000
00000000000000000000000000000000000000000000000000000000000000000000000000000000000000000000000000000000000000000000000000000000
00000000000000000000000000000000000000000000000000000000000000000000000000000000000000000000000000000000000000000000000000000000
00000000000000000000000000000000000000000000000000000000000000000000000000000000000000000000000000000000000000000000000000000000
00000000000000000000000000000000000000000000000000000000000000000000000000000000000000000000000000000000000000000000000000000000
00000000000000000000000000000000000000000000000000000000000000000000000000000000000000000000000000000000000000000000000000000000
00000000000000000000000000000000000000000000000000000000000000000000000000000000000000000000000000000000000000000000000000000000
00000000000000000000000000000000000000000000000000000000000000000000000000000000000000000000000000000000000000000000000000000000
00000000000000000000000000000000000000000000000000000000000000000000000000000000000000000000000000000000000000000000000000000000
00000000000000000000000000000000000000000000000000000000000000000000000000000000000000000000000000000000000000000000000000000000
00000000000000000000000000000000000000000000000000000000000000000000000000000000000000000000000000000000000000000000000000000000
00000000000000000000000000000000000000000000000000000000000000000000000000000000000000000000000000000000000000000000000000000000
00000000000000000000000000000000000000000000000000000000000000000000000000000000000000000000000000000000000000000000000000000000
00000000000000000000000000000000000000000000000000000000000000000000000000000000000000000000000000000000000000000000000000000000
00000000000000000000000000000000000000000000000000000000000000000000000000000000000000000000000000000000000000000000000000000000
00000000000000000000000000000000000000000000000000000000000000000000000000000000000000000000000000000000000000000000000000000000
00000000000000000000000000000000000000000000000000000000000000000000000000000000000000000000000000000000000000000000000000000000
00000000000000000000000000000000000000000000000000000000000000000000000000000000000000000000000000000000000000000000000000000000
00000000000000000000000000000000000000000000000000000000000000000000000000000000000000000000000000000000000000000000000000000000
00000000000000000000000000000000000000000000000000000000000000000000000000000000000000000000000000000000000000000000000000000000
00000000000000000000000000000000000000000000000000000000000000000000000000000000000000000000000000000000000000000000000000000000
00000000000000000000000000000000000000000000000000000000000000000000000000000000000000000000000000000000000000000000000000000000
00000000000000000000000000000000000000000000000000000000000000000000000000000000000000000000000000000000000000000000000000000000
00000000000000000000000000000000000000000000000000000000000000000000000000000000000000000000000000000000000000000000000000000000
00000000000000000000000000000000000000000000000000000000000000000000000000000000000000000000000000000000000000000000000000000000
00000000000000000000000000000000000000000000000000000000000000000000000000000000000000000000000000000000000000000000000000000000
00ff0000000000000000000000000000000000000000000000000000000000000000000000000000000000000000000000000000000000000000000000000000
00000000000000000000000000000000000000000000000000000000000000000000000000000000000000000000000000000000000000000000000000000000
00000000000000000000000000000000000000000000000000000000000000000000000000000000000000000000000000000000000000000000000000000000
00000000000000000000000000000000000000000000000000000000000000000000000000000000000000000000000000000000000000000000000000000000
00000000000000000000000000000000000000000000000000000000000000000000000000000000000000000000000000000000000000000000000000000000
00000000000000000000000000000000000000000000000000000000000000000000000000000000000000000000000000000000000000000000000000000000
00000000000000000000000000000000000000000000000000000000000000000000000000000000000000000000000000000000000000000000000000000000
00000000000000000000000000000000000000000000000000000000000000000000000000000000000000000000000000000000000000000000000000000000
00000000000000000000000000000000000000000000000000000000000000000000000000000000000000000000000000000000000000000000000000000000
00000000000000000000000000000000000000000000000000000000000000000000000000000000000000000000000000000000000000000000000000000000
00000000000000000000000000000000000000000000000000000000000000000000000000000000000000000000000000000000000000000000000000000000
00000000000000000000000000000000000000000000000000000000000000000000000000000000000000000000000000000000000000000000000000000000
00000000000000000000000000000000000000000000000000000000000000000000000000000000000000000000000000000000000000000000000000000000
00000000000000000000000000000000000000000000000000000000000000000000000000000000000000000000000000000000000000000000000000000000
00000000000000000000000000000000000000000000000000000000000000000000000000000000000000000000000000000000000000000000000000000000
00000000000000000000000000000000000000000000000000000000000000000000000000000000000000000000000000000000000000000000000000000000
00000000000000000000000000000000000000000000000000000000000000000000000000000000000000000000000000000000000000000000000000000000
00000000000000000000000000000000000000000000000000000000000000000000000000000000000000000000000000000000000000000000000000000000
00000000000000000000000000000000000000000000000000000000000000000000000000000000000000000000000000000000000000000000000000000000
00000000000000000000000000000000000000000000000000000000000000000000000000000000000000000000000000000000000000000000000000000000
00000000000000000000000000000000000000000000000000000000000000000000000000000000000000000000000000000000000000000000000000000000
00000000000000000000000000000000000000000000000000000000000000000000000000000000000000000000000000000000000000000000000000000000
00000000000000000000000000000000000000000000000000000000000000000000000000000000000000000000000000000000000000000000000000000000
00000000000000000000000000000000000000000000000000000000000000000000000000000000000000000000000000000000000000000000000000000000
00000000000000000000000000000000000000000000000000000000000000000000000000000000000000000000000000000000000000000000000000000000
00000000000000000000000000000000000000000000000000000000000000000000000000000000000000000000000000000000000000000000000000000000
00000000000000000000000000000000000000000000000000000000000000000000000000000000000000000000000000000000000000000000000000000000
00000000000000000000000000000000000000000000000000000000000000000000000000000000000000000000000000000000000000000000000000000000
00000000000000000000000000000000000000000000000000000000000000000000000000000000000000000000000000000000000000000000000000000000
00000000000000000000000000000000000000000000000000000000000000000000000000000000000000000000000000000000000000000000000000000000
00000000000000000000000000000000000000000000000000000000000000000000000000000000000000000000000000000000000000000000000000000000
00000000000000000000000000000000000000000000000000000000000000000000000000000000000000000000000000000000000000000000000000000000
00000000000000000000000000000000000000000000000000000000000000000000000000000000000000000000000000000000000000000000000000000000
0000000000000000000000000000000000000000000000ff00000000000000000000000000000000000000000000000000000000000000000000000000000000
00000000000000000000000000000000000000000000000000000000000000000000000000000000000000000000000000000000000000000000000000000000
00000000000000000000000000000000000000000000000000000000000000000000000000000000000000000000000000000000000000000000000000000000
00000000000000000000000000000000000000000000000000000000000000000000000000000000000000000000000000000000000000000000000000000000
00000000000000000000000000000000000000000000000000000000000000000000000000000000000000000000000000000000000000000000000000000000
00000000000000000000000000000000000000000000000000000000000000000000000000000000000000000000000000000000000000000000000000000000
00000000000000000000000000000000000000000000000000000000000000000000000000000000000000000000000000000000000000000000000000000000
00000000000000000000000000000000000000000000000000000000000000000000000000000000000000000000000000000000000000000000000000000000
00000000000000000000000000000000000000000000000000000000000000000000000000000000000000000000000000000000000000000000000000000000
00000000000000000000000000000000000000000000000000000000000000000000000000000000000000000000000000000000000000000000000000000000
00000000000000000000000000000000000000000000000000000000000000000000000000000000000000000000000000000000000000000000000000000000
00000000000000000000000000000000000000000000000000000000000000000000000000000000000000000000000000000000000000000000000000000000
00000000000000000000000000000000000000000000000000000000000000000000000000000000000000000000000000000000000000000000000000000000
00000000000000000000000000000000000000000000000000000000000000000000000000000000000000000000000000000000000000000000000000000000
00000000000000000000000000000000000000000000000000000000000000000000000000000000000000000000000000000000000000000000000000000000
00000000000000000000000000000000000000000000000000000000000000000000000000000000000000000000000000000000000000000000000000000000
00000000000000000000000000000000000000000000000000000000000000000000000000000000000000000000000000000000000000000000000000000000
00000000000000000000000000000000000000000000000000000000000000000000000000000000000000000000000000000000000000000000000000000000
00000000000000000000000000000000000000000000000000000000000000000000000000000000000000000000000000000000000000000000000000000000
00000000000000000000000000000000000000000000000000000000000000000000000000000000000000000000000000000000000000000000000000000000
00000000000000000000000000000000000000000000000000000000000000000000000000000000000000000000000000000000000000000000000000000000
00000000000000000000000000000000000000000000000000000000000000000000000000000000000000000000000000000000000000000000000000000000
00000000000000000000000000000000000000000000000000000000000000000000000000000000000000000000000000000000000000000000000000000000
00000000000000000000000000000000000000000000000000000000000000000000000000000000000000000000000000000000000000000000000000000000
00000000000000000000000000000000000000000000000000000000000000000000000000000000000000000000000000000000000000000000000000000000
00000000000000000000000000000000000000000000000000000000000000000000000000000000000000000000000000000000000000000000000000000000
00000000000000000000000000000000000000000000000000000000000000000000000000000000000000000000000000000000000000000000000000000000
00000000000000000000000000000000000000000000000000000000000000000000000000000000000000000000000000000000000000000000000000000000
00000000000000000000000000000000000000000000000000000000000000000000000000000000000000000000000000000000000000000000000000000000
00000000000000000000000000000000000000000000000000000000000000000000000000000000000000000000000000000000000000000000000000000000
00000000000000000000000000000000000000000000000000000000000000000000000000000000000000000000000000000000000000000000000000000000
00000000000000000000000000000000000000000000000000000000000000000000000000000000000000000000000000000000000000000000000000000000
0000000000000000000000000000000000ff00000000000000000000000000000000000000000000000000000000000000000000000000000000000000000000
00000000000000000000000000000000000000000000000000000000000000000000000000000000000000000000000000000000000000000000000000000000
00000000000000000000000000000000000000000000000000000000000000000000000000000000000000000000000000000000000000000000000000000000
00000000000000000000000000000000000000000000000000000000000000000000000000000000000000000000000000000000000000000000000000000000
00000000000000000000000000000000000000000000000000000000000000000000000000000000000000000000000000000000000000000000000000000000
00000000000000000000000000000000000000000000000000000000000000000000000000000000000000000000000000000000000000000000000000000000
00000000000000000000000000000000000000000000000000000000000000000000000000000000000000000000000000000000000000000000000000000000
00000000000000000000000000000000000000000000000000000000000000000000000000000000000000000000000000000000000000000000000000000000
00000000000000000000000000000000000000000000000000000000000000000000000000000000000000000000000000000000000000000000000000000000
00000000000000000000000000000000000000000000000000000000000000000000000000000000000000000000000000000000000000000000000000000000
00000000000000000000000000000000000000000000000000000000000000000000000000000000000000000000000000000000000000000000000000000000
00000000000000000000000000000000000000000000000000000000000000000000000000000000000000000000000000000000000000000000000000000000
00000000000000000000000000000000000000000000000000000000000000000000000000000000000000000000000000000000000000000000000000000000
00000000000000000000000000000000000000000000000000000000000000000000000000000000000000000000000000000000000000000000000000000000
00000000000000000000000000000000000000000000000000000000000000000000000000000000000000000000000000000000000000000000000000000000
00000000000000000000000000000000000000000000000000000000000000000000000000000000000000000000000000000000000000000000000000000000
00000000000000000000000000000000000000000000000000000000000000000000000000000000000000000000000000000000000000000000000000000000
00000000000000000000000000000000000000000000000000000000000000000000000000000000000000000000000000000000000000000000000000000000
00000000000000000000000000000000000000000000000000000000000000000000000000000000000000000000000000000000000000000000000000000000
00000000000000000000000000000000000000000000000000000000000000000000000000000000000000000000000000000000000000000000000000000000
00000000000000000000000000000000000000000000000000000000000000000000000000000000000000000000000000000000000000000000000000000000
00000000000000000000000000000000000000000000000000000000000000000000000000000000000000000000000000000000000000000000000000000000
00000000000000000000000000000000000000000000000000000000000000000000000000000000000000000000000000000000000000000000000000000000
00000000000000000000000000000000000000000000000000000000000000000000000000000000000000000000000000000000000000000000000000000000
00000000000000000000000000000000000000000000000000000000000000000000000000000000000000000000000000000000000000000000000000000000
00000000000000000000000000000000000000000000000000000000000000000000000000000000000000000000000000000000000000000000000000000000
00000000000000000000000000000000000000000000000000000000000000000000000000000000000000000000000000000000000000000000000000000000
00000000000000000000000000000000000000000000000000000000000000000000000000000000000000000000000000000000000000000000000000000000
00000000000000000000000000000000000000000000000000000000000000000000000000000000000000000000000000000000000000000000000000000000
00000000000000000000000000000000000000000000000000000000000000000000000000000000000000000000000000000000000000000000000000000000
00000000000000000000000000000000000000000000000000000000000000000000000000000000000000000000000000000000000000000000000000000000
00000000000000000000000000000000000000000000000000000000000000000000000000000000000000000000000000000000000000000000000000000000
00000000000000ff0000000000000000000000000000000000000000000000000000000000000000000000000000000000000000000000000000000000000000
00000000000000000000000000000000000000000000000000000000000000000000000000000000000000000000000000000000000000000000000000000000
00000000000000000000000000000000000000000000000000000000000000000000000000000000000000000000000000000000000000000000000000000000
00000000000000000000000000000000000000000000000000000000000000000000000000000000000000000000000000000000000000000000000000000000
00000000000000000000000000000000000000000000000000000000000000000000000000000000000000000000000000000000000000000000000000000000
00000000000000000000000000000000000000000000000000000000000000000000000000000000000000000000000000000000000000000000000000000000
00000000000000000000000000000000000000000000000000000000000000000000000000000000000000000000000000000000000000000000000000000000
00000000000000000000000000000000000000000000000000000000000000000000000000000000000000000000000000000000000000000000000000000000
00000000000000000000000000000000000000000000000000000000000000000000000000000000000000000000000000000000000000000000000000000000
00000000000000000000000000000000000000000000000000000000000000000000000000000000000000000000000000000000000000000000000000000000
00000000000000000000000000000000000000000000000000000000000000000000000000000000000000000000000000000000000000000000000000000000
00000000000000000000000000000000000000000000000000000000000000000000000000000000000000000000000000000000000000000000000000000000
00000000000000000000000000000000000000000000000000000000000000000000000000000000000000000000000000000000000000000000000000000000
00000000000000000000000000000000000000000000000000000000000000000000000000000000000000000000000000000000000000000000000000000000
00000000000000000000000000000000000000000000000000000000000000000000000000000000000000000000000000000000000000000000000000000000
00000000000000000000000000000000000000000000000000000000000000000000000000000000000000000000000000000000000000000000000000000000
00000000000000000000000000000000000000000000000000000000000000000000000000000000000000000000000000000000000000000000000000000000
00000000000000000000000000000000000000000000000000000000000000000000000000000000000000000000000000000000000000000000000000000000
00000000000000000000000000000000000000000000000000000000000000000000000000000000000000000000000000000000000000000000000000000000
00000000000000000000000000000000000000000000000000000000000000000000000000000000000000000000000000000000000000000000000000000000
00000000000000000000000000000000000000000000000000000000000000000000000000000000000000000000000000000000000000000000000000000000
00000000000000000000000000000000000000000000000000000000000000000000000000000000000000000000000000000000000000000000000000000000
00000000000000000000000000000000000000000000000000000000000000000000000000000000000000000000000000000000000000000000000000000000
00000000000000000000000000000000000000000000000000000000000000000000000000000000000000000000000000000000000000000000000000000000
00000000000000000000000000000000000000000000000000000000000000000000000000000000000000000000000000000000000000000000000000000000
00000000000000000000000000000000000000000000000000000000000000000000000000000000000000000000000000000000000000000000000000000000
00000000000000000000000000000000000000000000000000000000000000000000000000000000000000000000000000000000000000000000000000000000
00000000000000000000000000000000000000000000000000000000000000000000000000000000000000000000000000000000000000000000000000000000
00000000000000000000000000000000000000000000000000000000000000000000000000000000000000000000000000000000000000000000000000000000
00000000000000000000000000000000000000000000000000000000000000000000000000000000000000000000000000000000000000000000000000000000
00000000000000000000000000000000000000000000000000000000000000000000000000000000000000000000000000000000000000000000000000000000
00000000000000000000000000000000000000000000000000000000000000000000000000000000000000000000000000000000000000000000000000000000
00ff0000000000000000000000000000000000000000000000000000000000000000000000000000000000000000000000000000000000000000000000000000
00010001000100010001000100010001000100010001000100010001000100010001000100010001000100010001000100010001000100010001000100010001
00010001000100010001000100010001000100010001000100010001000100010001000100010001000100010001000100010001000100010001000100010001
00010001000100010001000100010001000100010001000100010001000100010001000100010001000100010001000100010001000100010001000100010001
00010001000100010001000100010001000100010001000100010001000100010001000100010001000100010001000100010001000100010001000100010001
00010001000100010001000100010001000100010001000100010001000100010001000100010001000100010001000100010001000100010001000100010001
00010001000100010001000100010001000100010001000100010001000100010001000100010001000100010001000100010001000100010001000100010001
00010001000100010001000100010001000100010001000100010001000100010001000100010001000100010001000100010001000100010001000100010001
00010001000100010001000100010001000100010001000100010001000100010001000100010001000100010001000100010001000100010001000100010001
00010001000100010001000100010001000100010001000100010001000100010001000100010001000100010001000100010001000100010001000100010001
00010001000100010001000100010001000100010001000100010001000100010001000100010001000100010001000100010001000100010001000100010001
00010001000100010001000100010001000100010001000100010001000100010001000100010001000100010001000100010001000100010001000100010001
00010001000100010001000100010001000100010001000100010001000100010001000100010001000100010001000100010001000100010001000100010001
00010001000100010001000100010001000100010001000100010001000100010001000100010001000100010001000100010001000100010001000100010001
00010001000100010001000100010001000100010001000100010001000100010001000100010001000100010001000100010001000100010001000100010001
00010001000100010001000100010001000100010001000100010001000100010001000100010001000100010001000100010001000100010001000100010001
00010001000100010001000100010001000100010001000100010001000100010001000100010001000100010001000100010001000100010001000100010001
00010001000100010001000100010001000100010001000100010001000100010001000100010001000100010001000100010001000100010001000100010001
00010001000100010001000100010001000100010001000100010001000100010001000100010001000100010001000100010001000100010001000100010001
00010001000100010001000100010001000100010001000100010001000100010001000100010001000100010001000100010001000100010001000100010001
00010001000100010001000100010001000100010001000100010001000100010001000100010001000100010001000100010001000100010001000100010001
00010001000100010001000100010001000100010001000100010001000100010001000100010001000100010001000100010001000100010001000100010001
00010001000100010001000100010001000100010001000100010001000100010001000100010001000100010001000100010001000100010001000100010001
00010001000100010001000100010001000100010001000100010001000100010001000100010001000100010001000100010001000100010001000100010001
00010001000100010001000100010001000100010001000100010001000100010001000100010001000100010001000100010001000100010001000100010001
00010001000100010001000100010001000100010001000100010001000100010001000100010001000100010001000100010001000100010001000100010001
00010001000100010001000100010001000100010001000100010001000100010001000100010001000100010001000100010001000100010001000100010001
00010001000100010001000100010001000100010001000100010001000100010001000100010001000100010001000100010001000100010001000100010001
00010001000100010001000100010001000100010001000100010001000100010001000100010001000100010001000100010001000100010001000100010001
00010001000100010001000100010001000100010001000100010001000100010001000100010001000100010001000100010001000100010001000100010001
00010001000100010001000100010001000100010001000100010001000100010001000100010001000100010001000100010001000100010001000100010001
00010001000100010001000100010001000100010001000100010001000100010001000100010001000100010001000100010001000100010001000100010001
00010001000100010001000100010001000100010001000100010001000100010001000100010001000100010001000100010001000100010001000100010001
01ff01ff01ff01ff01ff01ff01ff01ff01ff01ff01ff01ff01ff01ff01ff01ff01ff01ff01ff01ff01ff01ff01ff01ff01ff01ff01ff01ff01ff01ff01ff01ff
01ff01ff01ff01ff01ff01ff01ff01ff01ff01ff01ff01ff01ff01ff01ff01ff01ff01ff01ff01ff01ff01ff01ff01ff01ff01ff01ff01ff01ff01ff01ff01ff
01ff01ff01ff01ff01ff01ff01ff01ff01ff01ff01ff01ff01ff01ff01ff01ff01ff01ff01ff01ff01ff01ff01ff01ff01ff01ff01ff01ff01ff01ff01ff01ff
01ff01ff01ff01ff01ff01ff01ff01ff01ff01ff01ff01ff01ff01ff01ff01ff01ff01ff01ff01ff01ff01ff01ff01ff01ff01ff01ff01ff01ff01ff01ff01ff
01ff01ff01ff01ff01ff01ff01ff01ff01ff01ff01ff01ff01ff01ff01ff01ff01ff01ff01ff01ff01ff01ff01ff01ff01ff01ff01ff01ff01ff01ff01ff01ff
01ff01ff01ff01ff01ff01ff01ff01ff01ff01ff01ff01ff01ff01ff01ff01ff01ff01ff01ff01ff01ff01ff01ff01ff01ff01ff01ff01ff01ff01ff01ff01ff
01ff01ff01ff01ff01ff01ff01ff01ff01ff01ff01ff01ff01ff01ff01ff01ff01ff01ff01ff01ff01ff01ff01ff01ff01ff01ff01ff01ff01ff01ff01ff01ff
01ff01ff01ff01ff01ff01ff01ff01ff01ff01ff01ff01ff01ff01ff01ff01ff01ff01ff01ff01ff01ff01ff01ff01ff01ff01ff01ff01ff01ff01ff01ff01ff
01ff01ff01ff01ff01ff01ff01ff01ff01ff01ff01ff01ff01ff01ff01ff01ff01ff01ff01ff01ff01ff01ff01ff01ff01ff01ff01ff01ff01ff01ff01ff01ff
01ff01ff01ff01ff01ff01ff01ff01ff01ff01ff01ff01ff01ff01ff01ff01ff01ff01ff01ff01ff01ff01ff01ff01ff01ff01ff01ff01ff01ff01ff01ff01ff
01ff01ff01ff01ff01ff01ff01ff01ff01ff01ff01ff01ff01ff01ff01ff01ff01ff01ff01ff01ff01ff01ff01ff01ff01ff01ff01ff01ff01ff01ff01ff01ff
01ff01ff01ff01ff01ff01ff01ff01ff01ff01ff01ff01ff01ff01ff01ff01ff01ff01ff01ff01ff01ff01ff01ff01ff01ff01ff01ff01ff01ff01ff01ff01ff
01ff01ff01ff01ff01ff01ff01ff01ff01ff01ff01ff01ff01ff01ff01ff01ff01ff01ff01ff01ff01ff01ff01ff01ff01ff01ff01ff01ff01ff01ff01ff01ff
01ff01ff01ff01ff01ff01ff01ff01ff01ff01ff01ff01ff01ff01ff01ff01ff01ff01ff01ff01ff01ff01ff01ff01ff01ff01ff01ff01ff01ff01ff01ff01ff
01ff01ff01ff01ff01ff01ff01ff01ff01ff01ff01ff01ff01ff01ff01ff01ff01ff01ff01ff01ff01ff01ff01ff01ff01ff01ff01ff01ff01ff01ff01ff01ff
01ff01ff01ff01ff01ff01ff01ff01ff01ff01ff01ff01ff01ff01ff01ff01ff01ff01ff01ff01ff01ff01ff01ff01ff01ff01ff01ff01ff01ff01ff01ff01ff
01ff01ff01ff01ff01ff01ff01ff01ff01ff01ff01ff01ff01ff01ff01ff01ff01ff01ff01ff01ff01ff01ff01ff01ff01ff01ff01ff01ff01ff01ff01ff01ff
01ff01ff01ff01ff01ff01ff01ff01ff01ff01ff01ff01ff01ff01ff01ff01ff01ff01ff01ff01ff01ff01ff01ff01ff01ff01ff01ff01ff01ff01ff01ff01ff
01ff01ff01ff01ff01ff01ff01ff01ff01ff01ff01ff01ff01ff01ff01ff01ff01ff01ff01ff01ff01ff01ff01ff01ff01ff01ff01ff01ff01ff01ff01ff01ff
01ff01ff01ff01ff01ff01ff01ff01ff01ff01ff01ff01ff01ff01ff01ff01ff01ff01ff01ff01ff01ff01ff01ff01ff01ff01ff01ff01ff01ff01ff01ff01ff
01ff01ff01ff01ff01ff01ff01ff01ff01ff01ff01ff01ff01ff01ff01ff01ff01ff01ff01ff01ff01ff01ff01ff01ff01ff01ff01ff01ff01ff01ff01ff01ff
01ff01ff01ff01ff01ff01ff01ff01ff01ff01ff01ff01ff01ff01ff01ff01ff01ff01ff01ff01ff01ff01ff01ff01ff01ff01ff01ff01ff01ff01ff01ff01ff
01ff01ff01ff01ff01ff01ff01ff01ff01ff01ff01ff01ff01ff01ff01ff01ff01ff01ff01ff01ff01ff01ff01ff01ff01ff01ff01ff01ff01ff01ff01ff01ff
01ff01ff01ff01ff01ff01ff01ff01ff01ff01ff01ff01ff01ff01ff01ff01ff01ff01ff01ff01ff01ff01ff01ff01ff01ff01ff01ff01ff01ff01ff01ff01ff
01ff01ff01ff01ff01ff01ff01ff01ff01ff01ff01ff01ff01ff01ff01ff01ff01ff01ff01ff01ff01ff01ff01ff01ff01ff01ff01ff01ff01ff01ff01ff01ff
01ff01ff01ff01ff01ff01ff01ff01ff01ff01ff01ff01ff01ff01ff01ff01ff01ff01ff01ff01ff01ff01ff01ff01ff01ff01ff01ff01ff01ff01ff01ff01ff
01ff01ff01ff01ff01ff01ff01ff01ff01ff01ff01ff01ff01ff01ff01ff01ff01ff01ff01ff01ff01ff01ff01ff01ff01ff01ff01ff01ff01ff01ff01ff01ff
01ff01ff01ff01ff01ff01ff01ff01ff01ff01ff01ff01ff01ff01ff01ff01ff01ff01ff01ff01ff01ff01ff01ff01ff01ff01ff01ff01ff01ff01ff01ff01ff
01ff01ff01ff01ff01ff01ff01ff01ff01ff01ff01ff01ff01ff01ff01ff01ff01ff01ff01ff01ff01ff01ff01ff01ff01ff01ff01ff01ff01ff01ff01ff01ff
01ff01ff01ff01ff01ff01ff01ff01ff01ff01ff01ff01ff01ff01ff01ff01ff01ff01ff01ff01ff01ff01ff01ff01ff01ff01ff01ff01ff01ff01ff01ff01ff
01ff01ff01ff01ff01ff01ff01ff01ff01ff01ff01ff01ff01ff01ff01ff01ff01ff01ff01ff01ff01ff01ff01ff01ff01ff01ff01ff01ff01ff01ff01ff01ff
01ff01ff01ff01ff01ff01ff01ff01ff01ff01ff01ff01ff01ff01ff01ff01ff01ff01ff01ff01ff01ff01ff01ff01ff01ff01ff01ff01ff01ff01ff01ff01ff
01010101010101010101010101010101010101010101010101010101010101010101010101010101010101010101010101010101010101010101010101010101
01010101010101010101010101010101010101010101010101010101010101010101010101010101010101010101010101010101010101010101010101010101
01010101010101010101010101010101010101010101010101010101010101010101010101010101010101010101010101010101010101010101010101010101
01010101010101010101010101010101010101010101010101010101010101010101010101010101010101010101010101010101010101010101010101010101
01010101010101010101010101010101010101010101010101010101010101010101010101010101010101010101010101010101010101010101010101010101
01010101010101010101010101010101010101010101010101010101010101010101010101010101010101010101010101010101010101010101010101010101
01010101010101010101010101010101010101010101010101010101010101010101010101010101010101010101010101010101010101010101010101010101
01010101010101010101010101010101010101010101010101010101010101010101010101010101010101010101010101010101010101010101010101010101
01010101010101010101010101010101010101010101010101010101010101010101010101010101010101010101010101010101010101010101010101010101
01010101010101010101010101010101010101010101010101010101010101010101010101010101010101010101010101010101010101010101010101010101
01010101010101010101010101010101010101010101010101010101010101010101010101010101010101010101010101010101010101010101010101010101
01010101010101010101010101010101010101010101010101010101010101010101010101010101010101010101010101010101010101010101010101010101
01010101010101010101010101010101010101010101010101010101010101010101010101010101010101010101010101010101010101010101010101010101
01010101010101010101010101010101010101010101010101010101010101010101010101010101010101010101010101010101010101010101010101010101
01010101010101010101010101010101010101010101010101010101010101010101010101010101010101010101010101010101010101010101010101010101
01010101010101010101010101010101010101010101010101010101010101010101010101010101010101010101010101010101010101010101010101010101
01010101010101010101010101010101010101010101010101010101010101010101010101010101010101010101010101010101010101010101010101010101
01010101010101010101010101010101010101010101010101010101010101010101010101010101010101010101010101010101010101010101010101010101
01010101010101010101010101010101010101010101010101010101010101010101010101010101010101010101010101010101010101010101010101010101
01010101010101010101010101010101010101010101010101010101010101010101010101010101010101010101010101010101010101010101010101010101
01010101010101010101010101010101010101010101010101010101010101010101010101010101010101010101010101010101010101010101010101010101
01010101010101010101010101010101010101010101010101010101010101010101010101010101010101010101010101010101010101010101010101010101
01010101010101010101010101010101010101010101010101010101010101010101010101010101010101010101010101010101010101010101010101010101
01010101010101010101010101010101010101010101010101010101010101010101010101010101010101010101010101010101010101010101010101010101
01010101010101010101010101010101010101010101010101010101010101010101010101010101010101010101010101010101010101010101010101010101
01010101010101010101010101010101010101010101010101010101010101010101010101010101010101010101010101010101010101010101010101010101
01010101010101010101010101010101010101010101010101010101010101010101010101010101010101010101010101010101010101010101010101010101
01010101010101010101010101010101010101010101010101010101010101010101010101010101010101010101010101010101010101010101010101010101
01010101010101010101010101010101010101010101010101010101010101010101010101010101010101010101010101010101010101010101010101010101
01010101010101010101010101010101010101010101010101010101010101010101010101010101010101010101010101010101010101010101010101010101
01010101010101010101010101010101010101010101010101010101010101010101010101010101010101010101010101010101010101010101010101010101
01010101010101010101010101010101010101010101010101010101010101010101010101010101010101010101010101010101010101010101010101010101
01020102010201020102010201020102010201020102010201020102010201020102010201020102010201020102010201020102010201020102010201020102
01020102010201020102010201020102010201020102010201020102010201020102010201020102010201020102010201020102010201020102010201020102
01020102010201020102010201020102010201020102010201020102010201020102010201020102010201020102010201020102010201020102010201020102
01020102010201020102010201020102010201020102010201020102010201020102010201020102010201020102010201020102010201020102010201020102
01020102010201020102010201020102010201020102010201020102010201020102010201020102010201020102010201020102010201020102010201020102
01020102010201020102010201020102010201020102010201020102010201020102010201020102010201020102010201020102010201020102010201020102
01020102010201020102010201020102010201020102010201020102010201020102010201020102010201020102010201020102010201020102010201020102
01020102010201020102010201020102010201020102010201020102010201020102010201020102010201020102010201020102010201020102010201020102
01020102010201020102010201020102010201020102010201020102010201020102010201020102010201020102010201020102010201020102010201020102
01020102010201020102010201020102010201020102010201020102010201020102010201020102010201020102010201020102010201020102010201020102
01020102010201020102010201020102010201020102010201020102010201020102010201020102010201020102010201020102010201020102010201020102
01020102010201020102010201020102010201020102010201020102010201020102010201020102010201020102010201020102010201020102010201020102
01020102010201020102010201020102010201020102010201020102010201020102010201020102010201020102010201020102010201020102010201020102
01020102010201020102010201020102010201020102010201020102010201020102010201020102010201020102010201020102010201020102010201020102
01020102010201020102010201020102010201020102010201020102010201020102010201020102010201020102010201020102010201020102010201020102
01020102010201020102010201020102010201020102010201020102010201020102010201020102010201020102010201020102010201020102010201020102
01020102010201020102010201020102010201020102010201020102010201020102010201020102010201020102010201020102010201020102010201020102
01020102010201020102010201020102010201020102010201020102010201020102010201020102010201020102010201020102010201020102010201020102
01020102010201020102010201020102010201020102010201020102010201020102010201020102010201020102010201020102010201020102010201020102
01020102010201020102010201020102010201020102010201020102010201020102010201020102010201020102010201020102010201020102010201020102
01020102010201020102010201020102010201020102010201020102010201020102010201020102010201020102010201020102010201020102010201020102
01020102010201020102010201020102010201020102010201020102010201020102010201020102010201020102010201020102010201020102010201020102
01020102010201020102010201020102010201020102010201020102010201020102010201020102010201020102010201020102010201020102010201020102
01020102010201020102010201020102010201020102010201020102010201020102010201020102010201020102010201020102010201020102010201020102
01020102010201020102010201020102010201020102010201020102010201020102010201020102010201020102010201020102010201020102010201020102
01020102010201020102010201020102010201020102010201020102010201020102010201020102010201020102010201020102010201020102010201020102
01020102010201020102010201020102010201020102010201020102010201020102010201020102010201020102010201020102010201020102010201020102
01020102010201020102010201020102010201020102010201020102010201020102010201020102010201020102010201020102010201020102010201020102
01020102010201020102010201020102010201020102010201020102010201020102010201020102010201020102010201020102010201020102010201020102
01020102010201020102010201020102010201020102010201020102010201020102010201020102010201020102010201020102010201020102010201020102
01020102010201020102010201020102010201020102010201020102010201020102010201020102010201020102010201020102010201020102010201020102
01020102010201020102010201020102010201020102010201020102010201020102010201020102010201020102010201020102010201020102010201020102
017f017f017f017f017f017f017f017f017f017f017f017f017f017f017f017f017f017f017f017f017f017f017f017f017f017f017f017f017f017f017f017f
017f017f017f017f017f017f017f017f017f017f017f017f017f017f017f017f017f017f017f017f017f017f017f017f017f017f017f017f017f017f017f017f
017f017f017f017f017f017f017f017f017f017f017f017f017f017f017f017f017f017f017f017f017f017f017f017f017f017f017f017f017f017f017f017f
017f017f017f017f017f017f017f017f017f017f017f017f017f017f017f017f017f017f017f017f017f017f017f017f017f017f017f017f017f017f017f017f
017f017f017f017f017f017f017f017f017f017f017f017f017f017f017f017f017f017f017f017f017f017f017f017f017f017f017f017f017f017f017f017f
017f017f017f017f017f017f017f017f017f017f017f017f017f017f017f017f017f017f017f017f017f017f017f017f017f017f017f017f017f017f017f017f
017f017f017f017f017f017f017f017f017f017f017f017f017f017f017f017f017f017f017f017f017f017f017f017f017f017f017f017f017f017f017f017f
017f017f017f017f017f017f017f017f017f017f017f017f017f017f017f017f017f017f017f017f017f017f017f017f017f017f017f017f017f017f017f017f
017f017f017f017f017f017f017f017f017f017f017f017f017f017f017f017f017f017f017f017f017f017f017f017f017f017f017f017f017f017f017f017f
017f017f017f017f017f017f017f017f017f017f017f017f017f017f017f017f017f017f017f017f017f017f017f017f017f017f017f017f017f017f017f017f
017f017f017f017f017f017f017f017f017f017f017f017f017f017f017f017f017f017f017f017f017f017f017f017f017f017f017f017f017f017f017f017f
017f017f017f017f017f017f017f017f017f017f017f017f017f017f017f017f017f017f017f017f017f017f017f017f017f017f017f017f017f017f017f017f
017f017f017f017f017f017f017f017f017f017f017f017f017f017f017f017f017f017f017f017f017f017f017f017f017f017f017f017f017f017f017f017f
017f017f017f017f017f017f017f017f017f017f017f017f017f017f017f017f017f017f017f017f017f017f017f017f017f017f017f017f017f017f017f017f
017f017f017f017f017f017f017f017f017f017f017f017f017f017f017f017f017f017f017f017f017f017f017f017f017f017f017f017f017f017f017f017f
017f017f017f017f017f017f017f017f017f017f017f017f017f017f017f017f017f017f017f017f017f017f017f017f017f017f017f017f017f017f017f017f
017f017f017f017f017f017f017f017f017f017f017f017f017f017f017f017f017f017f017f017f017f017f017f017f017f017f017f017f017f017f017f017f
017f017f017f017f017f017f017f017f017f017f017f017f017f017f017f017f017f017f017f017f017f017f017f017f017f017f017f017f017f017f017f017f
017f017f017f017f017f017f017f017f017f017f017f017f017f017f017f017f017f017f017f017f017f017f017f017f017f017f017f017f017f017f017f017f
017f017f017f017f017f017f017f017f017f017f017f017f017f017f017f017f017f017f017f017f017f017f017f017f017f017f017f017f017f017f017f017f
017f017f017f017f017f017f017f017f017f017f017f017f017f017f017f017f017f017f017f017f017f017f017f017f017f017f017f017f017f017f017f017f
017f017f017f017f017f017f017f017f017f017f017f017f017f017f017f017f017f017f017f017f017f017f017f017f017f017f017f017f017f017f017f017f
017f017f017f017f017f017f017f017f017f017f017f017f017f017f017f017f017f017f017f017f017f017f017f017f017f017f017f017f017f017f017f017f
017f017f017f017f017f017f017f017f017f017f017f017f017f017f017f017f017f017f017f017f017f017f017f017f017f017f017f017f017f017f017f017f
017f017f017f017f017f017f017f017f017f017f017f017f017f017f017f017f017f017f017f017f017f017f017f017f017f017f017f017f017f017f017f017f
017f017f017f017f017f017f017f017f017f017f017f017f017f017f017f017f017f017f017f017f017f017f017f017f017f017f017f017f017f017f017f017f
017f017f017f017f017f017f017f017f017f017f017f017f017f017f017f017f017f017f017f017f017f017f017f017f017f017f017f017f017f017f017f017f
017f017f017f017f017f017f017f017f017f017f017f017f017f017f017f017f017f017f017f017f017f017f017f017f017f017f017f017f017f017f017f017f
017f017f017f017f017f017f017f017f017f017f017f017f017f017f017f017f017f017f017f017f017f017f017f017f017f017f017f017f017f017f017f017f
017f017f017f017f017f017f017f017f017f017f017f017f017f017f017f017f017f017f017f017f017f017f017f017f017f017f017f017f017f017f017f017f
017f017f017f017f017f017f017f017f017f017f017f017f017f017f017f017f017f017f017f017f017f017f017f017f017f017f017f017f017f017f017f017f
017f017f017f017f017f017f017f017f017f017f017f017f017f017f017f017f017f017f017f017f017f017f017f017f017f017f017f017f017f017f017f017f
01800180018001800180018001800180018001800180018001800180018001800180018001800180018001800180018001800180018001800180018001800180
01800180018001800180018001800180018001800180018001800180018001800180018001800180018001800180018001800180018001800180018001800180
01800180018001800180018001800180018001800180018001800180018001800180018001800180018001800180018001800180018001800180018001800180
01800180018001800180018001800180018001800180018001800180018001800180018001800180018001800180018001800180018001800180018001800180
01800180018001800180018001800180018001800180018001800180018001800180018001800180018001800180018001800180018001800180018001800180
01800180018001800180018001800180018001800180018001800180018001800180018001800180018001800180018001800180018001800180018001800180
01800180018001800180018001800180018001800180018001800180018001800180018001800180018001800180018001800180018001800180018001800180
01800180018001800180018001800180018001800180018001800180018001800180018001800180018001800180018001800180018001800180018001800180
01800180018001800180018001800180018001800180018001800180018001800180018001800180018001800180018001800180018001800180018001800180
01800180018001800180018001800180018001800180018001800180018001800180018001800180018001800180018001800180018001800180018001800180
01800180018001800180018001800180018001800180018001800180018001800180018001800180018001800180018001800180018001800180018001800180
01800180018001800180018001800180018001800180018001800180018001800180018001800180018001800180018001800180018001800180018001800180
01800180018001800180018001800180018001800180018001800180018001800180018001800180018001800180018001800180018001800180018001800180
01800180018001800180018001800180018001800180018001800180018001800180018001800180018001800180018001800180018001800180018001800180
01800180018001800180018001800180018001800180018001800180018001800180018001800180018001800180018001800180018001800180018001800180
01800180018001800180018001800180018001800180018001800180018001800180018001800180018001800180018001800180018001800180018001800180
01800180018001800180018001800180018001800180018001800180018001800180018001800180018001800180018001800180018001800180018001800180
01800180018001800180018001800180018001800180018001800180018001800180018001800180018001800180018001800180018001800180018001800180
01800180018001800180018001800180018001800180018001800180018001800180018001800180018001800180018001800180018001800180018001800180
01800180018001800180018001800180018001800180018001800180018001800180018001800180018001800180018001800180018001800180018001800180
01800180018001800180018001800180018001800180018001800180018001800180018001800180018001800180018001800180018001800180018001800180
01800180018001800180018001800180018001800180018001800180018001800180018001800180018001800180018001800180018001800180018001800180
01800180018001800180018001800180018001800180018001800180018001800180018001800180018001800180018001800180018001800180018001800180
01800180018001800180018001800180018001800180018001800180018001800180018001800180018001800180018001800180018001800180018001800180
01800180018001800180018001800180018001800180018001800180018001800180018001800180018001800180018001800180018001800180018001800180
01800180018001800180018001800180018001800180018001800180018001800180018001800180018001800180018001800180018001800180018001800180
01800180018001800180018001800180018001800180018001800180018001800180018001800180018001800180018001800180018001800180018001800180
01800180018001800180018001800180018001800180018001800180018001800180018001800180018001800180018001800180018001800180018001800180
01800180018001800180018001800180018001800180018001800180018001800180018001800180018001800180018001800180018001800180018001800180
01800180018001800180018001800180018001800180018001800180018001800180018001800180018001800180018001800180018001800180018001800180
01800180018001800180018001800180018001800180018001800180018001800180018001800180018001800180018001800180018001800180018001800180
01800180018001800180018001800180018001800180018001800180018001800180018001800180018001800180018001800180018001800180018001800180
01810181018101810181018101810181018101810181018101810181018101810181018101810181018101810181018101810181018101810181018101810181
01810181018101810181018101810181018101810181018101810181018101810181018101810181018101810181018101810181018101810181018101810181
01810181018101810181018101810181018101810181018101810181018101810181018101810181018101810181018101810181018101810181018101810181
01810181018101810181018101810181018101810181018101810181018101810181018101810181018101810181018101810181018101810181018101810181
01810181018101810181018101810181018101810181018101810181018101810181018101810181018101810181018101810181018101810181018101810181
01810181018101810181018101810181018101810181018101810181018101810181018101810181018101810181018101810181018101810181018101810181
01810181018101810181018101810181018101810181018101810181018101810181018101810181018101810181018101810181018101810181018101810181
01810181018101810181018101810181018101810181018101810181018101810181018101810181018101810181018101810181018101810181018101810181
01810181018101810181018101810181018101810181018101810181018101810181018101810181018101810181018101810181018101810181018101810181
01810181018101810181018101810181018101810181018101810181018101810181018101810181018101810181018101810181018101810181018101810181
01810181018101810181018101810181018101810181018101810181018101810181018101810181018101810181018101810181018101810181018101810181
01810181018101810181018101810181018101810181018101810181018101810181018101810181018101810181018101810181018101810181018101810181
01810181018101810181018101810181018101810181018101810181018101810181018101810181018101810181018101810181018101810181018101810181
01810181018101810181018101810181018101810181018101810181018101810181018101810181018101810181018101810181018101810181018101810181
01810181018101810181018101810181018101810181018101810181018101810181018101810181018101810181018101810181018101810181018101810181
01810181018101810181018101810181018101810181018101810181018101810181018101810181018101810181018101810181018101810181018101810181
01810181018101810181018101810181018101810181018101810181018101810181018101810181018101810181018101810181018101810181018101810181
01810181018101810181018101810181018101810181018101810181018101810181018101810181018101810181018101810181018101810181018101810181
01810181018101810181018101810181018101810181018101810181018101810181018101810181018101810181018101810181018101810181018101810181
01810181018101810181018101810181018101810181018101810181018101810181018101810181018101810181018101810181018101810181018101810181
01810181018101810181018101810181018101810181018101810181018101810181018101810181018101810181018101810181018101810181018101810181
01810181018101810181018101810181018101810181018101810181018101810181018101810181018101810181018101810181018101810181018101810181
01810181018101810181018101810181018101810181018101810181018101810181018101810181018101810181018101810181018101810181018101810181
01810181018101810181018101810181018101810181018101810181018101810181018101810181018101810181018101810181018101810181018101810181
01810181018101810181018101810181018101810181018101810181018101810181018101810181018101810181018101810181018101810181018101810181
01810181018101810181018101810181018101810181018101810181018101810181018101810181018101810181018101810181018101810181018101810181
01810181018101810181018101810181018101810181018101810181018101810181018101810181018101810181018101810181018101810181018101810181
01810181018101810181018101810181018101810181018101810181018101810181018101810181018101810181018101810181018101810181018101810181
01810181018101810181018101810181018101810181018101810181018101810181018101810181018101810181018101810181018101810181018101810181
01810181018101810181018101810181018101810181018101810181018101810181018101810181018101810181018101810181018101810181018101810181
01810181018101810181018101810181018101810181018101810181018101810181018101810181018101810181018101810181018101810181018101810181
01810181018101810181018101810181018101810181018101810181018101810181018101810181018101810181018101810181018101810181018101810181
01f701f701f701f701f701f701f701f701f701f701f701f701f701f701f701f701f701f701f701f701f701f701f701f701f701f701f701f701f701f701f701f7
01f701f701f701f701f701f701f701f701f701f701f701f701f701f701f701f701f701f701f701f701f701f701f701f701f701f701f701f701f701f701f701f7
01f701f701f701f701f701f701f701f701f701f701f701f701f701f701f701f701f701f701f701f701f701f701f701f701f701f701f701f701f701f701f701f7
01f701f701f701f701f701f701f701f701f701f701f701f701f701f701f701f701f701f701f701f701f701f701f701f701f701f701f701f701f701f701f701f7
01f701f701f701f701f701f701f701f701f701f701f701f701f701f701f701f701f701f701f701f701f701f701f701f701f701f701f701f701f701f701f701f7
01f701f701f701f701f701f701f701f701f701f701f701f701f701f701f701f701f701f701f701f701f701f701f701f701f701f701f701f701f701f701f701f7
01f701f701f701f701f701f701f701f701f701f701f701f701f701f701f701f701f701f701f701f701f701f701f701f701f701f701f701f701f701f701f701f7
01f701f701f701f701f701f701f701f701f701f701f701f701f701f701f701f701f701f701f701f701f701f701f701f701f701f701f701f701f701f701f701f7
01f701f701f701f701f701f701f701f701f701f701f701f701f701f701f701f701f701f701f701f701f701f701f701f701f701f701f701f701f701f701f701f7
01f701f701f701f701f701f701f701f701f701f701f701f701f701f701f701f701f701f701f701f701f701f701f701f701f701f701f701f701f701f701f701f7
01f701f701f701f701f701f701f701f701f701f701f701f701f701f701f701f701f701f701f701f701f701f701f701f701f701f701f701f701f701f701f701f7
01f701f701f701f701f701f701f701f701f701f701f701f701f701f701f701f701f701f701f701f701f701f701f701f701f701f701f701f701f701f701f701f7
01f701f701f701f701f701f701f701f701f701f701f701f701f701f701f701f701f701f701f701f701f701f701f701f701f701f701f701f701f701f701f701f7
01f701f701f701f701f701f701f701f701f701f701f701f701f701f701f701f701f701f701f701f701f701f701f701f701f701f701f701f701f701f701f701f7
01f701f701f701f701f701f701f701f701f701f701f701f701f701f701f701f701f701f701f701f701f701f701f701f701f701f701f701f701f701f701f701f7
01f701f701f701f701f701f701f701f701f701f701f701f701f701f701f701f701f701f701f701f701f701f701f701f701f701f701f701f701f701f701f701f7
01f701f701f701f701f701f701f701f701f701f701f701f701f701f701f701f701f701f701f701f701f701f701f701f701f701f701f701f701f701f701f701f7
01f701f701f701f701f701f701f701f701f701f701f701f701f701f701f701f701f701f701f701f701f701f701f701f701f701f701f701f701f701f701f701f7
01f701f701f701f701f701f701f701f701f701f701f701f701f701f701f701f701f701f701f701f701f701f701f701f701f701f701f701f701f701f701f701f7
01f701f701f701f701f701f701f701f701f701f701f701f701f701f701f701f701f701f701f701f701f701f701f701f701f701f701f701f701f701f701f701f7
01f701f701f701f701f701f701f701f701f701f701f701f701f701f701f701f701f701f701f701f701f701f701f701f701f701f701f701f701f701f701f701f7
01f701f701f701f701f701f701f701f701f701f701f701f701f701f701f701f701f701f701f701f701f701f701f701f701f701f701f701f701f701f701f701f7
01f701f701f701f701f701f701f701f701f701f701f701f701f701f701f701f701f701f701f701f701f701f701f701f701f701f701f701f701f701f701f701f7
01f701f701f701f701f701f701f701f701f701f701f701f701f701f701f701f701f701f701f701f701f701f701f701f701f701f701f701f701f701f701f701f7
01f701f701f701f701f701f701f701f701f701f701f701f701f701f701f701f701f701f701f701f701f701f701f701f701f701f701f701f701f701f701f701f7
01f701f701f701f701f701f701f701f701f701f701f701f701f701f701f701f701f701f701f701f701f701f701f701f701f701f701f701f701f701f701f701f7
01f701f701f701f701f701f701f701f701f701f701f701f701f701f701f701f701f701f701f701f701f701f701f701f701f701f701f701f701f701f701f701f7
01f701f701f701f701f701f701f701f701f701f701f701f701f701f701f701f701f701f701f701f701f701f701f701f701f701f701f701f701f701f701f701f7
01f701f701f701f701f701f701f701f701f701f701f701f701f701f701f701f701f701f701f701f701f701f701f701f701f701f701f701f701f701f701f701f7
01f701f701f701f701f701f701f701f701f701f701f701f701f701f701f701f701f701f701f701f701f701f701f701f701f701f701f701f701f701f701f701f7
01f701f701f701f701f701f701f701f701f701f701f701f701f701f701f701f701f701f701f701f701f701f701f701f701f701f701f701f701f701f701f701f7
01f701f701f701f701f701f701f701f701f701f701f701f701f701f701f701f701f701f701f701f701f701f701f701f701f701f701f701f701f701f701f701f7
01f801f801f801f801f801f801f801f801f801f801f801f801f801f801f801f801f801f801f801f801f801f801f801f801f801f801f801f801f801f801f801f8
01f801f801f801f801f801f801f801f801f801f801f801f801f801f801f801f801f801f801f801f801f801f801f801f801f801f801f801f801f801f801f801f8
01f801f801f801f801f801f801f801f801f801f801f801f801f801f801f801f801f801f801f801f801f801f801f801f801f801f801f801f801f801f801f801f8
01f801f801f801f801f801f801f801f801f801f801f801f801f801f801f801f801f801f801f801f801f801f801f801f801f801f801f801f801f801f801f801f8
01f801f801f801f801f801f801f801f801f801f801f801f801f801f801f801f801f801f801f801f801f801f801f801f801f801f801f801f801f801f801f801f8
01f801f801f801f801f801f801f801f801f801f801f801f801f801f801f801f801f801f801f801f801f801f801f801f801f801f801f801f801f801f801f801f8
01f801f801f801f801f801f801f801f801f801f801f801f801f801f801f801f801f801f801f801f801f801f801f801f801f801f801f801f801f801f801f801f8
01f801f801f801f801f801f801f801f801f801f801f801f801f801f801f801f801f801f801f801f801f801f801f801f801f801f801f801f801f801f801f801f8
01f801f801f801f801f801f801f801f801f801f801f801f801f801f801f801f801f801f801f801f801f801f801f801f801f801f801f801f801f801f801f801f8
01f801f801f801f801f801f801f801f801f801f801f801f801f801f801f801f801f801f801f801f801f801f801f801f801f801f801f801f801f801f801f801f8
01f801f801f801f801f801f801f801f801f801f801f801f801f801f801f801f801f801f801f801f801f801f801f801f801f801f801f801f801f801f801f801f8
01f801f801f801f801f801f801f801f801f801f801f801f801f801f801f801f801f801f801f801f801f801f801f801f801f801f801f801f801f801f801f801f8
01f801f801f801f801f801f801f801f801f801f801f801f801f801f801f801f801f801f801f801f801f801f801f801f801f801f801f801f801f801f801f801f8
01f801f801f801f801f801f801f801f801f801f801f801f801f801f801f801f801f801f801f801f801f801f801f801f801f801f801f801f801f801f801f801f8
01f801f801f801f801f801f801f801f801f801f801f801f801f801f801f801f801f801f801f801f801f801f801f801f801f801f801f801f801f801f801f801f8
01f801f801f801f801f801f801f801f801f801f801f801f801f801f801f801f801f801f801f801f801f801f801f801f801f801f801f801f801f801f801f801f8
01f801f801f801f801f801f801f801f801f801f801f801f801f801f801f801f801f801f801f801f801f801f801f801f801f801f801f801f801f801f801f801f8
01f801f801f801f801f801f801f801f801f801f801f801f801f801f801f801f801f801f801f801f801f801f801f801f801f801f801f801f801f801f801f801f8
01f801f801f801f801f801f801f801f801f801f801f801f801f801f801f801f801f801f801f801f801f801f801f801f801f801f801f801f801f801f801f801f8
01f801f801f801f801f801f801f801f801f801f801f801f801f801f801f801f801f801f801f801f801f801f801f801f801f801f801f801f801f801f801f801f8
01f801f801f801f801f801f801f801f801f801f801f801f801f801f801f801f801f801f801f801f801f801f801f801f801f801f801f801f801f801f801f801f8
01f801f801f801f801f801f801f801f801f801f801f801f801f801f801f801f801f801f801f801f801f801f801f801f801f801f801f801f801f801f801f801f8
01f801f801f801f801f801f801f801f801f801f801f801f801f801f801f801f801f801f801f801f801f801f801f801f801f801f801f801f801f801f801f801f8
01f801f801f801f801f801f801f801f801f801f801f801f801f801f801f801f801f801f801f801f801f801f801f801f801f801f801f801f801f801f801f801f8
01f801f801f801f801f801f801f801f801f801f801f801f801f801f801f801f801f801f801f801f801f801f801f801f801f801f801f801f801f801f801f801f8
01f801f801f801f801f801f801f801f801f801f801f801f801f801f801f801f801f801f801f801f801f801f801f801f801f801f801f801f801f801f801f801f8
01f801f801f801f801f801f801f801f801f801f801f801f801f801f801f801f801f801f801f801f801f801f801f801f801f801f801f801f801f801f801f801f8
01f801f801f801f801f801f801f801f801f801f801f801f801f801f801f801f801f801f801f801f801f801f801f801f801f801f801f801f801f801f801f801f8
01f801f801f801f801f801f801f801f801f801f801f801f801f801f801f801f801f801f801f801f801f801f801f801f801f801f801f801f801f801f801f801f8
01f801f801f801f801f801f801f801f801f801f801f801f801f801f801f801f801f801f801f801f801f801f801f801f801f801f801f801f801f801f801f801f8
01f801f801f801f801f801f801f801f801f801f801f801f801f801f801f801f801f801f801f801f801f801f801f801f801f801f801f801f801f801f801f801f8
01f801f801f801f801f801f801f801f801f801f801f801f801f801f801f801f801f801f801f801f801f801f801f801f801f801f801f801f801f801f801f801f8
01f901f901f901f901f901f901f901f901f901f901f901f901f901f901f901f901f901f901f901f901f901f901f901f901f901f901f901f901f901f901f901f9
01f901f901f901f901f901f901f901f901f901f901f901f901f901f901f901f901f901f901f901f901f901f901f901f901f901f901f901f901f901f901f901f9
01f901f901f901f901f901f901f901f901f901f901f901f901f901f901f901f901f901f901f901f901f901f901f901f901f901f901f901f901f901f901f901f9
01f901f901f901f901f901f901f901f901f901f901f901f901f901f901f901f901f901f901f901f901f901f901f901f901f901f901f901f901f901f901f901f9
01f901f901f901f901f901f901f901f901f901f901f901f901f901f901f901f901f901f901f901f901f901f901f901f901f901f901f901f901f901f901f901f9
01f901f901f901f901f901f901f901f901f901f901f901f901f901f901f901f901f901f901f901f901f901f901f901f901f901f901f901f901f901f901f901f9
01f901f901f901f901f901f901f901f901f901f901f901f901f901f901f901f901f901f901f901f901f901f901f901f901f901f901f901f901f901f901f901f9
01f901f901f901f901f901f901f901f901f901f901f901f901f901f901f901f901f901f901f901f901f901f901f901f901f901f901f901f901f901f901f901f9
01f901f901f901f901f901f901f901f901f901f901f901f901f901f901f901f901f901f901f901f901f901f901f901f901f901f901f901f901f901f901f901f9
01f901f901f901f901f901f901f901f901f901f901f901f901f901f901f901f901f901f901f901f901f901f901f901f901f901f901f901f901f901f901f901f9
01f901f901f901f901f901f901f901f901f901f901f901f901f901f901f901f901f901f901f901f901f901f901f901f901f901f901f901f901f901f901f901f9
01f901f901f901f901f901f901f901f901f901f901f901f901f901f901f901f901f901f901f901f901f901f901f901f901f901f901f901f901f901f901f901f9
01f901f901f901f901f901f901f901f901f901f901f901f901f901f901f901f901f901f901f901f901f901f901f901f901f901f901f901f901f901f901f901f9
01f901f901f901f901f901f901f901f901f901f901f901f901f901f901f901f901f901f901f901f901f901f901f901f901f901f901f901f901f901f901f901f9
01f901f901f901f901f901f901f901f901f901f901f901f901f901f901f901f901f901f901f901f901f901f901f901f901f901f901f901f901f901f901f901f9
01f901f901f901f901f901f901f901f901f901f901f901f901f901f901f901f901f901f901f901f901f901f901f901f901f901f901f901f901f901f901f901f9
01f901f901f901f901f901f901f901f901f901f901f901f901f901f901f901f901f901f901f901f901f901f901f901f901f901f901f901f901f901f901f901f9
01f901f901f901f901f901f901f901f901f901f901f901f901f901f901f901f901f901f901f901f901f901f901f901f901f901f901f901f901f901f901f901f9
01f901f901f901f901f901f901f901f901f901f901f901f901f901f901f901f901f901f901f901f901f901f901f901f901f901f901f901f901f901f901f901f9
01f901f901f901f901f901f901f901f901f901f901f901f901f901f901f901f901f901f901f901f901f901f901f901f901f901f901f901f901f901f901f901f9
01f901f901f901f901f901f901f901f901f901f901f901f901f901f901f901f901f901f901f901f901f901f901f901f901f901f901f901f901f901f901f901f9
01f901f901f901f901f901f901f901f901f901f901f901f901f901f901f901f901f901f901f901f901f901f901f901f901f901f901f901f901f901f901f901f9
01f901f901f901f901f901f901f901f901f901f901f901f901f901f901f901f901f901f901f901f901f901f901f901f901f901f901f901f901f901f901f901f9
01f901f901f901f901f901f901f901f901f901f901f901f901f901f901f901f901f901f901f901f901f901f901f901f901f901f901f901f901f901f901f901f9
01f901f901f901f901f901f901f901f901f901f901f901f901f901f901f901f901f901f901f901f901f901f901f901f901f901f901f901f901f901f901f901f9
01f901f901f901f901f901f901f901f901f901f901f901f901f901f901f901f901f901f901f901f901f901f901f901f901f901f901f901f901f901f901f901f9
01f901f901f901f901f901f901f901f901f901f901f901f901f901f901f901f901f901f901f901f901f901f901f901f901f901f901f901f901f901f901f901f9
01f901f901f901f901f901f901f901f901f901f901f901f901f901f901f901f901f901f901f901f901f901f901f901f901f901f901f901f901f901f901f901f9
01f901f901f901f901f901f901f901f901f901f901f901f901f901f901f901f901f901f901f901f901f901f901f901f901f901f901f901f901f901f901f901f9
01f901f901f901f901f901f901f901f901f901f901f901f901f901f901f901f901f901f901f901f901f901f901f901f901f901f901f901f901f901f901f901f9
01f901f901f901f901f901f901f901f901f901f901f901f901f901f901f901f901f901f901f901f901f901f901f901f901f901f901f901f901f901f901f901f9
01f901f901f901f901f901f901f901f901f901f901f901f901f901f901f901f901f901f901f901f901f901f901f901f901f901f901f901f901f901f901f901f9
01fe01fe01fe01fe01fe01fe01fe01fe01fe01fe01fe01fe01fe01fe01fe01fe01fe01fe01fe01fe01fe01fe01fe01fe01fe01fe01fe01fe01fe01fe01fe01fe
01fe01fe01fe01fe01fe01fe01fe01fe01fe01fe01fe01fe01fe01fe01fe01fe01fe01fe01fe01fe01fe01fe01fe01fe01fe01fe01fe01fe01fe01fe01fe01fe
01fe01fe01fe01fe01fe01fe01fe01fe01fe01fe01fe01fe01fe01fe01fe01fe01fe01fe01fe01fe01fe01fe01fe01fe01fe01fe01fe01fe01fe01fe01fe01fe
01fe01fe01fe01fe01fe01fe01fe01fe01fe01fe01fe01fe01fe01fe01fe01fe01fe01fe01fe01fe01fe01fe01fe01fe01fe01fe01fe01fe01fe01fe01fe01fe
01fe01fe01fe01fe01fe01fe01fe01fe01fe01fe01fe01fe01fe01fe01fe01fe01fe01fe01fe01fe01fe01fe01fe01fe01fe01fe01fe01fe01fe01fe01fe01fe
01fe01fe01fe01fe01fe01fe01fe01fe01fe01fe01fe01fe01fe01fe01fe01fe01fe01fe01fe01fe01fe01fe01fe01fe01fe01fe01fe01fe01fe01fe01fe01fe
01fe01fe01fe01fe01fe01fe01fe01fe01fe01fe01fe01fe01fe01fe01fe01fe01fe01fe01fe01fe01fe01fe01fe01fe01fe01fe01fe01fe01fe01fe01fe01fe
01fe01fe01fe01fe01fe01fe01fe01fe01fe01fe01fe01fe01fe01fe01fe01fe01fe01fe01fe01fe01fe01fe01fe01fe01fe01fe01fe01fe01fe01fe01fe01fe
01fe01fe01fe01fe01fe01fe01fe01fe01fe01fe01fe01fe01fe01fe01fe01fe01fe01fe01fe01fe01fe01fe01fe01fe01fe01fe01fe01fe01fe01fe01fe01fe
01fe01fe01fe01fe01fe01fe01fe01fe01fe01fe01fe01fe01fe01fe01fe01fe01fe01fe01fe01fe01fe01fe01fe01fe01fe01fe01fe01fe01fe01fe01fe01fe
01fe01fe01fe01fe01fe01fe01fe01fe01fe01fe01fe01fe01fe01fe01fe01fe01fe01fe01fe01fe01fe01fe01fe01fe01fe01fe01fe01fe01fe01fe01fe01fe
01fe01fe01fe01fe01fe01fe01fe01fe01fe01fe01fe01fe01fe01fe01fe01fe01fe01fe01fe01fe01fe01fe01fe01fe01fe01fe01fe01fe01fe01fe01fe01fe
01fe01fe01fe01fe01fe01fe01fe01fe01fe01fe01fe01fe01fe01fe01fe01fe01fe01fe01fe01fe01fe01fe01fe01fe01fe01fe01fe01fe01fe01fe01fe01fe
01fe01fe01fe01fe01fe01fe01fe01fe01fe01fe01fe01fe01fe01fe01fe01fe01fe01fe01fe01fe01fe01fe01fe01fe01fe01fe01fe01fe01fe01fe01fe01fe
01fe01fe01fe01fe01fe01fe01fe01fe01fe01fe01fe01fe01fe01fe01fe01fe01fe01fe01fe01fe01fe01fe01fe01fe01fe01fe01fe01fe01fe01fe01fe01fe
01fe01fe01fe01fe01fe01fe01fe01fe01fe01fe01fe01fe01fe01fe01fe01fe01fe01fe01fe01fe01fe01fe01fe01fe01fe01fe01fe01fe01fe01fe01fe01fe
01fe01fe01fe01fe01fe01fe01fe01fe01fe01fe01fe01fe01fe01fe01fe01fe01fe01fe01fe01fe01fe01fe01fe01fe01fe01fe01fe01fe01fe01fe01fe01fe
01fe01fe01fe01fe01fe01fe01fe01fe01fe01fe01fe01fe01fe01fe01fe01fe01fe01fe01fe01fe01fe01fe01fe01fe01fe01fe01fe01fe01fe01fe01fe01fe
01fe01fe01fe01fe01fe01fe01fe01fe01fe01fe01fe01fe01fe01fe01fe01fe01fe01fe01fe01fe01fe01fe01fe01fe01fe01fe01fe01fe01fe01fe01fe01fe
01fe01fe01fe01fe01fe01fe01fe01fe01fe01fe01fe01fe01fe01fe01fe01fe01fe01fe01fe01fe01fe01fe01fe01fe01fe01fe01fe01fe01fe01fe01fe01fe
01fe01fe01fe01fe01fe01fe01fe01fe01fe01fe01fe01fe01fe01fe01fe01fe01fe01fe01fe01fe01fe01fe01fe01fe01fe01fe01fe01fe01fe01fe01fe01fe
01fe01fe01fe01fe01fe01fe01fe01fe01fe01fe01fe01fe01fe01fe01fe01fe01fe01fe01fe01fe01fe01fe01fe01fe01fe01fe01fe01fe01fe01fe01fe01fe
01fe01fe01fe01fe01fe01fe01fe01fe01fe01fe01fe01fe01fe01fe01fe01fe01fe01fe01fe01fe01fe01fe01fe01fe01fe01fe01fe01fe01fe01fe01fe01fe
01fe01fe01fe01fe01fe01fe01fe01fe01fe01fe01fe01fe01fe01fe01fe01fe01fe01fe01fe01fe01fe01fe01fe01fe01fe01fe01fe01fe01fe01fe01fe01fe
01fe01fe01fe01fe01fe01fe01fe01fe01fe01fe01fe01fe01fe01fe01fe01fe01fe01fe01fe01fe01fe01fe01fe01fe01fe01fe01fe01fe01fe01fe01fe01fe
01fe01fe01fe01fe01fe01fe01fe01fe01fe01fe01fe01fe01fe01fe01fe01fe01fe01fe01fe01fe01fe01fe01fe01fe01fe01fe01fe01fe01fe01fe01fe01fe
01fe01fe01fe01fe01fe01fe01fe01fe01fe01fe01fe01fe01fe01fe01fe01fe01fe01fe01fe01fe01fe01fe01fe01fe01fe01fe01fe01fe01fe01fe01fe01fe
01fe01fe01fe01fe01fe01fe01fe01fe01fe01fe01fe01fe01fe01fe01fe01fe01fe01fe01fe01fe01fe01fe01fe01fe01fe01fe01fe01fe01fe01fe01fe01fe
01fe01fe01fe01fe01fe01fe01fe01fe01fe01fe01fe01fe01fe01fe01fe01fe01fe01fe01fe01fe01fe01fe01fe01fe01fe01fe01fe01fe01fe01fe01fe01fe
01fe01fe01fe01fe01fe01fe01fe01fe01fe01fe01fe01fe01fe01fe01fe01fe01fe01fe01fe01fe01fe01fe01fe01fe01fe01fe01fe01fe01fe01fe01fe01fe
01fe01fe01fe01fe01fe01fe01fe01fe01fe01fe01fe01fe01fe01fe01fe01fe01fe01fe01fe01fe01fe01fe01fe01fe01fe01fe01fe01fe01fe01fe01fe01fe
01fe01fe01fe01fe01fe01fe01fe01fe01fe01fe01fe01fe01fe01fe01fe01fe01fe01fe01fe01fe01fe01fe01fe01fe01fe01fe01fe01fe01fe01fe01fe01fe
01ff01ff01ff01ff01ff01ff01ff01ff01ff01ff01ff01ff01ff01ff01ff01ff01ff01ff01ff01ff01ff01ff01ff01ff01ff01ff01ff01ff01ff01ff01ff01ff
01ff01ff01ff01ff01ff01ff01ff01ff01ff01ff01ff01ff01ff01ff01ff01ff01ff01ff01ff01ff01ff01ff01ff01ff01ff01ff01ff01ff01ff01ff01ff01ff
01ff01ff01ff01ff01ff01ff01ff01ff01ff01ff01ff01ff01ff01ff01ff01ff01ff01ff01ff01ff01ff01ff01ff01ff01ff01ff01ff01ff01ff01ff01ff01ff
01ff01ff01ff01ff01ff01ff01ff01ff01ff01ff01ff01ff01ff01ff01ff01ff01ff01ff01ff01ff01ff01ff01ff01ff01ff01ff01ff01ff01ff01ff01ff01ff
01ff01ff01ff01ff01ff01ff01ff01ff01ff01ff01ff01ff01ff01ff01ff01ff01ff01ff01ff01ff01ff01ff01ff01ff01ff01ff01ff01ff01ff01ff01ff01ff
01ff01ff01ff01ff01ff01ff01ff01ff01ff01ff01ff01ff01ff01ff01ff01ff01ff01ff01ff01ff01ff01ff01ff01ff01ff01ff01ff01ff01ff01ff01ff01ff
01ff01ff01ff01ff01ff01ff01ff01ff01ff01ff01ff01ff01ff01ff01ff01ff01ff01ff01ff01ff01ff01ff01ff01ff01ff01ff01ff01ff01ff01ff01ff01ff
01ff01ff01ff01ff01ff01ff01ff01ff01ff01ff01ff01ff01ff01ff01ff01ff01ff01ff01ff01ff01ff01ff01ff01ff01ff01ff01ff01ff01ff01ff01ff01ff
01ff01ff01ff01ff01ff01ff01ff01ff01ff01ff01ff01ff01ff01ff01ff01ff01ff01ff01ff01ff01ff01ff01ff01ff01ff01ff01ff01ff01ff01ff01ff01ff
01ff01ff01ff01ff01ff01ff01ff01ff01ff01ff01ff01ff01ff01ff01ff01ff01ff01ff01ff01ff01ff01ff01ff01ff01ff01ff01ff01ff01ff01ff01ff01ff
01ff01ff01ff01ff01ff01ff01ff01ff01ff01ff01ff01ff01ff01ff01ff01ff01ff01ff01ff01ff01ff01ff01ff01ff01ff01ff01ff01ff01ff01ff01ff01ff
01ff01ff01ff01ff01ff01ff01ff01ff01ff01ff01ff01ff01ff01ff01ff01ff01ff01ff01ff01ff01ff01ff01ff01ff01ff01ff01ff01ff01ff01ff01ff01ff
01ff01ff01ff01ff01ff01ff01ff01ff01ff01ff01ff01ff01ff01ff01ff01ff01ff01ff01ff01ff01ff01ff01ff01ff01ff01ff01ff01ff01ff01ff01ff01ff
01ff01ff01ff01ff01ff01ff01ff01ff01ff01ff01ff01ff01ff01ff01ff01ff01ff01ff01ff01ff01ff01ff01ff01ff01ff01ff01ff01ff01ff01ff01ff01ff
01ff01ff01ff01ff01ff01ff01ff01ff01ff01ff01ff01ff01ff01ff01ff01ff01ff01ff01ff01ff01ff01ff01ff01ff01ff01ff01ff01ff01ff01ff01ff01ff
01ff01ff01ff01ff01ff01ff01ff01ff01ff01ff01ff01ff01ff01ff01ff01ff01ff01ff01ff01ff01ff01ff01ff01ff01ff01ff01ff01ff01ff01ff01ff01ff
01ff01ff01ff01ff01ff01ff01ff01ff01ff01ff01ff01ff01ff01ff01ff01ff01ff01ff01ff01ff01ff01ff01ff01ff01ff01ff01ff01ff01ff01ff01ff01ff
01ff01ff01ff01ff01ff01ff01ff01ff01ff01ff01ff01ff01ff01ff01ff01ff01ff01ff01ff01ff01ff01ff01ff01ff01ff01ff01ff01ff01ff01ff01ff01ff
01ff01ff01ff01ff01ff01ff01ff01ff01ff01ff01ff01ff01ff01ff01ff01ff01ff01ff01ff01ff01ff01ff01ff01ff01ff01ff01ff01ff01ff01ff01ff01ff
01ff01ff01ff01ff01ff01ff01ff01ff01ff01ff01ff01ff01ff01ff01ff01ff01ff01ff01ff01ff01ff01ff01ff01ff01ff01ff01ff01ff01ff01ff01ff01ff
01ff01ff01ff01ff01ff01ff01ff01ff01ff01ff01ff01ff01ff01ff01ff01ff01ff01ff01ff01ff01ff01ff01ff01ff01ff01ff01ff01ff01ff01ff01ff01ff
01ff01ff01ff01ff01ff01ff01ff01ff01ff01ff01ff01ff01ff01ff01ff01ff01ff01ff01ff01ff01ff01ff01ff01ff01ff01ff01ff01ff01ff01ff01ff01ff
01ff01ff01ff01ff01ff01ff01ff01ff01ff01ff01ff01ff01ff01ff01ff01ff01ff01ff01ff01ff01ff01ff01ff01ff01ff01ff01ff01ff01ff01ff01ff01ff
01ff01ff01ff01ff01ff01ff01ff01ff01ff01ff01ff01ff01ff01ff01ff01ff01ff01ff01ff01ff01ff01ff01ff01ff01ff01ff01ff01ff01ff01ff01ff01ff
01ff01ff01ff01ff01ff01ff01ff01ff01ff01ff01ff01ff01ff01ff01ff01ff01ff01ff01ff01ff01ff01ff01ff01ff01ff01ff01ff01ff01ff01ff01ff01ff
01ff01ff01ff01ff01ff01ff01ff01ff01ff01ff01ff01ff01ff01ff01ff01ff01ff01ff01ff01ff01ff01ff01ff01ff01ff01ff01ff01ff01ff01ff01ff01ff
01ff01ff01ff01ff01ff01ff01ff01ff01ff01ff01ff01ff01ff01ff01ff01ff01ff01ff01ff01ff01ff01ff01ff01ff01ff01ff01ff01ff01ff01ff01ff01ff
01ff01ff01ff01ff01ff01ff01ff01ff01ff01ff01ff01ff01ff01ff01ff01ff01ff01ff01ff01ff01ff01ff01ff01ff01ff01ff01ff01ff01ff01ff01ff01ff
01ff01ff01ff01ff01ff01ff01ff01ff01ff01ff01ff01ff01ff01ff01ff01ff01ff01ff01ff01ff01ff01ff01ff01ff01ff01ff01ff01ff01ff01ff01ff01ff
01ff01ff01ff01ff01ff01ff01ff01ff01ff01ff01ff01ff01ff01ff01ff01ff01ff01ff01ff01ff01ff01ff01ff01ff01ff01ff01ff01ff01ff01ff01ff01ff
01ff01ff01ff01ff01ff01ff01ff01ff01ff01ff01ff01ff01ff01ff01ff01ff01ff01ff01ff01ff01ff01ff01ff01ff01ff01ff01ff01ff01ff01ff01ff01ff
01ff01ff01ff01ff01ff01ff01ff01ff01ff01ff01ff01ff01ff01ff01ff01ff01ff01ff01ff01ff01ff01ff01ff01ff01ff01ff01ff01ff01ff01ff01ff01ff
00000000000000000000000000000000000000000000000000000000000000000000000000000000000000000000000000000000000000000000000000000000
00000000000000000000000000000000000000000000000000000000000000000000000000000000000000000000000000000000000000000000000000000000
00000000000000000000000000000000000000000000000000000000000000000000000000000000000000000000000000000000000000000000000000000000
00000000000000000000000000000000000000000000000000000000000000000000000000000000000000000000000000000000000000000000000000000000
00000000000000000000000000000000000000000000000000000000000000000000000000000000000000000000000000000000000000000000000000000000
00000000000000000000000000000000000000000000000000000000000000000000000000000000000000000000000000000000000000000000000000000000
00000000000000000000000000000000000000000000000000000000000000000000000000000000000000000000000000000000000000000000000000000000
00000000000000000000000000000000000000000000000000000000000000000000000000000000000000000000000000000000000000000000000000000000
00000000000000000000000000000000000000000000000000000000000000000000000000000000000000000000000000000000000000000000000000000000
00000000000000000000000000000000000000000000000000000000000000000000000000000000000000000000000000000000000000000000000000000000
00000000000000000000000000000000000000000000000000000000000000000000000000000000000000000000000000000000000000000000000000000000
00000000000000000000000000000000000000000000000000000000000000000000000000000000000000000000000000000000000000000000000000000000
00000000000000000000000000000000000000000000000000000000000000000000000000000000000000000000000000000000000000000000000000000000
00000000000000000000000000000000000000000000000000000000000000000000000000000000000000000000000000000000000000000000000000000000
00000000000000000000000000000000000000000000000000000000000000000000000000000000000000000000000000000000000000000000000000000000
00000000000000000000000000000000000000000000000000000000000000000000000000000000000000000000000000000000000000000000000000000000
00000000000000000000000000000000000000000000000000000000000000000000000000000000000000000000000000000000000000000000000000000000
00000000000000000000000000000000000000000000000000000000000000000000000000000000000000000000000000000000000000000000000000000000
00000000000000000000000000000000000000000000000000000000000000000000000000000000000000000000000000000000000000000000000000000000
00000000000000000000000000000000000000000000000000000000000000000000000000000000000000000000000000000000000000000000000000000000
00000000000000000000000000000000000000000000000000000000000000000000000000000000000000000000000000000000000000000000000000000000
00000000000000000000000000000000000000000000000000000000000000000000000000000000000000000000000000000000000000000000000000000000
00000000000000000000000000000000000000000000000000000000000000000000000000000000000000000000000000000000000000000000000000000000
00000000000000000000000000000000000000000000000000000000000000000000000000000000000000000000000000000000000000000000000000000000
00000000000000000000000000000000000000000000000000000000000000000000000000000000000000000000000000000000000000000000000000000000
00000000000000000000000000000000000000000000000000000000000000000000000000000000000000000000000000000000000000000000000000000000
00000000000000000000000000000000000000000000000000000000000000000000000000000000000000000000000000000000000000000000000000000000
00000000000000000000000000000000000000000000000000000000000000000000000000000000000000000000000000000000000000000000000000000000
00000000000000000000000000000000000000000000000000000000000000000000000000000000000000000000000000000000000000000000000000000000
00000000000000000000000000000000000000000000000000000000000000000000000000000000000000000000000000000000000000000000000000000000
00000000000000000000000000000000000000000000000000000000000000000000000000000000000000000000000000000000000000000000000000000000
00000000000000000000000000000000000000000000000000000000000000000000000000000000000000000000000000000000000000000000000000000000
00010001000100010001000100010001000100010001000100010001000100010001000100010001000100010001000100010001000100010001000100010001
00010001000100010001000100010001000100010001000100010001000100010001000100010001000100010001000100010001000100010001000100010001
00010001000100010001000100010001000100010001000100010001000100010001000100010001000100010001000100010001000100010001000100010001
00010001000100010001000100010001000100010001000100010001000100010001000100010001000100010001000100010001000100010001000100010001
00010001000100010001000100010001000100010001000100010001000100010001000100010001000100010001000100010001000100010001000100010001
00010001000100010001000100010001000100010001000100010001000100010001000100010001000100010001000100010001000100010001000100010001
00010001000100010001000100010001000100010001000100010001000100010001000100010001000100010001000100010001000100010001000100010001
00010001000100010001000100010001000100010001000100010001000100010001000100010001000100010001000100010001000100010001000100010001
00010001000100010001000100010001000100010001000100010001000100010001000100010001000100010001000100010001000100010001000100010001
00010001000100010001000100010001000100010001000100010001000100010001000100010001000100010001000100010001000100010001000100010001
00010001000100010001000100010001000100010001000100010001000100010001000100010001000100010001000100010001000100010001000100010001
00010001000100010001000100010001000100010001000100010001000100010001000100010001000100010001000100010001000100010001000100010001
00010001000100010001000100010001000100010001000100010001000100010001000100010001000100010001000100010001000100010001000100010001
00010001000100010001000100010001000100010001000100010001000100010001000100010001000100010001000100010001000100010001000100010001
00010001000100010001000100010001000100010001000100010001000100010001000100010001000100010001000100010001000100010001000100010001
00010001000100010001000100010001000100010001000100010001000100010001000100010001000100010001000100010001000100010001000100010001
00010001000100010001000100010001000100010001000100010001000100010001000100010001000100010001000100010001000100010001000100010001
00010001000100010001000100010001000100010001000100010001000100010001000100010001000100010001000100010001000100010001000100010001
00010001000100010001000100010001000100010001000100010001000100010001000100010001000100010001000100010001000100010001000100010001
00010001000100010001000100010001000100010001000100010001000100010001000100010001000100010001000100010001000100010001000100010001
00010001000100010001000100010001000100010001000100010001000100010001000100010001000100010001000100010001000100010001000100010001
00010001000100010001000100010001000100010001000100010001000100010001000100010001000100010001000100010001000100010001000100010001
00010001000100010001000100010001000100010001000100010001000100010001000100010001000100010001000100010001000100010001000100010001
00010001000100010001000100010001000100010001000100010001000100010001000100010001000100010001000100010001000100010001000100010001
00010001000100010001000100010001000100010001000100010001000100010001000100010001000100010001000100010001000100010001000100010001
00010001000100010001000100010001000100010001000100010001000100010001000100010001000100010001000100010001000100010001000100010001
00010001000100010001000100010001000100010001000100010001000100010001000100010001000100010001000100010001000100010001000100010001
00010001000100010001000100010001000100010001000100010001000100010001000100010001000100010001000100010001000100010001000100010001
00010001000100010001000100010001000100010001000100010001000100010001000100010001000100010001000100010001000100010001000100010001
00010001000100010001000100010001000100010001000100010001000100010001000100010001000100010001000100010001000100010001000100010001
00010001000100010001000100010001000100010001000100010001000100010001000100010001000100010001000100010001000100010001000100010001
00010001000100010001000100010001000100010001000100010001000100010001000100010001000100010001000100010001000100010001000100010001
00020002000200020002000200020002000200020002000200020002000200020002000200020002000200020002000200020002000200020002000200020002
00020002000200020002000200020002000200020002000200020002000200020002000200020002000200020002000200020002000200020002000200020002
00020002000200020002000200020002000200020002000200020002000200020002000200020002000200020002000200020002000200020002000200020002
00020002000200020002000200020002000200020002000200020002000200020002000200020002000200020002000200020002000200020002000200020002
00020002000200020002000200020002000200020002000200020002000200020002000200020002000200020002000200020002000200020002000200020002
00020002000200020002000200020002000200020002000200020002000200020002000200020002000200020002000200020002000200020002000200020002
00020002000200020002000200020002000200020002000200020002000200020002000200020002000200020002000200020002000200020002000200020002
00020002000200020002000200020002000200020002000200020002000200020002000200020002000200020002000200020002000200020002000200020002
00020002000200020002000200020002000200020002000200020002000200020002000200020002000200020002000200020002000200020002000200020002
00020002000200020002000200020002000200020002000200020002000200020002000200020002000200020002000200020002000200020002000200020002
00020002000200020002000200020002000200020002000200020002000200020002000200020002000200020002000200020002000200020002000200020002
00020002000200020002000200020002000200020002000200020002000200020002000200020002000200020002000200020002000200020002000200020002
00020002000200020002000200020002000200020002000200020002000200020002000200020002000200020002000200020002000200020002000200020002
00020002000200020002000200020002000200020002000200020002000200020002000200020002000200020002000200020002000200020002000200020002
00020002000200020002000200020002000200020002000200020002000200020002000200020002000200020002000200020002000200020002000200020002
00020002000200020002000200020002000200020002000200020002000200020002000200020002000200020002000200020002000200020002000200020002
00020002000200020002000200020002000200020002000200020002000200020002000200020002000200020002000200020002000200020002000200020002
00020002000200020002000200020002000200020002000200020002000200020002000200020002000200020002000200020002000200020002000200020002
00020002000200020002000200020002000200020002000200020002000200020002000200020002000200020002000200020002000200020002000200020002
00020002000200020002000200020002000200020002000200020002000200020002000200020002000200020002000200020002000200020002000200020002
00020002000200020002000200020002000200020002000200020002000200020002000200020002000200020002000200020002000200020002000200020002
00020002000200020002000200020002000200020002000200020002000200020002000200020002000200020002000200020002000200020002000200020002
00020002000200020002000200020002000200020002000200020002000200020002000200020002000200020002000200020002000200020002000200020002
00020002000200020002000200020002000200020002000200020002000200020002000200020002000200020002000200020002000200020002000200020002
00020002000200020002000200020002000200020002000200020002000200020002000200020002000200020002000200020002000200020002000200020002
00020002000200020002000200020002000200020002000200020002000200020002000200020002000200020002000200020002000200020002000200020002
00020002000200020002000200020002000200020002000200020002000200020002000200020002000200020002000200020002000200020002000200020002
00020002000200020002000200020002000200020002000200020002000200020002000200020002000200020002000200020002000200020002000200020002
00020002000200020002000200020002000200020002000200020002000200020002000200020002000200020002000200020002000200020002000200020002
00020002000200020002000200020002000200020002000200020002000200020002000200020002000200020002000200020002000200020002000200020002
00020002000200020002000200020002000200020002000200020002000200020002000200020002000200020002000200020002000200020002000200020002
00020002000200020002000200020002000200020002000200020002000200020002000200020002000200020002000200020002000200020002000200020002
00070007000700070007000700070007000700070007000700070007000700070007000700070007000700070007000700070007000700070007000700070007
00070007000700070007000700070007000700070007000700070007000700070007000700070007000700070007000700070007000700070007000700070007
00070007000700070007000700070007000700070007000700070007000700070007000700070007000700070007000700070007000700070007000700070007
00070007000700070007000700070007000700070007000700070007000700070007000700070007000700070007000700070007000700070007000700070007
00070007000700070007000700070007000700070007000700070007000700070007000700070007000700070007000700070007000700070007000700070007
00070007000700070007000700070007000700070007000700070007000700070007000700070007000700070007000700070007000700070007000700070007
00070007000700070007000700070007000700070007000700070007000700070007000700070007000700070007000700070007000700070007000700070007
00070007000700070007000700070007000700070007000700070007000700070007000700070007000700070007000700070007000700070007000700070007
00070007000700070007000700070007000700070007000700070007000700070007000700070007000700070007000700070007000700070007000700070007
00070007000700070007000700070007000700070007000700070007000700070007000700070007000700070007000700070007000700070007000700070007
00070007000700070007000700070007000700070007000700070007000700070007000700070007000700070007000700070007000700070007000700070007
00070007000700070007000700070007000700070007000700070007000700070007000700070007000700070007000700070007000700070007000700070007
00070007000700070007000700070007000700070007000700070007000700070007000700070007000700070007000700070007000700070007000700070007
00070007000700070007000700070007000700070007000700070007000700070007000700070007000700070007000700070007000700070007000700070007
00070007000700070007000700070007000700070007000700070007000700070007000700070007000700070007000700070007000700070007000700070007
00070007000700070007000700070007000700070007000700070007000700070007000700070007000700070007000700070007000700070007000700070007
00070007000700070007000700070007000700070007000700070007000700070007000700070007000700070007000700070007000700070007000700070007
00070007000700070007000700070007000700070007000700070007000700070007000700070007000700070007000700070007000700070007000700070007
00070007000700070007000700070007000700070007000700070007000700070007000700070007000700070007000700070007000700070007000700070007
00070007000700070007000700070007000700070007000700070007000700070007000700070007000700070007000700070007000700070007000700070007
00070007000700070007000700070007000700070007000700070007000700070007000700070007000700070007000700070007000700070007000700070007
00070007000700070007000700070007000700070007000700070007000700070007000700070007000700070007000700070007000700070007000700070007
00070007000700070007000700070007000700070007000700070007000700070007000700070007000700070007000700070007000700070007000700070007
00070007000700070007000700070007000700070007000700070007000700070007000700070007000700070007000700070007000700070007000700070007
00070007000700070007000700070007000700070007000700070007000700070007000700070007000700070007000700070007000700070007000700070007
00070007000700070007000700070007000700070007000700070007000700070007000700070007000700070007000700070007000700070007000700070007
00070007000700070007000700070007000700070007000700070007000700070007000700070007000700070007000700070007000700070007000700070007
00070007000700070007000700070007000700070007000700070007000700070007000700070007000700070007000700070007000700070007000700070007
00070007000700070007000700070007000700070007000700070007000700070007000700070007000700070007000700070007000700070007000700070007
00070007000700070007000700070007000700070007000700070007000700070007000700070007000700070007000700070007000700070007000700070007
00070007000700070007000700070007000700070007000700070007000700070007000700070007000700070007000700070007000700070007000700070007
00070007000700070007000700070007000700070007000700070007000700070007000700070007000700070007000700070007000700070007000700070007
00080008000800080008000800080008000800080008000800080008000800080008000800080008000800080008000800080008000800080008000800080008
00080008000800080008000800080008000800080008000800080008000800080008000800080008000800080008000800080008000800080008000800080008
00080008000800080008000800080008000800080008000800080008000800080008000800080008000800080008000800080008000800080008000800080008
00080008000800080008000800080008000800080008000800080008000800080008000800080008000800080008000800080008000800080008000800080008
00080008000800080008000800080008000800080008000800080008000800080008000800080008000800080008000800080008000800080008000800080008
00080008000800080008000800080008000800080008000800080008000800080008000800080008000800080008000800080008000800080008000800080008
00080008000800080008000800080008000800080008000800080008000800080008000800080008000800080008000800080008000800080008000800080008
00080008000800080008000800080008000800080008000800080008000800080008000800080008000800080008000800080008000800080008000800080008
00080008000800080008000800080008000800080008000800080008000800080008000800080008000800080008000800080008000800080008000800080008
00080008000800080008000800080008000800080008000800080008000800080008000800080008000800080008000800080008000800080008000800080008
00080008000800080008000800080008000800080008000800080008000800080008000800080008000800080008000800080008000800080008000800080008
00080008000800080008000800080008000800080008000800080008000800080008000800080008000800080008000800080008000800080008000800080008
00080008000800080008000800080008000800080008000800080008000800080008000800080008000800080008000800080008000800080008000800080008
00080008000800080008000800080008000800080008000800080008000800080008000800080008000800080008000800080008000800080008000800080008
00080008000800080008000800080008000800080008000800080008000800080008000800080008000800080008000800080008000800080008000800080008
00080008000800080008000800080008000800080008000800080008000800080008000800080008000800080008000800080008000800080008000800080008
00080008000800080008000800080008000800080008000800080008000800080008000800080008000800080008000800080008000800080008000800080008
00080008000800080008000800080008000800080008000800080008000800080008000800080008000800080008000800080008000800080008000800080008
00080008000800080008000800080008000800080008000800080008000800080008000800080008000800080008000800080008000800080008000800080008
00080008000800080008000800080008000800080008000800080008000800080008000800080008000800080008000800080008000800080008000800080008
00080008000800080008000800080008000800080008000800080008000800080008000800080008000800080008000800080008000800080008000800080008
00080008000800080008000800080008000800080008000800080008000800080008000800080008000800080008000800080008000800080008000800080008
00080008000800080008000800080008000800080008000800080008000800080008000800080008000800080008000800080008000800080008000800080008
00080008000800080008000800080008000800080008000800080008000800080008000800080008000800080008000800080008000800080008000800080008
00080008000800080008000800080008000800080008000800080008000800080008000800080008000800080008000800080008000800080008000800080008
00080008000800080008000800080008000800080008000800080008000800080008000800080008000800080008000800080008000800080008000800080008
00080008000800080008000800080008000800080008000800080008000800080008000800080008000800080008000800080008000800080008000800080008
00080008000800080008000800080008000800080008000800080008000800080008000800080008000800080008000800080008000800080008000800080008
00080008000800080008000800080008000800080008000800080008000800080008000800080008000800080008000800080008000800080008000800080008
00080008000800080008000800080008000800080008000800080008000800080008000800080008000800080008000800080008000800080008000800080008
00080008000800080008000800080008000800080008000800080008000800080008000800080008000800080008000800080008000800080008000800080008
00080008000800080008000800080008000800080008000800080008000800080008000800080008000800080008000800080008000800080008000800080008
00090009000900090009000900090009000900090009000900090009000900090009000900090009000900090009000900090009000900090009000900090009
00090009000900090009000900090009000900090009000900090009000900090009000900090009000900090009000900090009000900090009000900090009
00090009000900090009000900090009000900090009000900090009000900090009000900090009000900090009000900090009000900090009000900090009
00090009000900090009000900090009000900090009000900090009000900090009000900090009000900090009000900090009000900090009000900090009
00090009000900090009000900090009000900090009000900090009000900090009000900090009000900090009000900090009000900090009000900090009
00090009000900090009000900090009000900090009000900090009000900090009000900090009000900090009000900090009000900090009000900090009
00090009000900090009000900090009000900090009000900090009000900090009000900090009000900090009000900090009000900090009000900090009
00090009000900090009000900090009000900090009000900090009000900090009000900090009000900090009000900090009000900090009000900090009
00090009000900090009000900090009000900090009000900090009000900090009000900090009000900090009000900090009000900090009000900090009
00090009000900090009000900090009000900090009000900090009000900090009000900090009000900090009000900090009000900090009000900090009
00090009000900090009000900090009000900090009000900090009000900090009000900090009000900090009000900090009000900090009000900090009
00090009000900090009000900090009000900090009000900090009000900090009000900090009000900090009000900090009000900090009000900090009
00090009000900090009000900090009000900090009000900090009000900090009000900090009000900090009000900090009000900090009000900090009
00090009000900090009000900090009000900090009000900090009000900090009000900090009000900090009000900090009000900090009000900090009
00090009000900090009000900090009000900090009000900090009000900090009000900090009000900090009000900090009000900090009000900090009
00090009000900090009000900090009000900090009000900090009000900090009000900090009000900090009000900090009000900090009000900090009
00090009000900090009000900090009000900090009000900090009000900090009000900090009000900090009000900090009000900090009000900090009
00090009000900090009000900090009000900090009000900090009000900090009000900090009000900090009000900090009000900090009000900090009
00090009000900090009000900090009000900090009000900090009000900090009000900090009000900090009000900090009000900090009000900090009
00090009000900090009000900090009000900090009000900090009000900090009000900090009000900090009000900090009000900090009000900090009
00090009000900090009000900090009000900090009000900090009000900090009000900090009000900090009000900090009000900090009000900090009
00090009000900090009000900090009000900090009000900090009000900090009000900090009000900090009000900090009000900090009000900090009
00090009000900090009000900090009000900090009000900090009000900090009000900090009000900090009000900090009000900090009000900090009
00090009000900090009000900090009000900090009000900090009000900090009000900090009000900090009000900090009000900090009000900090009
00090009000900090009000900090009000900090009000900090009000900090009000900090009000900090009000900090009000900090009000900090009
00090009000900090009000900090009000900090009000900090009000900090009000900090009000900090009000900090009000900090009000900090009
00090009000900090009000900090009000900090009000900090009000900090009000900090009000900090009000900090009000900090009000900090009
00090009000900090009000900090009000900090009000900090009000900090009000900090009000900090009000900090009000900090009000900090009
00090009000900090009000900090009000900090009000900090009000900090009000900090009000900090009000900090009000900090009000900090009
00090009000900090009000900090009000900090009000900090009000900090009000900090009000900090009000900090009000900090009000900090009
00090009000900090009000900090009000900090009000900090009000900090009000900090009000900090009000900090009000900090009000900090009
00090009000900090009000900090009000900090009000900090009000900090009000900090009000900090009000900090009000900090009000900090009
007f007f007f007f007f007f007f007f007f007f007f007f007f007f007f007f007f007f007f007f007f007f007f007f007f007f007f007f007f007f007f007f
007f007f007f007f007f007f007f007f007f007f007f007f007f007f007f007f007f007f007f007f007f007f007f007f007f007f007f007f007f007f007f007f
007f007f007f007f007f007f007f007f007f007f007f007f007f007f007f007f007f007f007f007f007f007f007f007f007f007f007f007f007f007f007f007f
007f007f007f007f007f007f007f007f007f007f007f007f007f007f007f007f007f007f007f007f007f007f007f007f007f007f007f007f007f007f007f007f
007f007f007f007f007f007f007f007f007f007f007f007f007f007f007f007f007f007f007f007f007f007f007f007f007f007f007f007f007f007f007f007f
007f007f007f007f007f007f007f007f007f007f007f007f007f007f007f007f007f007f007f007f007f007f007f007f007f007f007f007f007f007f007f007f
007f007f007f007f007f007f007f007f007f007f007f007f007f007f007f007f007f007f007f007f007f007f007f007f007f007f007f007f007f007f007f007f
007f007f007f007f007f007f007f007f007f007f007f007f007f007f007f007f007f007f007f007f007f007f007f007f007f007f007f007f007f007f007f007f
007f007f007f007f007f007f007f007f007f007f007f007f007f007f007f007f007f007f007f007f007f007f007f007f007f007f007f007f007f007f007f007f
007f007f007f007f007f007f007f007f007f007f007f007f007f007f007f007f007f007f007f007f007f007f007f007f007f007f007f007f007f007f007f007f
007f007f007f007f007f007f007f007f007f007f007f007f007f007f007f007f007f007f007f007f007f007f007f007f007f007f007f007f007f007f007f007f
007f007f007f007f007f007f007f007f007f007f007f007f007f007f007f007f007f007f007f007f007f007f007f007f007f007f007f007f007f007f007f007f
007f007f007f007f007f007f007f007f007f007f007f007f007f007f007f007f007f007f007f007f007f007f007f007f007f007f007f007f007f007f007f007f
007f007f007f007f007f007f007f007f007f007f007f007f007f007f007f007f007f007f007f007f007f007f007f007f007f007f007f007f007f007f007f007f
007f007f007f007f007f007f007f007f007f007f007f007f007f007f007f007f007f007f007f007f007f007f007f007f007f007f007f007f007f007f007f007f
007f007f007f007f007f007f007f007f007f007f007f007f007f007f007f007f007f007f007f007f007f007f007f007f007f007f007f007f007f007f007f007f
007f007f007f007f007f007f007f007f007f007f007f007f007f007f007f007f007f007f007f007f007f007f007f007f007f007f007f007f007f007f007f007f
007f007f007f007f007f007f007f007f007f007f007f007f007f007f007f007f007f007f007f007f007f007f007f007f007f007f007f007f007f007f007f007f
007f007f007f007f007f007f007f007f007f007f007f007f007f007f007f007f007f007f007f007f007f007f007f007f007f007f007f007f007f007f007f007f
007f007f007f007f007f007f007f007f007f007f007f007f007f007f007f007f007f007f007f007f007f007f007f007f007f007f007f007f007f007f007f007f
007f007f007f007f007f007f007f007f007f007f007f007f007f007f007f007f007f007f007f007f007f007f007f007f007f007f007f007f007f007f007f007f
007f007f007f007f007f007f007f007f007f007f007f007f007f007f007f007f007f007f007f007f007f007f007f007f007f007f007f007f007f007f007f007f
007f007f007f007f007f007f007f007f007f007f007f007f007f007f007f007f007f007f007f007f007f007f007f007f007f007f007f007f007f007f007f007f
007f007f007f007f007f007f007f007f007f007f007f007f007f007f007f007f007f007f007f007f007f007f007f007f007f007f007f007f007f007f007f007f
007f007f007f007f007f007f007f007f007f007f007f007f007f007f007f007f007f007f007f007f007f007f007f007f007f007f007f007f007f007f007f007f
007f007f007f007f007f007f007f007f007f007f007f007f007f007f007f007f007f007f007f007f007f007f007f007f007f007f007f007f007f007f007f007f
007f007f007f007f007f007f007f007f007f007f007f007f007f007f007f007f007f007f007f007f007f007f007f007f007f007f007f007f007f007f007f007f
007f007f007f007f007f007f007f007f007f007f007f007f007f007f007f007f007f007f007f007f007f007f007f007f007f007f007f007f007f007f007f007f
007f007f007f007f007f007f007f007f007f007f007f007f007f007f007f007f007f007f007f007f007f007f007f007f007f007f007f007f007f007f007f007f
007f007f007f007f007f007f007f007f007f007f007f007f007f007f007f007f007f007f007f007f007f007f007f007f007f007f007f007f007f007f007f007f
007f007f007f007f007f007f007f007f007f007f007f007f007f007f007f007f007f007f007f007f007f007f007f007f007f007f007f007f007f007f007f007f
007f007f007f007f007f007f007f007f007f007f007f007f007f007f007f007f007f007f007f007f007f007f007f007f007f007f007f007f007f007f007f007f
00800080008000800080008000800080008000800080008000800080008000800080008000800080008000800080008000800080008000800080008000800080
00800080008000800080008000800080008000800080008000800080008000800080008000800080008000800080008000800080008000800080008000800080
00800080008000800080008000800080008000800080008000800080008000800080008000800080008000800080008000800080008000800080008000800080
00800080008000800080008000800080008000800080008000800080008000800080008000800080008000800080008000800080008000800080008000800080
00800080008000800080008000800080008000800080008000800080008000800080008000800080008000800080008000800080008000800080008000800080
00800080008000800080008000800080008000800080008000800080008000800080008000800080008000800080008000800080008000800080008000800080
00800080008000800080008000800080008000800080008000800080008000800080008000800080008000800080008000800080008000800080008000800080
00800080008000800080008000800080008000800080008000800080008000800080008000800080008000800080008000800080008000800080008000800080
00800080008000800080008000800080008000800080008000800080008000800080008000800080008000800080008000800080008000800080008000800080
00800080008000800080008000800080008000800080008000800080008000800080008000800080008000800080008000800080008000800080008000800080
00800080008000800080008000800080008000800080008000800080008000800080008000800080008000800080008000800080008000800080008000800080
00800080008000800080008000800080008000800080008000800080008000800080008000800080008000800080008000800080008000800080008000800080
00800080008000800080008000800080008000800080008000800080008000800080008000800080008000800080008000800080008000800080008000800080
00800080008000800080008000800080008000800080008000800080008000800080008000800080008000800080008000800080008000800080008000800080
00800080008000800080008000800080008000800080008000800080008000800080008000800080008000800080008000800080008000800080008000800080
00800080008000800080008000800080008000800080008000800080008000800080008000800080008000800080008000800080008000800080008000800080
00800080008000800080008000800080008000800080008000800080008000800080008000800080008000800080008000800080008000800080008000800080
00800080008000800080008000800080008000800080008000800080008000800080008000800080008000800080008000800080008000800080008000800080
00800080008000800080008000800080008000800080008000800080008000800080008000800080008000800080008000800080008000800080008000800080
00800080008000800080008000800080008000800080008000800080008000800080008000800080008000800080008000800080008000800080008000800080
00800080008000800080008000800080008000800080008000800080008000800080008000800080008000800080008000800080008000800080008000800080
00800080008000800080008000800080008000800080008000800080008000800080008000800080008000800080008000800080008000800080008000800080
00800080008000800080008000800080008000800080008000800080008000800080008000800080008000800080008000800080008000800080008000800080
00800080008000800080008000800080008000800080008000800080008000800080008000800080008000800080008000800080008000800080008000800080
00800080008000800080008000800080008000800080008000800080008000800080008000800080008000800080008000800080008000800080008000800080
00800080008000800080008000800080008000800080008000800080008000800080008000800080008000800080008000800080008000800080008000800080
00800080008000800080008000800080008000800080008000800080008000800080008000800080008000800080008000800080008000800080008000800080
00800080008000800080008000800080008000800080008000800080008000800080008000800080008000800080008000800080008000800080008000800080
00800080008000800080008000800080008000800080008000800080008000800080008000800080008000800080008000800080008000800080008000800080
00800080008000800080008000800080008000800080008000800080008000800080008000800080008000800080008000800080008000800080008000800080
00800080008000800080008000800080008000800080008000800080008000800080008000800080008000800080008000800080008000800080008000800080
00800080008000800080008000800080008000800080008000800080008000800080008000800080008000800080008000800080008000800080008000800080
00810081008100810081008100810081008100810081008100810081008100810081008100810081008100810081008100810081008100810081008100810081
00810081008100810081008100810081008100810081008100810081008100810081008100810081008100810081008100810081008100810081008100810081
00810081008100810081008100810081008100810081008100810081008100810081008100810081008100810081008100810081008100810081008100810081
00810081008100810081008100810081008100810081008100810081008100810081008100810081008100810081008100810081008100810081008100810081
00810081008100810081008100810081008100810081008100810081008100810081008100810081008100810081008100810081008100810081008100810081
00810081008100810081008100810081008100810081008100810081008100810081008100810081008100810081008100810081008100810081008100810081
00810081008100810081008100810081008100810081008100810081008100810081008100810081008100810081008100810081008100810081008100810081
00810081008100810081008100810081008100810081008100810081008100810081008100810081008100810081008100810081008100810081008100810081
00810081008100810081008100810081008100810081008100810081008100810081008100810081008100810081008100810081008100810081008100810081
00810081008100810081008100810081008100810081008100810081008100810081008100810081008100810081008100810081008100810081008100810081
00810081008100810081008100810081008100810081008100810081008100810081008100810081008100810081008100810081008100810081008100810081
00810081008100810081008100810081008100810081008100810081008100810081008100810081008100810081008100810081008100810081008100810081
00810081008100810081008100810081008100810081008100810081008100810081008100810081008100810081008100810081008100810081008100810081
00810081008100810081008100810081008100810081008100810081008100810081008100810081008100810081008100810081008100810081008100810081
00810081008100810081008100810081008100810081008100810081008100810081008100810081008100810081008100810081008100810081008100810081
00810081008100810081008100810081008100810081008100810081008100810081008100810081008100810081008100810081008100810081008100810081
00810081008100810081008100810081008100810081008100810081008100810081008100810081008100810081008100810081008100810081008100810081
00810081008100810081008100810081008100810081008100810081008100810081008100810081008100810081008100810081008100810081008100810081
00810081008100810081008100810081008100810081008100810081008100810081008100810081008100810081008100810081008100810081008100810081
00810081008100810081008100810081008100810081008100810081008100810081008100810081008100810081008100810081008100810081008100810081
00810081008100810081008100810081008100810081008100810081008100810081008100810081008100810081008100810081008100810081008100810081
00810081008100810081008100810081008100810081008100810081008100810081008100810081008100810081008100810081008100810081008100810081
00810081008100810081008100810081008100810081008100810081008100810081008100810081008100810081008100810081008100810081008100810081
00810081008100810081008100810081008100810081008100810081008100810081008100810081008100810081008100810081008100810081008100810081
00810081008100810081008100810081008100810081008100810081008100810081008100810081008100810081008100810081008100810081008100810081
00810081008100810081008100810081008100810081008100810081008100810081008100810081008100810081008100810081008100810081008100810081
00810081008100810081008100810081008100810081008100810081008100810081008100810081008100810081008100810081008100810081008100810081
00810081008100810081008100810081008100810081008100810081008100810081008100810081008100810081008100810081008100810081008100810081
00810081008100810081008100810081008100810081008100810081008100810081008100810081008100810081008100810081008100810081008100810081
00810081008100810081008100810081008100810081008100810081008100810081008100810081008100810081008100810081008100810081008100810081
00810081008100810081008100810081008100810081008100810081008100810081008100810081008100810081008100810081008100810081008100810081
00810081008100810081008100810081008100810081008100810081008100810081008100810081008100810081008100810081008100810081008100810081
00fe00fe00fe00fe00fe00fe00fe00fe00fe00fe00fe00fe00fe00fe00fe00fe00fe00fe00fe00fe00fe00fe00fe00fe00fe00fe00fe00fe00fe00fe00fe00fe
00fe00fe00fe00fe00fe00fe00fe00fe00fe00fe00fe00fe00fe00fe00fe00fe00fe00fe00fe00fe00fe00fe00fe00fe00fe00fe00fe00fe00fe00fe00fe00fe
00fe00fe00fe00fe00fe00fe00fe00fe00fe00fe00fe00fe00fe00fe00fe00fe00fe00fe00fe00fe00fe00fe00fe00fe00fe00fe00fe00fe00fe00fe00fe00fe
00fe00fe00fe00fe00fe00fe00fe00fe00fe00fe00fe00fe00fe00fe00fe00fe00fe00fe00fe00fe00fe00fe00fe00fe00fe00fe00fe00fe00fe00fe00fe00fe
00fe00fe00fe00fe00fe00fe00fe00fe00fe00fe00fe00fe00fe00fe00fe00fe00fe00fe00fe00fe00fe00fe00fe00fe00fe00fe00fe00fe00fe00fe00fe00fe
00fe00fe00fe00fe00fe00fe00fe00fe00fe00fe00fe00fe00fe00fe00fe00fe00fe00fe00fe00fe00fe00fe00fe00fe00fe00fe00fe00fe00fe00fe00fe00fe
00fe00fe00fe00fe00fe00fe00fe00fe00fe00fe00fe00fe00fe00fe00fe00fe00fe00fe00fe00fe00fe00fe00fe00fe00fe00fe00fe00fe00fe00fe00fe00fe
00fe00fe00fe00fe00fe00fe00fe00fe00fe00fe00fe00fe00fe00fe00fe00fe00fe00fe00fe00fe00fe00fe00fe00fe00fe00fe00fe00fe00fe00fe00fe00fe
00fe00fe00fe00fe00fe00fe00fe00fe00fe00fe00fe00fe00fe00fe00fe00fe00fe00fe00fe00fe00fe00fe00fe00fe00fe00fe00fe00fe00fe00fe00fe00fe
00fe00fe00fe00fe00fe00fe00fe00fe00fe00fe00fe00fe00fe00fe00fe00fe00fe00fe00fe00fe00fe00fe00fe00fe00fe00fe00fe00fe00fe00fe00fe00fe
00fe00fe00fe00fe00fe00fe00fe00fe00fe00fe00fe00fe00fe00fe00fe00fe00fe00fe00fe00fe00fe00fe00fe00fe00fe00fe00fe00fe00fe00fe00fe00fe
00fe00fe00fe00fe00fe00fe00fe00fe00fe00fe00fe00fe00fe00fe00fe00fe00fe00fe00fe00fe00fe00fe00fe00fe00fe00fe00fe00fe00fe00fe00fe00fe
00fe00fe00fe00fe00fe00fe00fe00fe00fe00fe00fe00fe00fe00fe00fe00fe00fe00fe00fe00fe00fe00fe00fe00fe00fe00fe00fe00fe00fe00fe00fe00fe
00fe00fe00fe00fe00fe00fe00fe00fe00fe00fe00fe00fe00fe00fe00fe00fe00fe00fe00fe00fe00fe00fe00fe00fe00fe00fe00fe00fe00fe00fe00fe00fe
00fe00fe00fe00fe00fe00fe00fe00fe00fe00fe00fe00fe00fe00fe00fe00fe00fe00fe00fe00fe00fe00fe00fe00fe00fe00fe00fe00fe00fe00fe00fe00fe
00fe00fe00fe00fe00fe00fe00fe00fe00fe00fe00fe00fe00fe00fe00fe00fe00fe00fe00fe00fe00fe00fe00fe00fe00fe00fe00fe00fe00fe00fe00fe00fe
00fe00fe00fe00fe00fe00fe00fe00fe00fe00fe00fe00fe00fe00fe00fe00fe00fe00fe00fe00fe00fe00fe00fe00fe00fe00fe00fe00fe00fe00fe00fe00fe
00fe00fe00fe00fe00fe00fe00fe00fe00fe00fe00fe00fe00fe00fe00fe00fe00fe00fe00fe00fe00fe00fe00fe00fe00fe00fe00fe00fe00fe00fe00fe00fe
00fe00fe00fe00fe00fe00fe00fe00fe00fe00fe00fe00fe00fe00fe00fe00fe00fe00fe00fe00fe00fe00fe00fe00fe00fe00fe00fe00fe00fe00fe00fe00fe
00fe00fe00fe00fe00fe00fe00fe00fe00fe00fe00fe00fe00fe00fe00fe00fe00fe00fe00fe00fe00fe00fe00fe00fe00fe00fe00fe00fe00fe00fe00fe00fe
00fe00fe00fe00fe00fe00fe00fe00fe00fe00fe00fe00fe00fe00fe00fe00fe00fe00fe00fe00fe00fe00fe00fe00fe00fe00fe00fe00fe00fe00fe00fe00fe
00fe00fe00fe00fe00fe00fe00fe00fe00fe00fe00fe00fe00fe00fe00fe00fe00fe00fe00fe00fe00fe00fe00fe00fe00fe00fe00fe00fe00fe00fe00fe00fe
00fe00fe00fe00fe00fe00fe00fe00fe00fe00fe00fe00fe00fe00fe00fe00fe00fe00fe00fe00fe00fe00fe00fe00fe00fe00fe00fe00fe00fe00fe00fe00fe
00fe00fe00fe00fe00fe00fe00fe00fe00fe00fe00fe00fe00fe00fe00fe00fe00fe00fe00fe00fe00fe00fe00fe00fe00fe00fe00fe00fe00fe00fe00fe00fe
00fe00fe00fe00fe00fe00fe00fe00fe00fe00fe00fe00fe00fe00fe00fe00fe00fe00fe00fe00fe00fe00fe00fe00fe00fe00fe00fe00fe00fe00fe00fe00fe
00fe00fe00fe00fe00fe00fe00fe00fe00fe00fe00fe00fe00fe00fe00fe00fe00fe00fe00fe00fe00fe00fe00fe00fe00fe00fe00fe00fe00fe00fe00fe00fe
00fe00fe00fe00fe00fe00fe00fe00fe00fe00fe00fe00fe00fe00fe00fe00fe00fe00fe00fe00fe00fe00fe00fe00fe00fe00fe00fe00fe00fe00fe00fe00fe
00fe00fe00fe00fe00fe00fe00fe00fe00fe00fe00fe00fe00fe00fe00fe00fe00fe00fe00fe00fe00fe00fe00fe00fe00fe00fe00fe00fe00fe00fe00fe00fe
00fe00fe00fe00fe00fe00fe00fe00fe00fe00fe00fe00fe00fe00fe00fe00fe00fe00fe00fe00fe00fe00fe00fe00fe00fe00fe00fe00fe00fe00fe00fe00fe
00fe00fe00fe00fe00fe00fe00fe00fe00fe00fe00fe00fe00fe00fe00fe00fe00fe00fe00fe00fe00fe00fe00fe00fe00fe00fe00fe00fe00fe00fe00fe00fe
00fe00fe00fe00fe00fe00fe00fe00fe00fe00fe00fe00fe00fe00fe00fe00fe00fe00fe00fe00fe00fe00fe00fe00fe00fe00fe00fe00fe00fe00fe00fe00fe
00fe00fe00fe00fe00fe00fe00fe00fe00fe00fe00fe00fe00fe00fe00fe00fe00fe00fe00fe00fe00fe00fe00fe00fe00fe00fe00fe00fe00fe00fe00fe00fe
00ff00ff00ff00ff00ff00ff00ff00ff00ff00ff00ff00ff00ff00ff00ff00ff00ff00ff00ff00ff00ff00ff00ff00ff00ff00ff00ff00ff00ff00ff00ff00ff
00ff00ff00ff00ff00ff00ff00ff00ff00ff00ff00ff00ff00ff00ff00ff00ff00ff00ff00ff00ff00ff00ff00ff00ff00ff00ff00ff00ff00ff00ff00ff00ff
00ff00ff00ff00ff00ff00ff00ff00ff00ff00ff00ff00ff00ff00ff00ff00ff00ff00ff00ff00ff00ff00ff00ff00ff00ff00ff00ff00ff00ff00ff00ff00ff
00ff00ff00ff00ff00ff00ff00ff00ff00ff00ff00ff00ff00ff00ff00ff00ff00ff00ff00ff00ff00ff00ff00ff00ff00ff00ff00ff00ff00ff00ff00ff00ff
00ff00ff00ff00ff00ff00ff00ff00ff00ff00ff00ff00ff00ff00ff00ff00ff00ff00ff00ff00ff00ff00ff00ff00ff00ff00ff00ff00ff00ff00ff00ff00ff
00ff00ff00ff00ff00ff00ff00ff00ff00ff00ff00ff00ff00ff00ff00ff00ff00ff00ff00ff00ff00ff00ff00ff00ff00ff00ff00ff00ff00ff00ff00ff00ff
00ff00ff00ff00ff00ff00ff00ff00ff00ff00ff00ff00ff00ff00ff00ff00ff00ff00ff00ff00ff00ff00ff00ff00ff00ff00ff00ff00ff00ff00ff00ff00ff
00ff00ff00ff00ff00ff00ff00ff00ff00ff00ff00ff00ff00ff00ff00ff00ff00ff00ff00ff00ff00ff00ff00ff00ff00ff00ff00ff00ff00ff00ff00ff00ff
00ff00ff00ff00ff00ff00ff00ff00ff00ff00ff00ff00ff00ff00ff00ff00ff00ff00ff00ff00ff00ff00ff00ff00ff00ff00ff00ff00ff00ff00ff00ff00ff
00ff00ff00ff00ff00ff00ff00ff00ff00ff00ff00ff00ff00ff00ff00ff00ff00ff00ff00ff00ff00ff00ff00ff00ff00ff00ff00ff00ff00ff00ff00ff00ff
00ff00ff00ff00ff00ff00ff00ff00ff00ff00ff00ff00ff00ff00ff00ff00ff00ff00ff00ff00ff00ff00ff00ff00ff00ff00ff00ff00ff00ff00ff00ff00ff
00ff00ff00ff00ff00ff00ff00ff00ff00ff00ff00ff00ff00ff00ff00ff00ff00ff00ff00ff00ff00ff00ff00ff00ff00ff00ff00ff00ff00ff00ff00ff00ff
00ff00ff00ff00ff00ff00ff00ff00ff00ff00ff00ff00ff00ff00ff00ff00ff00ff00ff00ff00ff00ff00ff00ff00ff00ff00ff00ff00ff00ff00ff00ff00ff
00ff00ff00ff00ff00ff00ff00ff00ff00ff00ff00ff00ff00ff00ff00ff00ff00ff00ff00ff00ff00ff00ff00ff00ff00ff00ff00ff00ff00ff00ff00ff00ff
00ff00ff00ff00ff00ff00ff00ff00ff00ff00ff00ff00ff00ff00ff00ff00ff00ff00ff00ff00ff00ff00ff00ff00ff00ff00ff00ff00ff00ff00ff00ff00ff
00ff00ff00ff00ff00ff00ff00ff00ff00ff00ff00ff00ff00ff00ff00ff00ff00ff00ff00ff00ff00ff00ff00ff00ff00ff00ff00ff00ff00ff00ff00ff00ff
00ff00ff00ff00ff00ff00ff00ff00ff00ff00ff00ff00ff00ff00ff00ff00ff00ff00ff00ff00ff00ff00ff00ff00ff00ff00ff00ff00ff00ff00ff00ff00ff
00ff00ff00ff00ff00ff00ff00ff00ff00ff00ff00ff00ff00ff00ff00ff00ff00ff00ff00ff00ff00ff00ff00ff00ff00ff00ff00ff00ff00ff00ff00ff00ff
00ff00ff00ff00ff00ff00ff00ff00ff00ff00ff00ff00ff00ff00ff00ff00ff00ff00ff00ff00ff00ff00ff00ff00ff00ff00ff00ff00ff00ff00ff00ff00ff
00ff00ff00ff00ff00ff00ff00ff00ff00ff00ff00ff00ff00ff00ff00ff00ff00ff00ff00ff00ff00ff00ff00ff00ff00ff00ff00ff00ff00ff00ff00ff00ff
00ff00ff00ff00ff00ff00ff00ff00ff00ff00ff00ff00ff00ff00ff00ff00ff00ff00ff00ff00ff00ff00ff00ff00ff00ff00ff00ff00ff00ff00ff00ff00ff
00ff00ff00ff00ff00ff00ff00ff00ff00ff00ff00ff00ff00ff00ff00ff00ff00ff00ff00ff00ff00ff00ff00ff00ff00ff00ff00ff00ff00ff00ff00ff00ff
00ff00ff00ff00ff00ff00ff00ff00ff00ff00ff00ff00ff00ff00ff00ff00ff00ff00ff00ff00ff00ff00ff00ff00ff00ff00ff00ff00ff00ff00ff00ff00ff
00ff00ff00ff00ff00ff00ff00ff00ff00ff00ff00ff00ff00ff00ff00ff00ff00ff00ff00ff00ff00ff00ff00ff00ff00ff00ff00ff00ff00ff00ff00ff00ff
00ff00ff00ff00ff00ff00ff00ff00ff00ff00ff00ff00ff00ff00ff00ff00ff00ff00ff00ff00ff00ff00ff00ff00ff00ff00ff00ff00ff00ff00ff00ff00ff
00ff00ff00ff00ff00ff00ff00ff00ff00ff00ff00ff00ff00ff00ff00ff00ff00ff00ff00ff00ff00ff00ff00ff00ff00ff00ff00ff00ff00ff00ff00ff00ff
00ff00ff00ff00ff00ff00ff00ff00ff00ff00ff00ff00ff00ff00ff00ff00ff00ff00ff00ff00ff00ff00ff00ff00ff00ff00ff00ff00ff00ff00ff00ff00ff
00ff00ff00ff00ff00ff00ff00ff00ff00ff00ff00ff00ff00ff00ff00ff00ff00ff00ff00ff00ff00ff00ff00ff00ff00ff00ff00ff00ff00ff00ff00ff00ff
00ff00ff00ff00ff00ff00ff00ff00ff00ff00ff00ff00ff00ff00ff00ff00ff00ff00ff00ff00ff00ff00ff00ff00ff00ff00ff00ff00ff00ff00ff00ff00ff
00ff00ff00ff00ff00ff00ff00ff00ff00ff00ff00ff00ff00ff00ff00ff00ff00ff00ff00ff00ff00ff00ff00ff00ff00ff00ff00ff00ff00ff00ff00ff00ff
00ff00ff00ff00ff00ff00ff00ff00ff00ff00ff00ff00ff00ff00ff00ff00ff00ff00ff00ff00ff00ff00ff00ff00ff00ff00ff00ff00ff00ff00ff00ff00ff
00ff00ff00ff00ff00ff00ff00ff00ff00ff00ff00ff00ff00ff00ff00ff00ff00ff00ff00ff00ff00ff00ff00ff00ff00ff00ff00ff00ff00ff00ff00ff00ff
0120011f011e011d011c011b011a0119011801170116011501140113011201110110010f010e010d010c010b010a010901080107010601050104010301020101
0140013f013e013d013c013b013a0139013801370136013501340133013201310130012f012e012d012c012b012a012901280127012601250124012301220121
0160015f015e015d015c015b015a0159015801570156015501540153015201510150014f014e014d014c014b014a014901480147014601450144014301420141
0180017f017e017d017c017b017a0179017801770176017501740173017201710170016f016e016d016c016b016a016901680167016601650164016301620161
01a0019f019e019d019c019b019a0199019801970196019501940193019201910190018f018e018d018c018b018a018901880187018601850184018301820181
01c001bf01be01bd01bc01bb01ba01b901b801b701b601b501b401b301b201b101b001af01ae01ad01ac01ab01aa01a901a801a701a601a501a401a301a201a1
01e001df01de01dd01dc01db01da01d901d801d701d601d501d401d301d201d101d001cf01ce01cd01cc01cb01ca01c901c801c701c601c501c401c301c201c1
000001ff01fe01fd01fc01fb01fa01f901f801f701f601f501f401f301f201f101f001ef01ee01ed01ec01eb01ea01e901e801e701e601e501e401e301e201e1
0020001f001e001d001c001b001a0019001800170016001500140013001200110010000f000e000d000c000b000a000900080007000600050004000300020001
0040003f003e003d003c003b003a0039003800370036003500340033003200310030002f002e002d002c002b002a002900280027002600250024002300220021
0060005f005e005d005c005b005a0059005800570056005500540053005200510050004f004e004d004c004b004a004900480047004600450044004300420041
0080007f007e007d007c007b007a0079007800770076007500740073007200710070006f006e006d006c006b006a006900680067006600650064006300620061
00a0009f009e009d009c009b009a0099009800970096009500940093009200910090008f008e008d008c008b008a008900880087008600850084008300820081
00c000bf00be00bd00bc00bb00ba00b900b800b700b600b500b400b300b200b100b000af00ae00ad00ac00ab00aa00a900a800a700a600a500a400a300a200a1
00e000df00de00dd00dc00db00da00d900d800d700d600d500d400d300d200d100d000cf00ce00cd00cc00cb00ca00c900c800c700c600c500c400c300c200c1
010100ff00fe00fd00fc00fb00fa00f900f800f700f600f500f400f300f200f100f000ef00ee00ed00ec00eb00ea00e900e800e700e600e500e400e300e200e1
01210120011f011e011d011c011b011a0119011801170116011501140113011201110110010f010e010d010c010b010a01090108010701060105010401030102
01410140013f013e013d013c013b013a0139013801370136013501340133013201310130012f012e012d012c012b012a01290128012701260125012401230122
01610160015f015e015d015c015b015a0159015801570156015501540153015201510150014f014e014d014c014b014a01490148014701460145014401430142
01810180017f017e017d017c017b017a0179017801770176017501740173017201710170016f016e016d016c016b016a01690168016701660165016401630162
01a101a0019f019e019d019c019b019a0199019801970196019501940193019201910190018f018e018d018c018b018a01890188018701860185018401830182
01c101c001bf01be01bd01bc01bb01ba01b901b801b701b601b501b401b301b201b101b001af01ae01ad01ac01ab01aa01a901a801a701a601a501a401a301a2
01e101e001df01de01dd01dc01db01da01d901d801d701d601d501d401d301d201d101d001cf01ce01cd01cc01cb01ca01c901c801c701c601c501c401c301c2
0001000001ff01fe01fd01fc01fb01fa01f901f801f701f601f501f401f301f201f101f001ef01ee01ed01ec01eb01ea01e901e801e701e601e501e401e301e2
00210020001f001e001d001c001b001a0019001800170016001500140013001200110010000f000e000d000c000b000a00090008000700060005000400030002
00410040003f003e003d003c003b003a0039003800370036003500340033003200310030002f002e002d002c002b002a00290028002700260025002400230022
00610060005f005e005d005c005b005a0059005800570056005500540053005200510050004f004e004d004c004b004a00490048004700460045004400430042
00810080007f007e007d007c007b007a0079007800770076007500740073007200710070006f006e006d006c006b006a00690068006700660065006400630062
00a100a0009f009e009d009c009b009a0099009800970096009500940093009200910090008f008e008d008c008b008a00890088008700860085008400830082
00c100c000bf00be00bd00bc00bb00ba00b900b800b700b600b500b400b300b200b100b000af00ae00ad00ac00ab00aa00a900a800a700a600a500a400a300a2
00e100e000df00de00dd00dc00db00da00d900d800d700d600d500d400d300d200d100d000cf00ce00cd00cc00cb00ca00c900c800c700c600c500c400c300c2
0102010100ff00fe00fd00fc00fb00fa00f900f800f700f600f500f400f300f200f100f000ef00ee00ed00ec00eb00ea00e900e800e700e600e500e400e300e2
