00000000000000000000000000000000
00000000000000000000000000000000
00000000000000000000000000000000
00000000000000000000000000000000
00000000000000000000000000000000
00000000000000000000000000000000
00000000000000000000000000000000
00000000000000000000000000000000
00000000000000000000000000000000
00000000000000000000000000000000
00000000000000000000000000000000
00000000000000000000000000000000
00000000000000000000000000000000
00000000000000000000000000000000
00000000000000000000000000000000
00000000000000000000000000000000
00000000000000000000000000000000
00000000000000000000000000000000
00000000000000000000000000000000
00000000000000000000000000000000
00000000000000000000000000000000
00000000000000000000000000000000
00000000000000000000000000000000
00000000000000000000000000000000
00000000000000000000000000000000
00000000000000000000000000000000
00000000000000000000000000000000
00000000000000000000000000000000
00000000000000000000000000000000
00000000000000000000000000000000
00000000000000000000000000000000
00000000000000000000000000000000
00000000000000000000000000000000
00000000000000000000000000000000
00000000000000000000000000000000
00000000000000000000000000000000
00000000000000000000000000000000
00000000000000000000000000000000
00000000000000000000000000000000
00000000000000000000000000000000
00000000000000000000000000000000
00000000000000000000000000000000
00000000000000000000000000000000
00000000000000000000000000000000
00000000000000000000000000000000
00000000000000000000000000000000
00000000000000000000000000000000
00000000000000000000000000000000
00000000000000000000000000000000
00000000000000000000000000000000
00000000000000000000000000000000
00000000000000000000000000000000
00000000000000000000000000000000
00000000000000000000000000000000
00000000000000000000000000000000
00000000000000000000000000000000
00000000000000000000000000000000
00000000000000000000000000000000
00000000000000000000000000000000
00000000000000000000000000000000
00000000000000000000000000000000
00000000000000000000000000000000
00000000000000000000000000000000
00000000000000000000000000000000
00000000000000000000000000000000
00000000000000000000000000000000
00000000000000000000000000000000
00000000000000000000000000000000
00000000000000000000000000000000
00000000000000000000000000000000
00000000000000000000000000000000
00000000000000000000000000000000
00000000000000000000000000000000
00000000000000000000000000000000
00000000000000000000000000000000
00000000000000000000000000000000
00000000000000000000000000000000
00000000000000000000000000000000
00000000000000000000000000000000
00000000000000000000000000000000
00000000000000000000000000000000
00000000000000000000000000000000
00000000000000000000000000000000
00000000000000000000000000000000
00000000000000000000000000000000
00000000000000000000000000000000
00000000000000000000000000000000
00000000000000000000000000000000
00000000000000000000000000000000
00000000000000000000000000000000
00000000000000000000000000000000
00000000000000000000000000000000
00000000000000000000000000000000
00000000000000000000000000000000
00000000000000000000000000000000
00000000000000000000000000000000
00000000000000000000000000000000
00000000000000000000000000000000
00000000000000000000000000000000
00000000000000000000000000000000
00000000000000000000000000000000
00000000000000000000000000000000
00000000000000000000000000000000
00000000000000000000000000000000
00000000000000000000000000000000
00000000000000000000000000000000
00000000000000000000000000000000
00000000000000000000000000000000
00000000000000000000000000000000
00000000000000000000000000000000
00000000000000000000000000000000
00000000000000000000000000000000
00000000000000000000000000000000
00000000000000000000000000000000
00000000000000000000000000000000
00000000000000000000000000000000
00000000000000000000000000000000
00000000000000000000000000000000
00000000000000000000000000000000
00000000000000000000000000000000
00000000000000000000000000000000
00000000000000000000000000000000
00000000000000000000000000000000
00000000000000000000000000000000
00000000000000000000000000000000
00000000000000000000000000000000
00000000000000000000000000000000
00000000000000000000000000000000
02010201020102010201020102010201
02010201020102010201020102010201
02010201020102010201020102010201
02010201020102010201020102010201
02010201020102010201020102010201
02010201020102010201020102010201
02010201020102010201020102010201
02010201020102010201020102010201
02010201020102010201020102010201
02010201020102010201020102010201
02010201020102010201020102010201
02010201020102010201020102010201
02010201020102010201020102010201
02010201020102010201020102010201
02010201020102010201020102010201
02010201020102010201020102010201
02010201020102010201020102010201
02010201020102010201020102010201
02010201020102010201020102010201
02010201020102010201020102010201
02010201020102010201020102010201
02010201020102010201020102010201
02010201020102010201020102010201
02010201020102010201020102010201
02010201020102010201020102010201
02010201020102010201020102010201
02010201020102010201020102010201
02010201020102010201020102010201
02010201020102010201020102010201
02010201020102010201020102010201
02010201020102010201020102010201
02010201020102010201020102010201
02010201020102010201020102010201
02010201020102010201020102010201
02010201020102010201020102010201
02010201020102010201020102010201
02010201020102010201020102010201
02010201020102010201020102010201
02010201020102010201020102010201
02010201020102010201020102010201
02010201020102010201020102010201
02010201020102010201020102010201
02010201020102010201020102010201
02010201020102010201020102010201
02010201020102010201020102010201
02010201020102010201020102010201
02010201020102010201020102010201
02010201020102010201020102010201
02010201020102010201020102010201
02010201020102010201020102010201
02010201020102010201020102010201
02010201020102010201020102010201
02010201020102010201020102010201
02010201020102010201020102010201
02010201020102010201020102010201
02010201020102010201020102010201
02010201020102010201020102010201
02010201020102010201020102010201
02010201020102010201020102010201
02010201020102010201020102010201
02010201020102010201020102010201
02010201020102010201020102010201
02010201020102010201020102010201
02010201020102010201020102010201
02010201020102010201020102010201
02010201020102010201020102010201
02010201020102010201020102010201
02010201020102010201020102010201
02010201020102010201020102010201
02010201020102010201020102010201
02010201020102010201020102010201
02010201020102010201020102010201
02010201020102010201020102010201
02010201020102010201020102010201
02010201020102010201020102010201
02010201020102010201020102010201
02010201020102010201020102010201
02010201020102010201020102010201
02010201020102010201020102010201
02010201020102010201020102010201
02010201020102010201020102010201
02010201020102010201020102010201
02010201020102010201020102010201
02010201020102010201020102010201
02010201020102010201020102010201
02010201020102010201020102010201
02010201020102010201020102010201
02010201020102010201020102010201
02010201020102010201020102010201
02010201020102010201020102010201
02010201020102010201020102010201
02010201020102010201020102010201
02010201020102010201020102010201
02010201020102010201020102010201
02010201020102010201020102010201
02010201020102010201020102010201
02010201020102010201020102010201
02010201020102010201020102010201
02010201020102010201020102010201
02010201020102010201020102010201
02010201020102010201020102010201
02010201020102010201020102010201
02010201020102010201020102010201
02010201020102010201020102010201
02010201020102010201020102010201
02010201020102010201020102010201
02010201020102010201020102010201
02010201020102010201020102010201
02010201020102010201020102010201
02010201020102010201020102010201
02010201020102010201020102010201
02010201020102010201020102010201
02010201020102010201020102010201
02010201020102010201020102010201
02010201020102010201020102010201
02010201020102010201020102010201
02010201020102010201020102010201
02010201020102010201020102010201
02010201020102010201020102010201
02010201020102010201020102010201
02010201020102010201020102010201
02010201020102010201020102010201
02010201020102010201020102010201
02010201020102010201020102010201
02010201020102010201020102010201
02010201020102010201020102010201
02010201020102010201020102010201
02010201020102010201020102010201
01ff01ff01ff01ff01ff01ff01ff01ff
01ff01ff01ff01ff01ff01ff01ff01ff
01ff01ff01ff01ff01ff01ff01ff01ff
01ff01ff01ff01ff01ff01ff01ff01ff
01ff01ff01ff01ff01ff01ff01ff01ff
01ff01ff01ff01ff01ff01ff01ff01ff
01ff01ff01ff01ff01ff01ff01ff01ff
01ff01ff01ff01ff01ff01ff01ff01ff
01ff01ff01ff01ff01ff01ff01ff01ff
01ff01ff01ff01ff01ff01ff01ff01ff
01ff01ff01ff01ff01ff01ff01ff01ff
01ff01ff01ff01ff01ff01ff01ff01ff
01ff01ff01ff01ff01ff01ff01ff01ff
01ff01ff01ff01ff01ff01ff01ff01ff
01ff01ff01ff01ff01ff01ff01ff01ff
01ff01ff01ff01ff01ff01ff01ff01ff
01ff01ff01ff01ff01ff01ff01ff01ff
01ff01ff01ff01ff01ff01ff01ff01ff
01ff01ff01ff01ff01ff01ff01ff01ff
01ff01ff01ff01ff01ff01ff01ff01ff
01ff01ff01ff01ff01ff01ff01ff01ff
01ff01ff01ff01ff01ff01ff01ff01ff
01ff01ff01ff01ff01ff01ff01ff01ff
01ff01ff01ff01ff01ff01ff01ff01ff
01ff01ff01ff01ff01ff01ff01ff01ff
01ff01ff01ff01ff01ff01ff01ff01ff
01ff01ff01ff01ff01ff01ff01ff01ff
01ff01ff01ff01ff01ff01ff01ff01ff
01ff01ff01ff01ff01ff01ff01ff01ff
01ff01ff01ff01ff01ff01ff01ff01ff
01ff01ff01ff01ff01ff01ff01ff01ff
01ff01ff01ff01ff01ff01ff01ff01ff
01ff01ff01ff01ff01ff01ff01ff01ff
01ff01ff01ff01ff01ff01ff01ff01ff
01ff01ff01ff01ff01ff01ff01ff01ff
01ff01ff01ff01ff01ff01ff01ff01ff
01ff01ff01ff01ff01ff01ff01ff01ff
01ff01ff01ff01ff01ff01ff01ff01ff
01ff01ff01ff01ff01ff01ff01ff01ff
01ff01ff01ff01ff01ff01ff01ff01ff
01ff01ff01ff01ff01ff01ff01ff01ff
01ff01ff01ff01ff01ff01ff01ff01ff
01ff01ff01ff01ff01ff01ff01ff01ff
01ff01ff01ff01ff01ff01ff01ff01ff
01ff01ff01ff01ff01ff01ff01ff01ff
01ff01ff01ff01ff01ff01ff01ff01ff
01ff01ff01ff01ff01ff01ff01ff01ff
01ff01ff01ff01ff01ff01ff01ff01ff
01ff01ff01ff01ff01ff01ff01ff01ff
01ff01ff01ff01ff01ff01ff01ff01ff
01ff01ff01ff01ff01ff01ff01ff01ff
01ff01ff01ff01ff01ff01ff01ff01ff
01ff01ff01ff01ff01ff01ff01ff01ff
01ff01ff01ff01ff01ff01ff01ff01ff
01ff01ff01ff01ff01ff01ff01ff01ff
01ff01ff01ff01ff01ff01ff01ff01ff
01ff01ff01ff01ff01ff01ff01ff01ff
01ff01ff01ff01ff01ff01ff01ff01ff
01ff01ff01ff01ff01ff01ff01ff01ff
01ff01ff01ff01ff01ff01ff01ff01ff
01ff01ff01ff01ff01ff01ff01ff01ff
01ff01ff01ff01ff01ff01ff01ff01ff
01ff01ff01ff01ff01ff01ff01ff01ff
01ff01ff01ff01ff01ff01ff01ff01ff
01ff01ff01ff01ff01ff01ff01ff01ff
01ff01ff01ff01ff01ff01ff01ff01ff
01ff01ff01ff01ff01ff01ff01ff01ff
01ff01ff01ff01ff01ff01ff01ff01ff
01ff01ff01ff01ff01ff01ff01ff01ff
01ff01ff01ff01ff01ff01ff01ff01ff
01ff01ff01ff01ff01ff01ff01ff01ff
01ff01ff01ff01ff01ff01ff01ff01ff
01ff01ff01ff01ff01ff01ff01ff01ff
01ff01ff01ff01ff01ff01ff01ff01ff
01ff01ff01ff01ff01ff01ff01ff01ff
01ff01ff01ff01ff01ff01ff01ff01ff
01ff01ff01ff01ff01ff01ff01ff01ff
01ff01ff01ff01ff01ff01ff01ff01ff
01ff01ff01ff01ff01ff01ff01ff01ff
01ff01ff01ff01ff01ff01ff01ff01ff
01ff01ff01ff01ff01ff01ff01ff01ff
01ff01ff01ff01ff01ff01ff01ff01ff
01ff01ff01ff01ff01ff01ff01ff01ff
01ff01ff01ff01ff01ff01ff01ff01ff
01ff01ff01ff01ff01ff01ff01ff01ff
01ff01ff01ff01ff01ff01ff01ff01ff
01ff01ff01ff01ff01ff01ff01ff01ff
01ff01ff01ff01ff01ff01ff01ff01ff
01ff01ff01ff01ff01ff01ff01ff01ff
01ff01ff01ff01ff01ff01ff01ff01ff
01ff01ff01ff01ff01ff01ff01ff01ff
01ff01ff01ff01ff01ff01ff01ff01ff
01ff01ff01ff01ff01ff01ff01ff01ff
01ff01ff01ff01ff01ff01ff01ff01ff
01ff01ff01ff01ff01ff01ff01ff01ff
01ff01ff01ff01ff01ff01ff01ff01ff
01ff01ff01ff01ff01ff01ff01ff01ff
01ff01ff01ff01ff01ff01ff01ff01ff
01ff01ff01ff01ff01ff01ff01ff01ff
01ff01ff01ff01ff01ff01ff01ff01ff
01ff01ff01ff01ff01ff01ff01ff01ff
01ff01ff01ff01ff01ff01ff01ff01ff
01ff01ff01ff01ff01ff01ff01ff01ff
01ff01ff01ff01ff01ff01ff01ff01ff
01ff01ff01ff01ff01ff01ff01ff01ff
01ff01ff01ff01ff01ff01ff01ff01ff
01ff01ff01ff01ff01ff01ff01ff01ff
01ff01ff01ff01ff01ff01ff01ff01ff
01ff01ff01ff01ff01ff01ff01ff01ff
01ff01ff01ff01ff01ff01ff01ff01ff
01ff01ff01ff01ff01ff01ff01ff01ff
01ff01ff01ff01ff01ff01ff01ff01ff
01ff01ff01ff01ff01ff01ff01ff01ff
01ff01ff01ff01ff01ff01ff01ff01ff
01ff01ff01ff01ff01ff01ff01ff01ff
01ff01ff01ff01ff01ff01ff01ff01ff
01ff01ff01ff01ff01ff01ff01ff01ff
01ff01ff01ff01ff01ff01ff01ff01ff
01ff01ff01ff01ff01ff01ff01ff01ff
01ff01ff01ff01ff01ff01ff01ff01ff
01ff01ff01ff01ff01ff01ff01ff01ff
01ff01ff01ff01ff01ff01ff01ff01ff
01ff01ff01ff01ff01ff01ff01ff01ff
01ff01ff01ff01ff01ff01ff01ff01ff
01ff01ff01ff01ff01ff01ff01ff01ff
01ff01ff01ff01ff01ff01ff01ff01ff
01ff01ff01ff01ff01ff01ff01ff01ff
01ff01ff01ff01ff01ff01ff01ff01ff
01ff020101ff020101ff020101ff0201
01ff020101ff020101ff020101ff0201
01ff020101ff020101ff020101ff0201
01ff020101ff020101ff020101ff0201
01ff020101ff020101ff020101ff0201
01ff020101ff020101ff020101ff0201
01ff020101ff020101ff020101ff0201
01ff020101ff020101ff020101ff0201
01ff020101ff020101ff020101ff0201
01ff020101ff020101ff020101ff0201
01ff020101ff020101ff020101ff0201
01ff020101ff020101ff020101ff0201
01ff020101ff020101ff020101ff0201
01ff020101ff020101ff020101ff0201
01ff020101ff020101ff020101ff0201
01ff020101ff020101ff020101ff0201
01ff020101ff020101ff020101ff0201
01ff020101ff020101ff020101ff0201
01ff020101ff020101ff020101ff0201
01ff020101ff020101ff020101ff0201
01ff020101ff020101ff020101ff0201
01ff020101ff020101ff020101ff0201
01ff020101ff020101ff020101ff0201
01ff020101ff020101ff020101ff0201
01ff020101ff020101ff020101ff0201
01ff020101ff020101ff020101ff0201
01ff020101ff020101ff020101ff0201
01ff020101ff020101ff020101ff0201
01ff020101ff020101ff020101ff0201
01ff020101ff020101ff020101ff0201
01ff020101ff020101ff020101ff0201
01ff020101ff020101ff020101ff0201
01ff020101ff020101ff020101ff0201
01ff020101ff020101ff020101ff0201
01ff020101ff020101ff020101ff0201
01ff020101ff020101ff020101ff0201
01ff020101ff020101ff020101ff0201
01ff020101ff020101ff020101ff0201
01ff020101ff020101ff020101ff0201
01ff020101ff020101ff020101ff0201
01ff020101ff020101ff020101ff0201
01ff020101ff020101ff020101ff0201
01ff020101ff020101ff020101ff0201
01ff020101ff020101ff020101ff0201
01ff020101ff020101ff020101ff0201
01ff020101ff020101ff020101ff0201
01ff020101ff020101ff020101ff0201
01ff020101ff020101ff020101ff0201
01ff020101ff020101ff020101ff0201
01ff020101ff020101ff020101ff0201
01ff020101ff020101ff020101ff0201
01ff020101ff020101ff020101ff0201
01ff020101ff020101ff020101ff0201
01ff020101ff020101ff020101ff0201
01ff020101ff020101ff020101ff0201
01ff020101ff020101ff020101ff0201
01ff020101ff020101ff020101ff0201
01ff020101ff020101ff020101ff0201
01ff020101ff020101ff020101ff0201
01ff020101ff020101ff020101ff0201
01ff020101ff020101ff020101ff0201
01ff020101ff020101ff020101ff0201
01ff020101ff020101ff020101ff0201
01ff020101ff020101ff020101ff0201
01ff020101ff020101ff020101ff0201
01ff020101ff020101ff020101ff0201
01ff020101ff020101ff020101ff0201
01ff020101ff020101ff020101ff0201
01ff020101ff020101ff020101ff0201
01ff020101ff020101ff020101ff0201
01ff020101ff020101ff020101ff0201
01ff020101ff020101ff020101ff0201
01ff020101ff020101ff020101ff0201
01ff020101ff020101ff020101ff0201
01ff020101ff020101ff020101ff0201
01ff020101ff020101ff020101ff0201
01ff020101ff020101ff020101ff0201
01ff020101ff020101ff020101ff0201
01ff020101ff020101ff020101ff0201
01ff020101ff020101ff020101ff0201
01ff020101ff020101ff020101ff0201
01ff020101ff020101ff020101ff0201
01ff020101ff020101ff020101ff0201
01ff020101ff020101ff020101ff0201
01ff020101ff020101ff020101ff0201
01ff020101ff020101ff020101ff0201
01ff020101ff020101ff020101ff0201
01ff020101ff020101ff020101ff0201
01ff020101ff020101ff020101ff0201
01ff020101ff020101ff020101ff0201
01ff020101ff020101ff020101ff0201
01ff020101ff020101ff020101ff0201
01ff020101ff020101ff020101ff0201
01ff020101ff020101ff020101ff0201
01ff020101ff020101ff020101ff0201
01ff020101ff020101ff020101ff0201
01ff020101ff020101ff020101ff0201
01ff020101ff020101ff020101ff0201
01ff020101ff020101ff020101ff0201
01ff020101ff020101ff020101ff0201
01ff020101ff020101ff020101ff0201
01ff020101ff020101ff020101ff0201
01ff020101ff020101ff020101ff0201
01ff020101ff020101ff020101ff0201
01ff020101ff020101ff020101ff0201
01ff020101ff020101ff020101ff0201
01ff020101ff020101ff020101ff0201
01ff020101ff020101ff020101ff0201
01ff020101ff020101ff020101ff0201
01ff020101ff020101ff020101ff0201
01ff020101ff020101ff020101ff0201
01ff020101ff020101ff020101ff0201
01ff020101ff020101ff020101ff0201
01ff020101ff020101ff020101ff0201
01ff020101ff020101ff020101ff0201
01ff020101ff020101ff020101ff0201
01ff020101ff020101ff020101ff0201
01ff020101ff020101ff020101ff0201
01ff020101ff020101ff020101ff0201
01ff020101ff020101ff020101ff0201
01ff020101ff020101ff020101ff0201
01ff020101ff020101ff020101ff0201
01ff020101ff020101ff020101ff0201
01ff020101ff020101ff020101ff0201
01ff020101ff020101ff020101ff0201
01ff020101ff020101ff020101ff0201
01ff020101ff020101ff020101ff0201
01ff020101ff020101ff020101ff0201
00000000000000000000000000000001
00000000000000000000000000000000
00000000000000000000000000000000
00000000000000000000000000000000
00000000000000000000000000000000
00000000000000000000000000000000
00000000000000000000000000000000
00000000000000000000000000000000
00000000000000000000000000000000
00000000000000000000000000000000
00000000000000000000000000000000
00000000000000000000000000000000
00000000000000000000000000000000
00000000000000000000000000000000
00000000000000000000000000000000
00000000000000000000000000000000
00000000000000000000000000000000
00000000000000000000000000000000
00000000000000000000000000000000
00000000000000000000000000000000
00000000000000000000000000000000
00000000000000000000000000000000
00000000000000000000000000000000
00000000000000000000000000000000
00000000000000000000000000000000
00000000000000000000000000000000
00000000000000000000000000000000
00000000000000000000000000000000
00000000000000000000000000000000
00000000000000000000000000000000
00000000000000000000000000000000
00000000000000000000000000000000
00000000000000000000000000000000
00000000000000000000000000000000
00000000000000000000000000000000
00000000000000000000000000000000
00000000000000000000000000000000
00000000000000000000000000000000
00000000000000000000000000000000
00000000000000000000000000000000
00000000000000000000000000000000
00000000000000000000000000000000
00000000000000000000000000000000
00000000000000000000000000000000
00000000000000000000000000000000
00000000000000000000000000000000
00000000000000000000000000000000
00000000000000000000000000000000
00000000000000000000000000000000
00000000000000000000000000000000
00000000000000000000000000000000
00000000000000000000000000000000
00000000000000000000000000000000
00000000000000000000000000000000
00000000000000000000000000000000
00000000000000000000000000000000
00000000000000000000000000000000
00000000000000000000000000000000
00000000000000000000000000000000
00000000000000000000000000000000
00000000000000000000000000000000
00000000000000000000000000000000
00000000000000000000000000000000
00000000000000000000000000000000
00000000000000000000000000000000
00000000000000000000000000000000
00000000000000000000000000000000
00000000000000000000000000000000
00000000000000000000000000000000
00000000000000000000000000000000
00000000000000000000000000000000
00000000000000000000000000000000
00000000000000000000000000000000
00000000000000000000000000000000
00000000000000000000000000000000
00000000000000000000000000000000
00000000000000000000000000000000
00000000000000000000000000000000
00000000000000000000000000000000
00000000000000000000000000000000
00000000000000000000000000000000
00000000000000000000000000000000
00000000000000000000000000000000
00000000000000000000000000000000
00000000000000000000000000000000
00000000000000000000000000000000
00000000000000000000000000000000
00000000000000000000000000000000
00000000000000000000000000000000
00000000000000000000000000000000
00000000000000000000000000000000
00000000000000000000000000000000
00000000000000000000000000000000
00000000000000000000000000000000
00000000000000000000000000000000
00000000000000000000000000000000
00000000000000000000000000000000
00000000000000000000000000000000
00000000000000000000000000000000
00000000000000000000000000000000
00000000000000000000000000000000
00000000000000000000000000000000
00000000000000000000000000000000
00000000000000000000000000000000
00000000000000000000000000000000
00000000000000000000000000000000
00000000000000000000000000000000
00000000000000000000000000000000
00000000000000000000000000000000
00000000000000000000000000000000
00000000000000000000000000000000
00000000000000000000000000000000
00000000000000000000000000000000
00000000000000000000000000000000
00000000000000000000000000000000
00000000000000000000000000000000
00000000000000000000000000000000
00000000000000000000000000000000
00000000000000000000000000000000
00000000000000000000000000000000
00000000000000000000000000000000
00000000000000000000000000000000
00000000000000000000000000000000
00000000000000000000000000000000
00000000000000000000000000000000
00000000000000000000000000000000
00000000000000000000000000000000
00000000000000000000000000000000
00000000000003ff0000000000000000
00000000000000000000000000000000
00000000000000000000000000000000
00000000000000000000000000000000
00000000000000000000000000000000
00000000000000000000000000000000
00000000000000000000000000000000
00000000000000000000000000000000
00000000000000000000000000000000
00000000000000000000000000000000
00000000000000000000000000000000
00000000000000000000000000000000
00000000000000000000000000000000
00000000000000000000000000000000
00000000000000000000000000000000
00000000000000000000000000000000
00000000000000000000000000000000
00000000000000000000000000000000
00000000000000000000000000000000
00000000000000000000000000000000
00000000000000000000000000000000
00000000000000000000000000000000
00000000000000000000000000000000
00000000000000000000000000000000
00000000000000000000000000000000
00000000000000000000000000000000
00000000000000000000000000000000
00000000000000000000000000000000
00000000000000000000000000000000
00000000000000000000000000000000
00000000000000000000000000000000
00000000000000000000000000000000
00000000000000000000000000000000
00000000000000000000000000000000
00000000000000000000000000000000
00000000000000000000000000000000
00000000000000000000000000000000
00000000000000000000000000000000
00000000000000000000000000000000
00000000000000000000000000000000
00000000000000000000000000000000
00000000000000000000000000000000
00000000000000000000000000000000
00000000000000000000000000000000
00000000000000000000000000000000
00000000000000000000000000000000
00000000000000000000000000000000
00000000000000000000000000000000
00000000000000000000000000000000
00000000000000000000000000000000
00000000000000000000000000000000
00000000000000000000000000000000
00000000000000000000000000000000
00000000000000000000000000000000
00000000000000000000000000000000
00000000000000000000000000000000
00000000000000000000000000000000
00000000000000000000000000000000
00000000000000000000000000000000
00000000000000000000000000000000
00000000000000000000000000000000
00000000000000000000000000000000
00000000000000000000000000000000
00000000000000000000000000000000
00000000000000000000000000000000
00000000000000000000000000000000
00000000000000000000000000000000
00000000000000000000000000000000
00000000000000000000000000000000
00000000000000000000000000000000
00000000000000000000000000000000
00000000000000000000000000000000
00000000000000000000000000000000
00000000000000000000000000000000
00000000000000000000000000000000
00000000000000000000000000000000
00000000000000000000000000000000
00000000000000000000000000000000
00000000000000000000000000000000
00000000000000000000000000000000
00000000000000000000000000000000
00000000000000000000000000000000
00000000000000000000000000000000
00000000000000000000000000000000
00000000000000000000000000000000
00000000000000000000000000000000
00000000000000000000000000000000
00000000000000000000000000000000
00000000000000000000000000000000
00000000000000000000000000000000
00000000000000000000000000000000
00000000000000000000000000000000
00000000000000000000000000000000
00000000000000000000000000000000
00000000000000000000000000000000
00000000000000000000000000000000
00000000000000000000000000000000
00000000000000000000000000000000
00000000000000000000000000000000
00000000000000000000000000000000
00000000000000000000000000000000
00000000000000000000000000000000
00000000000000000000000000000000
00000000000000000000000000000000
00000000000000000000000000000000
00000000000000000000000000000000
00000000000000000000000000000000
00000000000000000000000000000000
00000000000000000000000000000000
00000000000000000000000000000000
00000000000000000000000000000000
00000000000000000000000000000000
00000000000000000000000000000000
00000000000000000000000000000000
00000000000000000000000000000000
00000000000000000000000000000000
00000000000000000000000000000000
00000000000000000000000000000000
00000000000000000000000000000000
00000000000000000000000000000000
00000000000000000000000000000000
00000000000000000000000000000000
00000000000000000000000000000000
00000000000000000000000000000000
00000000000000000000000000000000
00000000000000000000000000000000
00000000000000000000000000000000
00000000000000000000000000000000
00000000000000000000000000000000
00000000000000000000000000000001
00000000000000000000000000000000
00000000000000000000000000000000
00000000000000000000000000000000
00000000000000000000000000000000
00000000000000000000000000000000
00000000000000000000000000000000
00000000000000000000000000000000
00000000000000000000000000000000
00000000000000000000000000000000
00000000000000000000000000000000
00000000000000000000000000000000
00000000000000000000000000000000
00000000000000000000000000000000
00000000000000000000000000000000
00000000000000000000000000000000
00000000000000000000000000000000
00000000000000000000000000000000
00000000000000000000000000000000
00000000000000000000000000000000
00000000000000000000000000000000
00000000000000000000000000000000
00000000000000000000000000000000
00000000000000000000000000000000
00000000000000000000000000000000
00000000000000000000000000000000
00000000000000000000000000000000
00000000000000000000000000000000
00000000000000000000000000000000
00000000000000000000000000000000
00000000000000000000000000000000
00000000000000000000000000000000
00000000000000000000000000000000
00000000000000000000000000000000
00000000000000000000000000000000
00000000000000000000000000000000
00000000000000000000000000000000
00000000000000000000000000000000
00000000000000000000000000000000
00000000000000000000000000000000
00000000000000000000000000000000
00000000000000000000000000000000
00000000000000000000000000000000
00000000000000000000000000000000
00000000000000000000000000000000
00000000000000000000000000000000
00000000000000000000000000000000
00000000000000000000000000000000
00000000000000000000000000000000
00000000000000000000000000000000
00000000000000000000000000000000
00000000000000000000000000000000
00000000000000000000000000000000
00000000000000000000000000000000
00000000000000000000000000000000
00000000000000000000000000000000
00000000000000000000000000000000
00000000000000000000000000000000
00000000000000000000000000000000
00000000000000000000000000000000
00000000000000000000000000000000
00000000000000000000000000000000
00000000000000000000000000000000
00000000000000000000000000000000
00000000000000000000000000000000
00000000000000000000000000000000
00000000000000000000000000000000
00000000000000000000000000000000
00000000000000000000000000000000
00000000000000000000000000000000
00000000000000000000000000000000
00000000000000000000000000000000
00000000000000000000000000000000
00000000000000000000000000000000
00000000000000000000000000000000
00000000000000000000000000000000
00000000000000000000000000000000
00000000000000000000000000000000
00000000000000000000000000000000
00000000000000000000000000000000
00000000000000000000000000000000
00000000000000000000000000000000
00000000000000000000000000000000
00000000000000000000000000000000
00000000000000000000000000000000
00000000000000000000000000000000
00000000000000000000000000000000
00000000000000000000000000000000
00000000000000000000000000000000
00000000000000000000000000000000
00000000000000000000000000000000
00000000000000000000000000000000
00000000000000000000000000000000
00000000000000000000000000000000
00000000000000000000000000000000
00000000000000000000000000000000
00000000000000000000000000000000
00000000000000000000000000000000
00000000000000000000000000000000
00000000000000000000000000000000
00000000000000000000000000000000
00000000000000000000000000000000
00000000000000000000000000000000
00000000000000000000000000000000
00000000000000000000000000000000
00000000000000000000000000000000
00000000000000000000000000000000
00000000000000000000000000000000
00000000000000000000000000000000
00000000000000000000000000000000
00000000000000000000000000000000
00000000000000000000000000000000
00000000000000000000000000000000
00000000000000000000000000000000
00000000000000000000000000000000
00000000000000000000000000000000
00000000000000000000000000000000
00000000000000000000000000000000
00000000000000000000000000000000
00000000000000000000000000000000
00000000000000000000000000000000
00000000000000000000000000000000
00000000000000000000000000000000
00000000000000000000000000000000
00000000000000000000000000000000
00000000000000000000000000000000
00000000000000000000000000000000
00000000000000000000000000000000
00000000000000000000000000000000
00000000000000000000000000000000
00000000000000000000000000000000
00000000000000000000000000000000
00000000000000000000000000000000
00000000000000000000000000000000
00000000000000000000000000000000
00000000000000000000000000000000
00000000000000000000000000000000
00000000000000000000000000000000
00000000000000000000000000000000
00000000000000000000000000000000
00000000000000000000000000000000
00000000000000000000000000000000
00000000000000000000000000000000
00000000000000000000000000000000
00000000000000000000000000000000
00000000000000000000000000000000
00000000000000000000000000000000
00000000000000000000000000000000
00000000000000000000000000000000
00000000000000000000000000000000
00000000000000000000000000000000
00000000000000000000000000000000
00000000000000000000000000000000
00000000000000000000000000000000
00000000000000000000000000000000
00000000000000000000000000000000
00000000000000000000000000000000
00000000000000000000000000000000
00000000000000000000000000000000
00000000000000000000000000000000
00000000000000000000000000000000
00000000000000000000000000000000
00000000000000000000000000000000
00000000000000000000000000000000
00000000000000000000000000000000
00000000000000000000000000000000
00000000000000000000000000000000
00000000000000000000000000000000
00000000000000000000000000000000
00000000000000000000000000000000
00000000000000000000000000000000
00000000000000000000000000000000
00000000000000000000000000000000
00000000000000000000000000000000
00000000000000000000000000000000
00000000000000000000000000000000
00000000000000000000000000000000
00000000000000000000000000000000
00000000000000000000000000000000
00000000000000000000000000000000
00000000000000000000000000000000
00000000000000000000000000000000
00000000000000000000000000000000
00000000000000000000000000000000
00000000000000000000000000000000
00000000000000000000000000000000
00000000000000000000000000000000
00000000000000000000000000000000
00000000000000000000000000000000
00000000000000000000000000000000
00000000000000000000000000000000
00000000000000000000000000000000
00000000000000000000000000000000
00000000000000000000000000000000
00000000000000000000000000000000
00000000000000000000000000000000
00000000000000000000000000000000
00000000000000000000000000000000
00000000000000000000000000000000
00000000000000000000000000000000
00000000000000000000000000000000
00000000000000000000000000000000
00000000000000000000000000000000
00000000000000000000000000000000
00000000000000000000000000000000
00000000000000000000000000000000
00000000000000000000000000000000
00000000000000000000000000000000
00000000000000000000000000000000
00000000000000000000000000000000
00000000000000000000000000000000
00000000000000000000000000000000
00000000000000000000000000000000
00000000000000000000000000000000
00000000000000000000000000000000
00000000000000000000000000000000
00000000000000000000000000000000
00000000000000000000000000000000
00000000000000000000000000000000
00000000000000000000000000000000
00000000000000000000000000000000
00000000000000000000000000000000
00000000000000000000000000000000
00000000000000000000000000000000
00000000000000000000000000000000
00000000000000000000000000000000
00000000000000000000000000000000
00000000000000000000000000000000
00000000000000000000000000000000
00000000000000000000000000000000
00000000000000000000000000000000
00000000000000000000000000000000
00000000000000000000000000000000
00000000000000000000000000000000
00000000000000000000000000000000
00000000000000000000000000000000
00000000000000000000000000000000
00000000000000000000000000000000
00000000000000000000000000000000
00000000000000000000000000000000
00000000000000000000000000000000
00000000000000000000000000000000
00000000000000000000000000000000
00000000000000000000000000000000
00000000000000000000000000000000
00000000000000000000000000000000
00000000000000000000000000000000
00000000000000000000000000000000
00000000000000000000000000000000
00000000000000000000000000000000
00000000000000000000000000000000
00000000000000000000000000000000
00000000000000000000000000000000
00000000000003ff0000000000000000
00000000000000000000000000000000
00000000000000000000000000000000
00000000000000000000000000000000
00000000000000000000000000000000
00000000000000000000000000000000
00000000000000000000000000000000
00000000000000000000000000000000
00000000000000000000000000000000
00000000000000000000000000000000
00000000000000000000000000000000
00000000000000000000000000000000
00000000000000000000000000000000
00000000000000000000000000000000
00000000000000000000000000000000
00000000000000000000000000000000
00000000000000000000000000000000
00000000000000000000000000000000
00000000000000000000000000000000
00000000000000000000000000000000
00000000000000000000000000000000
00000000000000000000000000000000
00000000000000000000000000000000
00000000000000000000000000000000
00000000000000000000000000000000
00000000000000000000000000000000
00000000000000000000000000000000
00000000000000000000000000000000
00000000000000000000000000000000
00000000000000000000000000000000
00000000000000000000000000000000
00000000000000000000000000000000
00000000000000000000000000000000
00000000000000000000000000000000
00000000000000000000000000000000
00000000000000000000000000000000
00000000000000000000000000000000
00000000000000000000000000000000
00000000000000000000000000000000
00000000000000000000000000000000
00000000000000000000000000000000
00000000000000000000000000000000
00000000000000000000000000000000
00000000000000000000000000000000
00000000000000000000000000000000
00000000000000000000000000000000
00000000000000000000000000000000
00000000000000000000000000000000
00000000000000000000000000000000
00000000000000000000000000000000
00000000000000000000000000000000
00000000000000000000000000000000
00000000000000000000000000000000
00000000000000000000000000000000
00000000000000000000000000000000
00000000000000000000000000000000
00000000000000000000000000000000
00000000000000000000000000000000
00000000000000000000000000000000
00000000000000000000000000000000
00000000000000000000000000000000
00000000000000000000000000000000
00000000000000000000000000000000
00000000000000000000000000000000
00000000000000000000000000000000
00000000000000000000000000000000
00000000000000000000000000000000
00000000000000000000000000000000
00000000000000000000000000000000
00000000000000000000000000000000
00000000000000000000000000000000
00000000000000000000000000000000
00000000000000000000000000000000
00000000000000000000000000000000
00000000000000000000000000000000
00000000000000000000000000000000
00000000000000000000000000000000
00000000000000000000000000000000
00000000000000000000000000000000
00000000000000000000000000000000
00000000000000000000000000000000
00000000000000000000000000000000
00000000000000000000000000000000
00000000000000000000000000000000
00000000000000000000000000000000
00000000000000000000000000000000
00000000000000000000000000000000
00000000000000000000000000000000
00000000000000000000000000000000
00000000000000000000000000000000
00000000000000000000000000000000
00000000000000000000000000000000
00000000000000000000000000000000
00000000000000000000000000000000
00000000000000000000000000000000
00000000000000000000000000000000
00000000000000000000000000000000
00000000000000000000000000000000
00000000000000000000000000000000
00000000000000000000000000000000
00000000000000000000000000000000
00000000000000000000000000000000
00000000000000000000000000000000
00000000000000000000000000000000
00000000000000000000000000000000
00000000000000000000000000000000
00000000000000000000000000000000
00000000000000000000000000000000
00000000000000000000000000000000
00000000000000000000000000000000
00000000000000000000000000000000
00000000000000000000000000000000
00000000000000000000000000000000
00000000000000000000000000000000
00000000000000000000000000000000
00000000000000000000000000000000
00000000000000000000000000000000
00000000000000000000000000000000
00000000000000000000000000000000
00000000000000000000000000000000
00000000000000000000000000000000
00000000000000000000000000000000
00000000000000000000000000000000
00000000000000000000000000000000
00000000000000000000000000000000
00000000000000000000000000000000
00000000000000000000000000000000
00000000000000000000000000000000
00000000000000000000000000000000
00000000000000000000000000000001
00000000000000000000000000000000
00000000000000000000000000000000
00000000000000000000000000000000
00000000000000000000000000000000
00000000000000000000000000000000
00000000000000000000000000000000
00000000000000000000000000000000
00000000000000000000000000000000
00000000000000000000000000000000
00000000000000000000000000000000
00000000000000000000000000000000
00000000000000000000000000000000
00000000000000000000000000000000
00000000000000000000000000000000
00000000000000000000000000000000
00000000000000000000000000000000
00000000000000000000000000000000
00000000000000000000000000000000
00000000000000000000000000000000
00000000000000000000000000000000
00000000000000000000000000000000
00000000000000000000000000000000
00000000000000000000000000000000
00000000000000000000000000000000
00000000000000000000000000000000
00000000000000000000000000000000
00000000000000000000000000000000
00000000000000000000000000000000
00000000000000000000000000000000
00000000000000000000000000000000
00000000000000000000000000000000
00000000000000000000000000000000
00000000000000000000000000000000
00000000000000000000000000000000
00000000000000000000000000000000
00000000000000000000000000000000
00000000000000000000000000000000
00000000000000000000000000000000
00000000000000000000000000000000
00000000000000000000000000000000
00000000000000000000000000000000
00000000000000000000000000000000
00000000000000000000000000000000
00000000000000000000000000000000
00000000000000000000000000000000
00000000000000000000000000000000
00000000000000000000000000000000
00000000000000000000000000000000
00000000000000000000000000000000
00000000000000000000000000000000
00000000000000000000000000000000
00000000000000000000000000000000
00000000000000000000000000000000
00000000000000000000000000000000
00000000000000000000000000000000
00000000000000000000000000000000
00000000000000000000000000000000
00000000000000000000000000000000
00000000000000000000000000000000
00000000000000000000000000000000
00000000000000000000000000000000
00000000000000000000000000000000
00000000000000000000000000000000
00000000000000000000000000000000
00000000000000000000000000000000
00000000000000000000000000000000
00000000000000000000000000000000
00000000000000000000000000000000
00000000000000000000000000000000
00000000000000000000000000000000
00000000000000000000000000000000
00000000000000000000000000000000
00000000000000000000000000000000
00000000000000000000000000000000
00000000000000000000000000000000
00000000000000000000000000000000
00000000000000000000000000000000
00000000000000000000000000000000
00000000000000000000000000000000
00000000000000000000000000000000
00000000000000000000000000000000
00000000000000000000000000000000
00000000000000000000000000000000
00000000000000000000000000000000
00000000000000000000000000000000
00000000000000000000000000000000
00000000000000000000000000000000
00000000000000000000000000000000
00000000000000000000000000000000
00000000000000000000000000000000
00000000000000000000000000000000
00000000000000000000000000000000
00000000000000000000000000000000
00000000000000000000000000000000
00000000000000000000000000000000
00000000000000000000000000000000
00000000000000000000000000000000
00000000000000000000000000000000
00000000000000000000000000000000
00000000000000000000000000000000
00000000000000000000000000000000
00000000000000000000000000000000
00000000000000000000000000000000
00000000000000000000000000000000
00000000000000000000000000000000
00000000000000000000000000000000
00000000000000000000000000000000
00000000000000000000000000000000
00000000000000000000000000000000
00000000000000000000000000000000
00000000000000000000000000000000
00000000000000000000000000000000
00000000000000000000000000000000
00000000000000000000000000000000
00000000000000000000000000000000
00000000000000000000000000000000
00000000000000000000000000000000
00000000000000000000000000000000
00000000000000000000000000000000
00000000000000000000000000000000
00000000000000000000000000000000
00000000000000000000000000000000
00000000000000000000000000000000
00000000000000000000000000000000
00000000000000000000000000000000
00000000000000000000000000000000
00000000000000000000000000000000
00000000000003ff0000000000000000
00000000000000000000000000000000
00000000000000010000000000000000
00000000000000000000000000000000
00000000000000000000000000000000
00000000000000000000000000000000
00000000000000000000000000000000
00000000000000000000000000000000
00000000000000000000000000000000
00000000000000000000000000000000
00000000000000000000000000000000
00000000000000000000000000000000
00000000000000000000000000000000
00000000000000000000000000000000
00000000000000000000000000000000
00000000000000000000000000000000
00000000000000000000000000000000
00000000000000000000000000000000
00000000000000000000000000000000
00000000000000000000000000000000
00000000000000000000000000000000
00000000000000000000000000000000
00000000000000000000000000000000
00000000000000000000000000000000
00000000000000000000000000000000
00000000000000000000000000000000
00000000000000000000000000000000
00000000000000000000000000000000
00000000000000000000000000000000
00000000000000000000000000000000
00000000000000000000000000000000
00000000000000000000000000000000
00000000000000000000000000000000
00000000000000000000000000000000
00000000000000000000000000000000
00000000000000000000000000000000
00000000000000000000000000000000
00000000000000000000000000000000
00000000000000000000000000000000
00000000000000000000000000000000
00000000000000000000000000000000
00000000000000000000000000000000
00000000000000000000000000000000
00000000000000000000000000000000
00000000000000000000000000000000
00000000000000000000000000000000
00000000000000000000000000000000
00000000000000000000000000000000
00000000000000000000000000000000
00000000000000000000000000000000
00000000000000000000000000000000
00000000000000000000000000000000
00000000000000000000000000000000
00000000000000000000000000000000
00000000000000000000000000000000
00000000000000000000000000000000
00000000000000000000000000000000
00000000000000000000000000000000
00000000000000000000000000000000
00000000000000000000000000000000
00000000000000000000000000000000
00000000000000000000000000000000
00000000000000000000000000000000
00000000000000000000000000000000
00000000000000000000000000000000
00000000000000000000000000000000
00000000000000000000000000000000
00000000000000000000000000000000
00000000000000000000000000000000
00000000000000000000000000000000
00000000000000000000000000000000
00000000000000000000000000000000
00000000000000000000000000000000
00000000000000000000000000000000
00000000000000000000000000000000
00000000000000000000000000000000
00000000000000000000000000000000
00000000000000000000000000000000
00000000000000000000000000000000
00000000000000000000000000000000
00000000000000000000000000000000
00000000000000000000000000000000
00000000000000000000000000000000
00000000000000000000000000000000
00000000000000000000000000000000
00000000000000000000000000000000
00000000000000000000000000000000
00000000000000000000000000000000
00000000000000000000000000000000
00000000000000000000000000000000
00000000000000000000000000000000
00000000000000000000000000000000
00000000000000000000000000000000
00000000000000000000000000000000
00000000000000000000000000000000
00000000000000000000000000000000
00000000000000000000000000000000
00000000000000000000000000000000
00000000000000000000000000000000
00000000000000000000000000000000
00000000000000000000000000000000
00000000000000000000000000000000
00000000000000000000000000000000
00000000000000000000000000000000
00000000000000000000000000000000
00000000000000000000000000000000
00000000000000000000000000000000
00000000000000000000000000000000
00000000000000000000000000000000
00000000000000000000000000000000
00000000000000000000000000000000
00000000000000000000000000000000
00000000000000000000000000000000
00000000000000000000000000000000
00000000000000000000000000000000
00000000000000000000000000000000
00000000000000000000000000000000
00000000000000000000000000000000
00000000000000000000000000000000
00000000000000000000000000000000
00000000000000000000000000000000
00000000000000000000000000000000
00000000000000000000000000000000
00000000000000000000000000000000
00000000000000000000000000000000
00000000000000000000000000000000
00000000000000000000000000000000
00000000000000000000000000000000
00000000000000000000000000000000
00000000000000000000000000000000
00000000000000000000000000000000
000000000000000000000000000003ff
00000000000000000000000000000000
00000000000000000000000000000000
00000000000000000000000000000000
00000000000000000000000000000000
00000000000000000000000000000000
00000000000000000000000000000000
00000000000000000000000000000000
00000000000000000000000000000000
00000000000000000000000000000000
00000000000000000000000000000000
00000000000000000000000000000000
00000000000000000000000000000000
00000000000000000000000000000000
00000000000000000000000000000000
00000000000000000000000000000000
00000000000000000000000000000000
00000000000000000000000000000000
00000000000000000000000000000000
00000000000000000000000000000000
00000000000000000000000000000000
00000000000000000000000000000000
00000000000000000000000000000000
00000000000000000000000000000000
00000000000000000000000000000000
00000000000000000000000000000000
00000000000000000000000000000000
00000000000000000000000000000000
00000000000000000000000000000000
00000000000000000000000000000000
00000000000000000000000000000000
00000000000000000000000000000000
00000000000000000000000000000000
00000000000000000000000000000000
00000000000000000000000000000000
00000000000000000000000000000000
00000000000000000000000000000000
00000000000000000000000000000000
00000000000000000000000000000000
00000000000000000000000000000000
00000000000000000000000000000000
00000000000000000000000000000000
00000000000000000000000000000000
00000000000000000000000000000000
00000000000000000000000000000000
00000000000000000000000000000000
00000000000000000000000000000000
00000000000000000000000000000000
00000000000000000000000000000000
00000000000000000000000000000000
00000000000000000000000000000000
00000000000000000000000000000000
00000000000000000000000000000000
00000000000000000000000000000000
00000000000000000000000000000000
00000000000000000000000000000000
00000000000000000000000000000000
00000000000000000000000000000000
00000000000000000000000000000000
00000000000000000000000000000000
00000000000000000000000000000000
00000000000000000000000000000000
00000000000000000000000000000000
00000000000000000000000000000000
00000000000000000000000000000000
00000000000000000000000000000000
00000000000000000000000000000000
00000000000000000000000000000000
00000000000000000000000000000000
00000000000000000000000000000000
00000000000000000000000000000000
00000000000000000000000000000000
00000000000000000000000000000000
00000000000000000000000000000000
00000000000000000000000000000000
00000000000000000000000000000000
00000000000000000000000000000000
00000000000000000000000000000000
00000000000000000000000000000000
00000000000000000000000000000000
00000000000000000000000000000000
00000000000000000000000000000000
00000000000000000000000000000000
00000000000000000000000000000000
00000000000000000000000000000000
00000000000000000000000000000000
00000000000000000000000000000000
00000000000000000000000000000000
00000000000000000000000000000000
00000000000000000000000000000000
00000000000000000000000000000000
00000000000000000000000000000000
00000000000000000000000000000000
00000000000000000000000000000000
00000000000000000000000000000000
00000000000000000000000000000000
00000000000000000000000000000000
00000000000000000000000000000000
00000000000000000000000000000000
00000000000000000000000000000000
00000000000000000000000000000000
00000000000000000000000000000000
00000000000000000000000000000000
00000000000000000000000000000000
00000000000000000000000000000000
00000000000000000000000000000000
00000000000000000000000000000000
00000000000000000000000000000000
00000000000000000000000000000000
00000000000000000000000000000000
00000000000000000000000000000000
00000000000000000000000000000000
00000000000000000000000000000000
00000000000000000000000000000000
00000000000000000000000000000000
00000000000000000000000000000000
00000000000000000000000000000000
00000000000000000000000000000000
00000000000000000000000000000000
00000000000000000000000000000000
00000000000000000000000000000000
00000000000000000000000000000000
00000000000000000000000000000000
00000000000000000000000000000000
00000000000000000000000000000000
00000000000000000000000000000000
03be0009005f0198018400bf00cb0138
01520292033101640266020f02530024
02e101b700b70371021802fb011a035d
0045030703fb0214029d01a800f10346
01d2038a038d01ba00890119015900a9
0089033502ef0118035c0094002502a7
00cd02cd00c6034801a2007603270077
01b600370257016e029a02070315030e
037101a100c001fa009801f6005b0329
00df01f80286011d030b02a903d60016
0013023f02cf0239030b026301e7008d
017e00ae02eb01730287024902fc0234
013d017903750119034e004f01f80372
00d903ac00d4004d03ad01c4023000c5
00b7007f0379034e024d003d00a400ac
017203c2003b00f9000403da01e8016f
03b302ee02f403e800a500f602b202c4
032503ca0076025402ea037d006b000f
03f80326019b00b800f1007d030101f0
02b0032e012c01be03ce01ea02a00091
00b7014a00f400340183011602c10133
01f103dd02ba029c00fe00aa01c90154
02f20153009e02cd028e01d001d40182
003a037a020f000900eb0166032102a1
01fe00af031e02290099004d01dd01e0
03b600f80355039803120083032b02e2
0263009800d703f9023603a302e10309
000a0016017e015c02b40299000f0178
01d300990127015400c002cb003d014d
037e015b0387013e038d031202d40316
011f00d5015102160075032300c50033
027b0216017a0160018503d301a203ff
015900fe023d03ff036b02cd030a031a
025902d40321016e0090028c028a015e
01b4037e02bf0107009202b80156030f
021903810214024a004800d70044026f
001d035000360071038f01ba025c0307
01660272001303ea02ab02ab014900fd
01de0124031003d7000f00e5023700ab
039e01fc0296030e036e0004025e0349
0165014f03a80204023a0053011702ea
02a00198023400440177014d02d40382
002c02b5026b020102d801a0010d0090
020e03f8021801f6031902d0039a0108
036102f6022d009a037e00bb035d001d
010e019f035d01e9000c029f01b503e2
021f0065006b02e0010a007e00e700f3
039d03cc0177016a016c02e8024d0139
03d501210115013e009302f801a80347
0321026f034d01400391000c038a02f4
03e4009103a6010702d5008e01d5012f
03d101a2037501cc02b7013403d6036f
016e02ea024a03740262027e037f001f
03a0036501e102c40366023302cc004f
008e00d303fa02fc02db0297033800bf
001300b9025c015b03d5006f004d0201
017e026201ad023300ed018b02d5012b
021e028c03030330036e00be0253017b
009c00ff0286007f02f603d901fe0150
007400540249019b02f0028402b700be
0090027c0326022a00ae027400d102da
014503f102e001e202ff02e401940090
027802a90126035301a000b003530192
0251031503cd00d6012d008d022a00e3
001801b100da017a0215001f018702d0
007c005d00a30312015800e1000c001c
01a101d6008b011801ad00a10178017e
022603ae021202e80267023203ed0010
01e2017a023703a50290005001d7023c
03330080008200ee01d200a7039f0377
038e037801c800e4037a02ee03fb0215
03e90391020a01fc0238000800340083
00d702e2038103c3038c011f03100055
02ee02e4024b034301d7011602a102cd
028800ec026502d003c4000c02910211
027f020f019a01c5020502bd039401ba
03d602eb0397007f01a300de03360352
00fc0297030403bb00120240011d000a
03ce0287037a02c00176027b02a60056
02b800af011e004402da005800f2000a
036e02ce0237014a0380034a0354001e
0195032803e802a50206003a02700095
002a017b039c01c3014401f300000107
01180351023100e90063030d027002c3
039f00430203015b00da01fa00dc0214
02ff02fb00f7000901580128033000e3
02aa0056030e004102c6038c00980021
0034011e008f01af00ab0264021f019c
014a01ff014d03ba03f603f500b70342
022503190056010f025600b4031d02eb
02a500d8022803d2014500f8032e0155
00a6038a003a01e2012302e200050235
017a03bc03ac019b002e018903b402e5
00c803da009b02ad02740079033e0238
026a0015016b024d00eb01d1024703ef
03ab00b5032501220287034403f202e2
00f0010c024c001d03f9000c01ff03b2
03f203f601340302024e00360034008d
014503a80380015800280389037c03db
01f1002f009e02d900dc033500270265
0263029900860277029a0115022101c4
01bd00e2034301a302fd020601a5021f
03570263001d02ff021601d800c90299
02e40079002402a8021e027402f70293
02b4032f005703eb018d014b013803a5
0372038e004d01f102eb03d403a300ab
0350014402e80390005702b80322015d
024302cc034f03c3035701ef004b03ed
036a01e5022b03ca015302e9023f0023
03b102cb0399008e010701fe038b0344
02dc00eb00b800ea0207006103c7011c
031902d30130039300e7025d01e40189
02eb03d001810009004303a103c9029e
03d602be039e021603ef015c022e0195
03b700c700a900e2023e02d6017602f7
0262033d03320030016501a7006201d2
013c01ab00d103f803cb00d603960359
01fd037301dc01fe0256011c02820078
00f803fa008f030c024d02ef030b00f3
00b7034f02bd012402ea007f03cf001e
01a7021e02b901f802740195036203a6
0347005a01620036011f02be03d90343
0399026b0100008f012900e9010903df
0015015201620066005e027401ea0010
0116035e031a00b203890230034d012a
032d008a032803f40222036c01e302fa
029402d20240001100fd03f5029101b3
01680153006900a701c30170003a0041
01030106013e02ea019b029500c10347
012103b900fb02180079019302a80369
036200020342028200150156014f025d
01b8010500970228001a01af008c018c
03b903ba00d9001f014f011d01ea00e9
01a100dc00980236036e01f701480002
00c4022202ba002f038403ce00540304
01700216039400db0292002d03c6017d
036401a6020c032f01a8025c01af00b7
02d800b902bf00c500d9007c0330015a
00b003de0124001a03f003f9017f0079
01c902bc0199002f017703b7038301a7
0235007a002002a801dd03660368023d
026e032a000b02c1017a0155039f0397
0377021b013e03170388025d00410187
023c029b0301009f02ff03cb009e02fc
0362010f025a015602ab03a60256019b
02c10023014e03b302d5009f010903ff
0232011f03c501a402b101ad001302c6
0196037b0041025a01fa023802e1001f
02290263032e02bf036c01e7038003db
03bb00c10068011900d601ed000201aa
03a401b400cd016800f2039e02c80098
009c0346019d00ce0130009f02a50103
03f40121033703b8019a021703e402e6
03db004900c0022102c0012801ff039e
00f200260055015a01fb02cc0119035b
02c901aa0084021b03060263038600a5
033201bd0232036e03d303da00ca0231
038302a1005f018901a502f701ac02e8
002402de00d8021b021e021100bc025a
019e02d300be00b001f303eb00e902ea
0192011901f6011701c9020e039f02b7
012c023b015d03bc024f005302530110
034200a0013a02c50248002a023b0195
002f00c9021503c3039000f503720163
01d302e40263000d009501a00277007b
03eb00f5021e002f00f102d101610041
00e7018e003a038f0386037702ed010c
0046038602b7011b02b003e6005600a1
015d024802b400eb0084021d030e0311
006e025c00e900f7002602fb03fb032e
01250224013602c902d7038401560009
03cb025f02820372023e037102d600fd
03b3019c03ec01fa02ed03420036005b
01fb03630277037f013a0282009a03d2
02af026d0033018302440169033d01d3
010a034a02f200aa027c01c2010401e2
00cf00a60124038c038b02fb01b601d6
00cb002e0248019a001d03b7006701b5
031a033d0384001402be03e9019d005f
0015039002e500ff008b0377032b01bb
02c3030400cb03240293020f01cc0278
023003c60128033c0234024902f002ef
037101ef00fc02f70063003203c601b8
024403ff034e01fa027d03050139002a
03cc033e0342010a00330097024e02fd
01be02e502fc01bc0238003b004a00da
0316031403a9016b0068000902880352
014a02de00cd00d5019700ef038302eb
010801380348029a025003b0039b0315
011401f802cb0363011f01da002802ca
023b0209007e03a900f9024402d201c4
0281015503b503e901ac035401c2036e
0372008b02f8023103a00281037203ca
03400363003300bb00630205013e03c8
001c038602c3017a028c01ed00f70374
03d10059018b03bd0108006103b800f3
03cc002c019403400225019b0233036b
002300dc02fd03fb0329039902c00092
00ed005c01e2034600ff035602f40164
01fd02c0027d010e00d303930183026b
033d03de01b5027601bc02fb015800d3
01f602b100e60116013101c500d3031c
034602c20219028902f7030e028800f5
03ad005a00a7027c03640378007702ee
033603c702f700d200d701d50275025a
03d103a6010c019600ca001903ee01b5
037b02c0016e001701a703b102d9014f
013b00cb00e902b50165021c02b1027b
015102f7024b031f016900c803f9009d
01fe0357034402af01e101d202ab01ab
00ab038901080272039203460241039f
01e001a900a10018039100fb038c03a4
0106019800f3013503fa03ac03b0036e
006003f502cb031d024302b201f700cb
014b02e6018a00b201e0014803060226
02d40334007e0399027b00f102c70158
009f030701a2029b028400f9008101bd
003a01a000c1030003020182016d015a
025703aa03640298000f002f034701c1
011b0274002a03c500c302bf015e027d
028202e9021403b2002a02820323001c
026a0381039402ca019203d3005602e1
008301d7013c02a403380232024a025b
032801a802ff01a20084018f011b00cb
034903b7027d0143026f022402e7012a
02c200910010034e030c027001150234
02c303750331005401d00282002c0330
010c03c8017b010c03900137012b03d0
00f501f0011a0222035400ca03c10080
017e00f203a60190036b0194015d0295
01b5033303910152012001f800500055
021803ca037b03780176038602320324
00ef010301ef005b011802f901c101e1
00bc01fc03c002cd00660354004a021a
0152038001fe015001250295010d012b
0222022202e0034003c3031c007302c9
00d8011c027702120116036100b502da
0105004b006302ad036000c501870323
01920297030f001600ba006901ab0193
00640201035a0110027a025101f20210
00dd00df013f02dc005c02f5025503cb
0279010e00e6023f02dd035c02d10005
01620172023b02aa015002af03ad0182
035000e702990241025903ef008702ad
02cb012501d2022002aa020f038f03f6
030d007b016f00b302aa03cd01a1036f
036600020081010302d501a202a900cf
0143015801b00093033b014f008b0277
034b035400cb02be007f038e00c00051
02ab03d000610345002800d702ff015e
007b0181016b027f001b00d101a0018b
031203a702e002fc000f008a02300141
00ef004b009d022e018d03d101890320
00d301e4007903a000d1024402930206
0311022200e002ef0271035202f10303
00e9012f01f9012c03ee01b401d80360
03af020d01a3001c01c0030a02360394
008c002b00b600d3015200370218028c
020801e70038017500f7036d008602f1
01d4015600c3020a001d026900ac01c1
030d0373002200e7021b02ad03f702da
028600c700f1006301b6022c000101bc
009b038502150282016b00db00c900d6
011f00c103010049005000960232005f
005903bd033402f70020026103920184
02bc01dc038802b702c70399032d0244
02e70230003402c102a5021f03200170
02f603a202db00450281038202ed02e6
000002ff021300b800a602d501f002a6
011f003d025a023700fd028601720330
037e026b0154019d032700db013300fc
001901ce03f6007e001000db0272033e
01b3003303060305028b029d039700c6
029d032902d8000c0381039101250351
0185034501130371022b01d203a800d0
03ff02650102025e013e0170031001bb
03e2035403ef02b903f303190196001f
026e039b003f034902ca00e301bc0202
029b0327027400c00278009c00170113
03250058005e020803870306028902c1
01080310000d03ce02d20115022700da
034103a8007701b0004801b601a90356
02010061006501ea035b035a0036015d
0143014f01d203bf03bb0080007e0299
01c0037001a7020b02fe032c03d70142
011e03160252025401bd0230019b0126
031701de00d302050388026803e40167
01ad0256039a024002bd001502e702b9
00db03bc00f9013d03c302d3013a0147
009901a502f0006200e30158021c0304
02f0035901fb02a5007d031f0329032c
00cf03c90371015c010902c803f2006b
0179028e016e037f002903d6019b02d8
0348023e027a03f7013201d5007a0043
03e0022f00f8025a03b00279014202da
032d00b9022d03e700500178009f0365
03f6030f03f7013b004a028e02a300d0
01d6017d02bc00740057023d026f0042
021003d002ce026c00ad035c011e008d
01cd01b300990154026d0236000f00df
02e8034703d9011a017f0096013102c4
02e0034101e8028a0334026702280144
02ed038d002e020a019e009a01fa000c
0166039c031c037003de03fa00be0340
020c018801e601f0011b01a503de0269
02cb02180025028c0220038b00a7031e
016f027702f901d402e9014901c401e2
01c700b90186021b00d201cd019301fa
00e800d5032102ff034f02e7024e02c2
02a503ff01b20092029c012d0104028e
024902af00a4003c00050088024102de
0091039f00f0000202af03c6023b000e
028d0355022c0323031202d8015c0128
013b003a00c2001902dd025c000b000a
0237011203430199003d02fd01fc01b5
021f03ad02b4023402fd036501dc029b
03b803c0026703830291029e001601a2
035701c9025002fc01a601da039d0397
00d2002200690005004a0191004a03ce
033200e9025e01bb029a01e801d7021f
03100028001801d4027f02e1017b00fa
00f1028f03fa0130011201730078013f
005301b703c201a6031600dd01740084
01cd012400a3037e005502f7032f0180
02870084025d03c803b0019900d5037d
02dc003a019500ef01b100ac017a03bc
037e0353006603cb03c10090000e03e9
032800920170010a03be025101e0027e
034f008400890087007f0004020d00f6
006e029e032d021f02d00119026f01a5
037100a90063000d00fc02ef03bb0033
013303e7002d023b01de00aa00f403e8
03bd033802a101c901e503d400ca031b
030f02730043015c03b000fd01a1010b
024e019603010109005700c20332036a
0336000c0374029203690106008d005a
008903ce0293025a0395039d024003cb
013c017003e500a1015f02ed0347038d
020e010102b3019f012303d402c50228
01cb037a02df00ca03a60375001d02c4
02a9030a023601b3016c00e2004f0050
03a2019001f800ee0261000f02fa01d8
005e003201dc00bf03ca03e70264025a
00da039a00de00dc0292039001c200ce
001402a603b0001d02fd007c002700e2
034900f6013e0396002a01cf0173020f
026b02db01fa029900a5032e034b01df
03be034501b902c70258028001810089
03b401000360000303bc034803bb03ea
03780050025900a2009f024a014c01a5
01e802f3015c02bf0104009601ab029a
02e202de00de0272000602e701d1008b
005e00a0027c00d900ec03bf03f3007a
0275010302d202f40245015000ef0318
01d7027003d6023703b302c600370397
02d60194027102c601ed01ce002e019b
011502f101de0115026f03ed02d901b1
018a0204026500c10047012200d2013d
002000360032034c02a7032a023201a1
024100a201160026037a023301f1009e
019903ec0189003c01ba02dd02240136
00980301009b00ba03b000cd029a0166
03cd0369029102f000bf034403f20107
01a80254000b030e0045035a02290151
015e016701c9036001dd0267024f0019
002602f401de022d029e0274015e02aa
02a1028c00830377032b027400870274
01d4020b00b700d6010b019103a901f2
031a03130137022c033d03b202a2009f
036901b30317002001cb01370055025c
00940311006d01c302520042033c0288
029e03ab0374008903e001dc008f03be
0037005d009c03ae022802b2004f018b
029702e7013400d102ad03bc0222039d
01da00eb02f7032f02e403f702510102
03d801b7010b003e030e034503c000d0
013400370261035700950153003b008d
01e201eb00d40097028f012601ca0242
01f90138030301c5000d03ed009f038e
02ca00da0265004201210283018d01aa
029f03cb0070028202b6031003e40048
03d90141024f01f302ec003700a600bb
02dd014d00ad023100e102930142020a
0190039101c3034f021402c000ab0345
0011000b02d003e101a601d402840001
00ce03f5011500fa00da00c5028c0154
037e0186010f02a3039301e2029f034d
01af02d100790337002903d8027701e7
0042023d0249010301ec023502ab01d3
0303006c00df0317036a0202006e00a2
02800066036b0193025f038a01e40042
02fb02aa01d500df01c6013f03c3036d
0206026802e700c1035002b1028a0132
001a02d601cc0070033301e802e001e3
021c02c900d10288027602f0011501fc
017c00be01bc00cd03ad019503c200ee
01ee01e60294003a003f01b903e300b9
02ce01e400b8020103d603e503150344
01640074003001580369015102b901ee
006003cc031202d103a002b600ce0235
02fd03630060025603ca01e8021700f1
00ec023f02180090033301a602120203
00b8033b02890046005f0058017c0165
03230391000b02ad007401a4036a026b
03f201e2007e01a903cb018a03c303dc
024b00250127018a0160015a00bf01d3
01e403a50300007f031d03e3014d03e5
010703d401f7013d00aa020d018401cd
032a030b0397025a0214034d01f402d2
00b301f70358013501d303e1016e030c
017e00d403090264034001e2014d0255
02a703a3023103b0023803a200b00243
00ee030500300272035b03fa015902db
03b5029c00af01db0135000e03de03fd
03e7005e0369010b034202ec02ed0090
02ec0361011a0020026900720300001b
0337022a03ab0370030802aa0167026b
004f00a402b10356012803c300c50182
00c602ba004f010202e0008700c602a0
009f030900b003cf01a7020201ea0074
00c3001b01e60037030502970276021d
02d001e101b202e90078009401c4039f
03de018f009103310158009d01f102e6
005b036102400368034b038701000239
0396009601fc016703e6004800f5020c
03a7030400bf012802060378010f0006
02e100520056028d00aa009200160329
01fa013e030e0045018f0013034001b1
012e01890375025c0340029301bb03f3
03d100ad02e900fc004c01f1025a03d6
018203ed012300ff00f602d500200337
02da002c00ff0304002402bb02fc0343
01320398027403b5032f02ff01a900dc
01250364017000410301006303030081
03b303c10398030202d103240254009e
02b3020f01fd005c017e03d1015601e5
000903a702b703800032003d022a01dd
0389012a024900ad0120036e03510219
01b1037f03a0027e00c101fe00660010
022500b802cd007d01de0249016e0214
0358023800d20296035e00e103f6028c
002901140066018e00fc0042029f03b8
002202bb01ec00f0028801c0006001fd
00df01b603f3018502ff0223009c00f0
00dd024c0029032c03cd0085011c00d1
03b302ce01fc00be00500384036d00d5
009803fe031f0244019d00e103640119
00970026034903ed005b009c03f70383
037501ca01dd009c02500172011f0220
023f03f001da03870308038f036302ae
01bd01aa028803a8001602ab022c038e
032300df0272005600cc02ce01f50339
021003c4020c002e01f9006703d50166
0165029603d00137035b014b01fd036b
018c01ad00d1006901770289027f03f5
00de005b0326034c0283039d014c0048
009c0077025403a3005400b1009101e4
02a403fe0160017c02b6026803a7023d
0162015b00c203440136038601dd005a
03cb016c00ff020400be02d303bb0120
023e017103f000130084038900a50057
03f9009f03f1001c02a703eb00e203c8
00b2022801d0016a0253016c031b0156
0089006202b60139031a02d1010d03a3
031f03e800d5035a00dc00bd00a2004c
00cc033400d7039f03f4034a01ca0265
02bd03ae00bc00df007f02cf019b00d0
02ec0206031e00c500df002d03bc02b1
0249022e013e0279023b026800c1008e
026d0013011d0337004f0301021702df
01f4026d03090266017b024c028202c0
0305027303c201b503c603de03ef00f0
003a020503ad01dd01b603a702ca011b
02920094006302830148036b02c60015
027e03bd011d03cb014f00f700a2038a
024d00ac00a702ba03e703070154036d
037a024d039002b202f801be002703e8
006202c50063021c02c701280260015a
010c022201a201bd025801d0003a02dd
0156037103cb00a202bd03e000e00115
022a02a603720104034202ca03960022
009a0286023503ba00e9010f03090231
0291032502e801b103c0033a026302dc
03e401d6038f016c028803f8034c00c3
0391003e024b022b018b01d100920127
00e102ac03d8030b012603b3013100ad
015c02970061018e01f40145004203b5
010a01a500190309009301af02a701ee
03da03ed03cc03ad035601d302fe0250
0007039e033403df004a03c6032f00e6
02db00bb019400e0031401ff024b025a
00a303ac029d0224037a03cb028a0175
02db03e403ef00f603c70019029a0106
00b602cc0272036401c8009d00b80109
03e103ac003a02c301a8009e03f10256
034d00670303034c038d036f0170033d
00270237025503a3013402c5025503ad
02cb009203790144034c015803150190
002e00d701fc00ee032301f303b1032c
02c9039c02de02df020e00aa00680337
012a004402f8036401b30114010c03be
01360108007f02e803cf0363024903fb
00380085017f028b0229039e011b03ed
01e8037b009202ee014603e600e60101
025f027d0303029d020b007101e202c7
027901a701d301a30164033f03c9026f
00c9017302af0354031d02d602c6034f
0198033a03f7013000f702ca038400e6
021e006b01f6023a014e02a8031700fd
0359007c026800790229029a01b603d4
0385017d02a5007600ee00c803040168
004100af0105025c003c01020286001a
0384031903ae037e00e102f803720181
012200a7011e01b9014a006200260307
0038016000c40203019f0150014c03d6
03ea028c013803ab007b027a02620291
006c0167023d016e03a000fa001c027d
00ca01b0009101f10071023d004a023f
00fd0036015900cd023a00ae01f60158
039e00c1023602bd022902bf029f01b3
00a4029d011002aa021000b803a00014
02a5003f0000015601d2015c037d0356
03f3017103c5014e03c0024c009b012b
004c036b034f03fc0308000400cd0258
00e403990371036002ed0016008f019b
038c01ca02c4029f00f2032c001602b1
018f01d2002102e503e602fa003d01fb
03af012103aa008d0005033601f8018d
01c4016e01e2005200dc033b00d1037f
024502bb01a3003f012902ad021601e2
02260279034b013a02f8026501e7007e
00d6005303520347022800b301b2001f
02bf00c601990218018c02b301e60373
02de0340034602c60288020c006c01c1
001a021d00ef01af03ca035601670046
01820304025f010600730181030e02dc
01dc02b803cc00dc01da006f027b015f
00ae01fb02b202fe02a90199033103f6
00ec02cc039b006f000402d00380012d
0108005603f7002900e302a8030202d9
0230023b0050038902de036b011202f3
018600c80333024b005200f201e301d4
02bb022201aa01d6023703d600a30080
02aa039b02b5012b03cc02fa00660339
0093017f016a02b302c70013024300e1
009203ba01e8001d00ef038a012e00ee
0135005301ce02a20395019a01950194
019e039a0382027d004c023103ee03da
01cf004e01da0109031d01bc025b021d
001b022f02ff01780106009b006b02f7
0044007502e90073011901a903a50253
014f023f01ef02540086009600570205
00bc015602ac011003200007019a02db
038d0304014f0301023701c4017e0310
03c8000803e4017e02830038021d0345
006902cf026403c702a2000a039e020b
02ea020800fd011d022d029a03f800ff
00df01c402c4027600ab00b502d80390
03010051033400af0355030201080159
03780307017d01a502b402f3012f0191
028a005303cb00b501ed024d0246032f
00de018000210044011f00ed018802d2
034f03b3025c034200490022028d031c
03bb03d2034900d103f702920372024a
0397015e017f017b021e0270036a02f0
01050399027c01ae01fd03020230021a
01c801f901450339037300f50186010f
00a9015a003502e400ea021a02a1026f
00fb03600214036e02e001d300060383
01b7008b019b018f0148033c01470032
0299015501c003ee01500104036a01f4
036e03f2017a022a03d203a303e40184
0053031f01bd00b102a0039e02b500bc
00b0033501230169001c0302020e006b
0267033a00550249008101eb03da02dc
028c0125032201060286017701c30089
025c03ae02ef020800d900e2001401de
030b01fc02cd013f032f033600ab0199
002f002d02ee0089009c019f001602fc
03f203cf0178032d0202011c03a30072
00d5031700f702cd000c00d5007a0319
000c00810294016e011f02420217006e
033c03db029b03e500e001b3011703e9
03a200dc028201e900eb01f403e400af
033b03c5009d02f202a303c703d8001c
022c0218034d03c1014802530192030d
00da033800af019b0172015b026903e7
003b015d035e01a001da0104029102d2
03a400c1026f02ee00ab015a00d100d9
02fc03b6006803d6024e03ba003f00b1
030d033a015301f00067030903d503b1
00320284033903d600e803430203037f
01fa03f5001e03f60077018a0029009f
0371006102bb018601d401e7018703ca
00540153022701510148014e017d0287
00ff004202c10164004401a101e400c2
00da031e00b40214005803e6033f0395
027c023d02c30395038f03d202690036
03ec035702770282014b029c03780257
0388033d037001e4033202d302b4029c
00aa005703b30374026e00fa033003f5
00f403fa026400b503c602d101d20275
003900d003f3019102ad006d03810072
038c033301a4013c0007003a013002a4
0359027f01270360019d036402f1013d
0066016f014903bd03e4011f00be0139
0176009402f40202038f013903400029
00ce01de030000ad0230031f006a0038
02cd01cb00350023024101b800de0148
011f01860179004c00f803f8025e00f8
028003ae033001ab01c403a603cb0219
0079038602dd026a011b00cc00510091
01660047034901eb0277002e03ac0066
007b003102e1009a00db020402b101f3
014500ba0221038902e5018b008900b4
014400fd03830091019702870162007a
00b000e801ce03bc022f01f7029d00a6
02e900ac002502ed039d028300ea0278
01d001a503a10109018401cb01ab03a5
03a8001f0113035f021b0087017a01f2
022002d0008203d8013703a100680023
02dd005a015401530245025d03f4025f
0130037200ab03b301d202dd007401c4
02d3006c00cb028a016c02b101b1024d
01c5021e016b014b02ff031c01cf0304
023600f903a8022400cd025700090109
011b01b8025e029a033f029901dd02bf
037403ab006502b6033c016a017502b9
019501f50350013802c401dd0153031a
008d0143004c0356025d0150013c0379
01020109007300c101ff0023022101ae
03250036019e00f902da005b029601b0
0240020902fe007d015c0237026103b4
00fa02d7006e034d036d03c2036c0131
02c90020029e038501b102f30194013f
0191008202d0031501d900f901f80351
00230005007e0229033900ef010f030a
03ba00a203cf0199034f01cf02df02b0
029701600172000a03a60178007a03ec
0370009202fa01f303c303f20335011a
003402f20320007101c803e90211039e
015302f000d801be01a20006011802ac
03c40338002d00ac03b601ff03e20039
017300c100cf00a80144036203a1008c
012502560342031903e3039c00ab0314
03580271009c00db032b0232027603ca
00bb02d001fb010e022403fe02b102f3
014a03fe023001e6021a000a02200259
01a603270216024001f90128001a0229
00470211002f03f303a8024e012e03b3
02be001300880109006600bd026201da
002f01d401e90034021f01bf025003f5
02e803a700ab026002b5014d03eb02a2
038d00fa009e014b0128030103e7032d
0113022e023e01bb033f000402150085
02600281021f03b503c601a2010a03de
02f903b2022f029f032001bb028f0018
009c02e2006403f6039b03f8030d01fe
03c0038101db015003c901ea00480016
020603c4002d01c001ed027d00ba0235
03d1008a03130162027f0199033402ec
021901e30371017902f102b9014603e2
01000271023200ab000b014d03fd02ae
029e034200f701ff03e103f8007c015a
024402cd011a019602a403ef03530222
00b40363025603b301ae00880226033d
017a00a801060259022c0333004e01fc
036f036a01c603c203bb003502a80357
02ab03f9006003a801a7035f03d2024e
022a0313027f02b701c8015b0063007f
014002ac03a6039f009f023f03790186
004100ec01340120001501e500370054
0077005a01a30031033f0218005e0076
03fc02b5023500ae012e02aa020c0093
00f700bf0090022400df02ad01c503ad
01c303f700ee029400a8001a00aa03de
00c201a70247028d018c02a40171021d
01e901cd002801aa011f015101d8025e
037c000100640004010600ce03c101d6
02eb008002fd036603ea014c01cc033f
035602a20339019503b703570048022d
033402e500b2033d00710300012b00e3
02a70382028b03c0015c008901b90188
01d20222005903ee020603b8039603f3
010f020c01a90019012000a202280374
01f9038501ad0269010b021700fc0102
00990067031200af00fe011200340227
01460162023b0220033a02f901ea0006
030301c600a2000f03b1001200de00b2
027203020313019d009101f6033d0293
025b0213030b02a602e5021403240285
00d2039803c7000d00d8037403840236
014603540115024e0164037503060088
016f0011010c0039028b00ed01870079
021500ab0138010603e0022403bf0306
028a01e803ad03bc012700b5039c007f
031903060175001903a1017003c402b0
006f03d8014900d4036c018502e903e6
00340195025100e500c9002700550098
0064022b0255001603de026202c0016c
01e20064029c0248031e005b01c60391
011901cd037b00cc019a03e600b602c6
031901f20241019000c0037200300244
0252028e0286016000b70204001400b1
0245011e0180026601020034031001ec
03c6005c01fc02d503f3029701220293
01e103d60334009e02fc032703de0383
03a5024800cd008001e300b802520209
031a01a8028a010f000f016a00fb015e
01c5025d02fc02610078036300a4037d
0232036d01dd032900080337019200f5
01e40398020d01d9030303a7026f00d2
032b02970075017b009c01ea010602ed
025900fe0184015b031500ff005800a8
00bb028c01cd00e30062001a03f20087
003701de003602d900fb0184020802d4
0113021f008d0208032803c903200209
037a039600a3028f03eb02eb03b80271
027f031c02560229032b01510000032b
01bd0219011a020f012903b901b2018c
017900cf01b8009e023f020200ce03ff
0039001201dd03550183020801a40056
0124027c034e01c5018d006702e00073
00b5031503cc00850136039a02bc03b0
01ca02a9005a01f40395023501f70259
036000a60046025200b702a4000b0280
016d02e7018d02d80130019600cb009a
0342007a003301f103770094000c012e
00ed01e90112026d00c403ac000500c7
017302c5011403c0030b038b01c40126
02a60170000b02f202cf019d02c6015b
02b80232000a0232018c030101a1017b
0220018901db02030096002502d00249
03e803480136035101aa01ae007002af
0310021b00bc001e0367006e01270321
002b03e3009a03dd0103011e01ab03f3
015f016401ad03f9012103640069025a
01e601760159026d02f703670184016f
03c602a3005b0232017a004102c403c3
03ba03df034001e501e802ea00b20252
0285037f038a001a0004027902ee008e
02e0025b007a0024016b019e008c029d
02c301e50188020302600339022c0232
0158029103400328017400d803a20265
0156032102f602d30331011e039400a5
0232000501d202ab009a037b0213005e
0294006502ec00d5002d03100192018c
031600420394026100ef03a603f20158
032a01c1004803c803e303de0178018b
035303f1000b037e00a700f301da01f3
010803e001f00267018900c400b502f7
01e00363023b006100b400a300c7005a
004000b6032903e4031400c701260109
022d028a037f01720145007e02a50373
026d02a3027102aa021a009803c301cb
00d401d302c7003900fe0008018b035a
00ed031d00d6022703ec013801da009a
038a033501da01840236020800ce0039
0168006b0310008d0208019e03dc0074
00250241019f021803dc0276017a038b
030b00ed033500a202fd035d01d000a3
004c02bf0034015200df011202e402aa
031a010100ad022a015402e5031a000c
014d028003a6010d0215000802cb02b3
01970342018d006103340206025001e1
01e903380101038f013102c1034403c5
0148029402b80273038c03fd03be00d2
006903db03e8006801340344032503cf
004803e3008f000c0030037f01b90074
03e700e903f40127003901d5000c0317
005a0281024c028e0261020f00da011e
03d0006a002401640039028900a40314
01cb01f201eb0020016600f3034602f9
039303dc03850297029003a803b802f4
01580391009902f702b2032601f10356
00b701290189035d0139005302f002bf
02d300e303e101b10063004402af003f
00c303d90204013302ef02d60056025e
035500b300bc032b0344004302340069
0123024202a5015f019200a0035b00e7
02ac02ff032d01d6031b017202780372
02b100b7003803d003ed015901f0030c
010602cc023f015d035101b8037c0294
029b000201e4007903c50138039a018a
0266025102e40152031f035c0157014f
013a00fe021603d80230007f0161022d
00cd02cf036b01e303e701dc01b30233
01be028b011403190231016902aa013b
0349030701cc03f7019c03d0009f019e
023300d700ea031603b60182005701fd
013c03bb00a7015f00fb002c015603f5
000100bf0231039f01780220008b031b
026902fd01850007007a00b002720217
0097010602590333039b023d0207011d
0376031900c603fe03d4002003d800d5
03090213033103c5003800840165010a
015403a8020f0374026a0201022b0020
022401c103de023b0311014d01f20098
016503d4023e00dc016e001f01500021
0164034200e4000101a402450305009e
028200ef007d01f2002b02bf01f200af
00bc009501d20084006c0029029d0107
02ac0256030b01ea0310015602fb011f
00140349023802280250021603de03d3
0097015102a70214023e0390008302d8
015e01f10375032503aa024e01f70288
007d0387031d02ee01550377035303f7
004100f401090327015d02a003f30204
0278031303d602f1024702ca03f10082
020601b2007402e0030400df02700347
032e03ad008f0238001c00f100b9008a
0052023e00e601a1004802c50394004d
022f03e100b100fb02e703c400070134
01e802cf000c02a0001d001d002702e4
019203df02ad01ae02a800aa01480288
01c4024e01ec01a902c5019501f702dc
02a601920221034500f80029008d000b
020b0024032e024e0238005a000f0398
0054002000b200a4002a00cb01700297
03f900840201010702b90337003c0237
016302ac019c017000170106037803c8
03c203f10053001c0165013903a202c1
03e400760205006d03f6013c029b01d3
0215016401dd00a1035e0326012c032e
002300da01ad01b3035602ec01a903b2
0295002d02ce02ec0187000901490075
02b202df021603cb039d01f600eb00dd
0244014500b602f8034300cf002e0031
01660248001b02a903d8030802c401c1
02f401870251037c028300cd03c300da
02f501ff01c9033502ab02a300a10157
01ee0034038b019401a902be017e022e
008c00ac0213020b014f035900e1012a
020b01b800dc008d03d301f102480158
027e024f020701b60021024c03f90017
013b01c503d901e80148015501ab036a
02d3017b02600265020f022e039a020a
0032033e02c803d603b6031c03380043
010c0062010103de03f3012a007c037a
014d0288003f03e3007903760031031f
02b3015200af01db0155020f0020002b
038c0115026a004d038500ce02c10345
037803fd004102480116019f033c01de
02af008203950391023302900234021e
01d800ee004401e100b200f301d703eb
034702f2003c007503be006d02f203ec
03ed00f50003022f035501280319029b
00a400d800bd0371028d018b03de0156
0167023501c8034f0056016e00f902d7
02fe000b038d027f0387030803480272
01a800440005026f00a303ff009f02a1
00e000160257039603470349030f00ec
039403f50335011202da02bc023500f1
02c102d60073013f0122032e00c40078
03bd0160012002f1001a0389016b0240
00230024033003e700ba0326030f00a4
036b03d202a60232004002ec01090367
0385015201dd010801a40347030e0206
0253019d02cd030a01fc00d101590207
018e01be03fe011d0145017e006e00a0
038003fd00d60309006e0086030e01f9
03110123008100aa006e02f20148019a
018d01590342015e02ce01c1009900f2
03a7027e013203bc01cc015202ea029f
01bb029500f503a60252021b02e5038f
007303b1030e018d030b000f00510190
0332017800d40227017303350380036f
013b015900bd020d037902b5023d021a
02b400d101640353011901af00600160
000d03b800aa030801c0011900460286
03d401bc00cf031e02f30046035002e8
014c00e10279029f0316008c017003d6
03a002c700b3020e00fb03f7021803db
02c102df02b9035f00db016b013e01c9
0099013b003e01f100fa00f600f6014c
03cd025801560111031d01a803310252
0024038001ba018c03f4014803990124
0248011a03380113024d03ba0156015e
03d50218033b01d303a201e9006401a6
00d902e300740271018702df02c80138
017b03f7003601bd011a016001280354
0295039c00b4027803cb014101a80394
03dd006703f7027d0287013502dc0115
036f0214039f0126037502850056015f
02d80078021000140327001802eb0089
01ae0312020901f000b50156005d0234
015a0375032c03f800a501b202ac0221
033c030c001a03ce025103d9032c031e
036e026a01040393012e021f02410303
026e025b011401f503bf027f02bd01ff
025602d700b8016a014801200369027d
032602d702640170013500aa018303a9
03b60391002b01ed014101ef03a003e9
02a203260224014c032c0109002a005d
004300b003cd01dd004d03e101ac02b8
02f80073008b037100bb0134002600c9
01a801bf03cb02500335036b02210322
028f028501b503bc028d007a03720050
021b00df03a202b8032d01f901ca023e
00d6019902db01c9031e01b102090148
00f80260001c037000ff033600b8025d
03ac022b00dd01aa029b020101e702f9
02c203b701de022c011a008502a60389
001d017401b90153013a0215019c03bb
0062010e008b00cc0170000700cc01cb
02480088014c00ec003a0326028a027b
01d703d1032101e200ee0375020f033c
00a40247003b005c0028016c03df035e
003103e5005a0377005202cd03e80394
00c40188021102c1013a0301031700f0
036303af019e025201420296028c0300
00ec03a0026c0246010b035b009f02da
02b3004d00dc0115035802c003ae030f
03d9038a00a60013028e003402a5005e
028800f603c503ba024e028701b4028e
005701ee02b10260035300b0014e026c
0017009c011101c8019c02c6021a00a4
006801da01d6009902c902b1037e009c
0296002d03e102500218025401d40272
01c500b603d7001702e7031703ce0219
03e1025d034602ad0344038f033f0021
0395013e037e00300038034e011e00dd
0026007800e70057038b0304020b02d5
01e1005c016003a4032e01a503ec00c5
021503ba01a8000900c6007b001501d3
03410383032f02f900e70087027b011d
00a5004002f702a90153036c00a003eb
004c02b4004b03c200010254013c01d1
0137016602b100da0085017603940252
00ff02eb004600420221013600a30132
02b001e803c00227009201eb035d0354
02c10164010f027202540154003c0323
036900480056025f036d03a100710053
0298038b030e002c023c032c030200e6
00ca02d903e600cc020e02e003f2031c
0026036f026d012f023e039101ca0078
03e501d501ea008e03e103d4025601e3
027602a401fc00b6030b010e03c103fb
00db03cc030903dc01e903ad01100265
021d03d2027703670246027500b503ff
0221038601c902ad00b201f902fb03ba
002802ef038301df012203af03aa0099
03ea036302bc01d7015c01a302eb019a
0304034b0167000d007d036402ce004a
01cc0072039302860149031b02f0003e
0144016101a6002b000b00a2027503fd
00b200300171019b01fc032c01d30022
0190026200eb013f028e0042031602b4
018700ab019303dd01b10350023e0330
00e4039f0318032603aa02fe00540173
03970339027000cf006e02d901d20303
028403d2015d03ea0306033102e700ee
034102bb008002c603b001bc029e0319
03ec03ac025203cf02410193003c01eb
034103330347009701b9027a01ff02a7
023f01a8013a03cd0176034e009e03d8
03ee0349000f00e600c0013b02a70038
01b900dd03cf02ea002903f10334013c
03c50284020900dd00ef02ec01a60178
03100223011703550018007d01ff0263
03a3013d02ac01240308022b00900376
002d03fd013500c701240343011f010a
03d701bb03be024f0125012e002b022c
0217016101be011902be038800f001e7
015503b7011003b701d903ee004602e0
0311038d00840015006e034300470141
037d031f013102cb01e5016b007f0339
02e800d001f300a2031e026500eb0156
007f010802c002a6018901b8017900bc
0229023903a001850185005102e103da
010a0299017201ab031d03e403e102e4
02700303010603db018a019e03c50214
009503ea025901db01de0207018103e6
023c011400c1038f0090027000fc0347
029a015e032b019f03f002f101960024
03890007010a02550392020503db02d4
034800aa035d03230048018b03e30360
004a022503d2029a00c20305034a0360
02f000370246012e02ee00d401ee033d
0389027c02c20355010502f500cf0399
01e3000900d400c803a700e803b502d5
02b7002303f001a603e7001c02de02ff
033c02df005102aa02e6004a00110310
018800a301c600a603ed021903420076
02280216036202ae01f7024900ae00b6
015202a203f2020403cf03bb036d0380
02bb03bd016d03e5001303820341024d
01cd00de00c50387028d026a01a3016c
02f700cb011203eb00bd01d6006e004b
031501b0005200f003bf0329026602f6
01c8024b0101021201590137022d0383
0177001d00f402c802230204029e0342
020c0045016300f7038301f102e401e7
022e03a701ca0308028503cb0312011e
030d00e403e7038100cf02a30021021c
020300f6016b01b202e5036303530339
03c5035a01ec03af017702b60281036f
03af019b01490147018a009e01180054
01f0016300c502f303d602ca01840198
010603a600f300b10383035a03660367
03a7026903a0030302db019d0258007c
010d0214032b03e40299018c028402a7
0243024902cb028d02f6032900020163
0085038d031802cc01f1004a03d3014e
011702b102e602a10032036203da0215
0259005e004a0003010c015800f80005
03a2031002f801b3020f017201470038
035400c6037b02cb03ff0217033a0173
0221018803bd0178024a0181030e036f
01e80301034801c302b800b1025701fc
02ac038f00ef01450216012a012e03fd
03b5017a02cd037e011300cb02a600e9
038503a200db038f00f50096004f033c
03b003b700b20197033703d6000f0017
039a026b037a025a01ff03ca01330215
002902c403430099033903d3013b03ea
01fd0322032e00e8027203cd037b00a9
03c5035c02830373016403f203c5031c
019902d8035200ad00e60128027401f3
01e80392000a01c801fc00e0036c00f9
037d017f01280006033e03c603b40326
03dd01de0083009e018b020a03570274
015b008702ae01e10337001b010b0264
028502a90353022d02c900e102fe0000
03f80247029e00d703dc02bf017f0071
034c01a60203022f03d300b003aa0242
000201460109033a0037035c015a03c2
00fc02cb02e9039f0263025702b0009f
0167016c02d60086030402ab03d70072
011c000601e1027d020502de00bb0324
038002d2009b01120260002e013c016f
023103e603b201a203a6024203b90221
00bc012f0232023b017301400273006d
028c0082036d0222006702a501a9005e
00080021001f009a03b4021c01450220
01d902c60065032800e800f50187029f
002a00a703b9036c0352011c011d010b
02c403d1013000c803f8014300fa0251
028b0052038800c3011900f3013a02db
00aa000802f1013a010f02cd00d70126
033500de0072036500a30347005b01c3
01dc03ca00410055002103e20138033c
03bf022e02e502e102c703c9034201ff
0288000f037203b50378033d026902ee
00c303fd0258033d03cd02e9036e03e7
03a301c50109012c000802d5010b011c
031902a7032f02a802d7037d033902eb
0235036101950398008602b20195019e
03d901040317018c022500a3013c0043
003a005900be0320026503b401900291
0391032d035b028502f202a203b80199
030c03a001ce01ec023500e801db00ef
00a8023200e30227003301e8022501db
00f00340010800350064028e01b800a5
00e703a502060128003802d0015001f9
0294033601bd02e1006e0128037602c1
0323034802280184017900e501d30204
03b003310028012a034003c600c202a4
00de01ca019f033f0007009701bc016d
0103017a01cd0076002c02d100b70355
0082022102610287016702e302190053
015a00c302b6017e0398039c03f20372
028003cf03f9029400c4023a00650315
013100780144022900f50181032701ed
00f001250105012801e70207033b0299
01e90289001f012b00680182015b02a4
03cd00aa01dd03750290037d02580136
0086015e01640309017603d103a202ff
009d0040026a01df017b03d4035c0399
01e7008c005100970030025a010a0350
02c802070163017703c902ba00620333
029e023b013202e30141000802b700e1
025a0384004a033b00090239037f022b
03320134027c022100a0028002c60038
01180037000002b4022b00ce02d102e9
017001af019f0313024d035800100365
003d003003d1000502e601f202920051
00e100e2015801f6024203a802c8026f
03fa03a70207002f0321028a01670357
00d30348012e025203c902f003b2014c
0368019a03b500a303b5034500bb01e9
030a03a201bb0134001402730127029a
0369009202160182011a00a0034c03a4
03cb0025023203550397023c01f603d8
02f801a8010c01ba02d6025a02de02b4
018b0086017a030603cb037502ba036c
03eb017e00df00ab02b0006c014002f8
02f3038f00f402b401dd01ec016702ea
01db02d303dd020a00400307022a02b3
02240190023c001f031403da00be0350
0009026902bb00fc006902a901f4015e
004a037f02ab00d800c2016302a4034e
01c2011d03c2010501cb033c007a0292
036201a000d1006b016c00fb02020150
031e003003d7028e01ed03a7011b0282
00c100ed015801310225028400fe002c
036d00190367038603c603a0012c0303
02b703ea003001d801d8005b010e012d
024502bf00660213028a00d900780226
0067035e03cc01da015000b600530394
039a0145013a03a00037002200030116
014d00140088032e02f803db030d0275
00c1035d031101f500ac0225002a028d
0224013f020600470282011e02b503f0
03dc02ef038303f500e3014803d0006c
020e008602e403cd02160385006403d0
009802fb015e01f7021502510108023b
01fd0197001c0053013b036700a20106
002a0312020702be02e30175017903ba
02a701c003490334018d007d01ca03e3
03e302a80185003303c0038b02ca02f7
005e00d70226014a0012028d01b70234
018f0204018d0217014100d2017f0028
01d4018102ef02fe024c003503bd0194
02a5024501b4010301010368035c021c
0254031000c901e1000c0329025a0273
03e3034b003900dd015e03ab004d0105
0342007900fe003a025f004302a90023
02a5014203f0009003570244009e037d
0381011703b201e402a7030602de0054
037d014d023703f200d102c60246015c
037d01ce0242034c013f03a902e100a4
0292004d032d032e002e00cf00030240
0349008d011a021d03c903b100fb0374
03da022b0030036d02bf02ab03f00059
00a500270162001300f2002403450331
033b029701bf00fa003200460394029b
01dd02d5005102ee00a103a903a4002f
006b029202dd0033028500d302d102ae
03eb009f039a0219008b039e0245012a
00a9009a03400053016c02a400580031
01a2005b037c02170212000d01180188
037e033403a001cc03c7011a029702b3
03bb02e600fa003603d202a6039503b9
02f700df014a00c5011e014001b401b5
009a00e4028001e80378027503fb014e
02d701ce01e603eb00710178014b0259
02c8017801b00102009f0244007c01c1
0219006201fa034c012000ff00cd0139
007103e603f9027201b202a503130301
03fc039c01ec01bb027a00b6018b01ff
03c80090003002a101010397039c039a
03c900b200ba013903ef035a02220074
016f00470277003d0007023a02970068
00ff02b2024f015802c701a702610284
01ed01c000e0037a03540197014f030a
003d00df02e8029a01dc00d801b6004c
03c0011802530226030100e00075024f
010200e5001f03f70245024b01a300fe
0377005e030600b50194003200fb00de
00b902880026011301ac01f202df0186
023201dd024300bc01db0049036e01b5
03ad012a0337033000ec0057001d02e6
0108032c037903b703ba029c017d0145
000901d90145025b036100d7017a0229
024002e603aa01e301a5026200c80147
0195026503da03fb024c015201370366
00830337008d02740378033502d80254
009901f402a5011103c5026e01ed03a2
01f402910271001e0146012d03680033
00ff03030156038602400196030700a8
0311001601ff00e0020a025502ca018d
0187023d014c01da03fe012301df023b
02a7017a000103aa0080016f02960274
035b01c003e5035d00ae019f0160035b
03500250030e03920071024301c50161
024a033303ec006402a3021d002300b1
0255019e0384032b02f0023f02310030
00ff0151007f009e0263038a027e030c
029c01fb01f7024c031b009601d60028
03b801eb00f3020b02dd008700b4000f
014702a8033d003f01bf031003780142
0278035f01c001050215006101fc0057
009c011203d40097028c0384013e0381
00c303f80348029803f900f601b10034
03820277018c021303c70239001d0245
0260024403fd009801ad03b00246027c
031300a30287032f03e9011f023d0162
00ca0239005b01f9033c03d700b401db
033700ad023a0265039a0019038700a6
013a013c0098018a01f101b5019b003e
023100ff03ad03f302a700380375023d
03af0136026d008b03df00a303e803d0
01de00d6030303ed00a802060269003d
0391038d026f01ed005d03000280015d
0186028f03ac00180021030b00c3020b
02dc01a9001800d801a00227038101da
023e034500110082031d015a03b602a2
0251012301030363000a00b503fa0111
00050386038700d202d101ca00c2011b
027f01bb01f50116003f0267006803a3
004403ed03f701f101aa012402f5000c
00bc03bb00bf02c201ee0389028e0055
02b5028400c002b9027f027300b90178
0232018a028d0001035600bd006f0388
030b03dd03320174020d00f5012800c2
03dc02110050035902da00df03170185
0326004903210351004a02280239000b
03a900b901e3033f009302fc02dc03cd
0132036902c203a802de006c00a002e1
02a001e502ef00fc008a039a016a0379
02e7017903cd024400ac019d001f0083
0205038600e801da037c03ca01ac03e3
00bd0038013102ed01570393038e025d
004103050250022d01dd00d301bf029d
034b0377031c014e0217028f011402ba
01c801840201001f0309001c0149029a
003902200120007c026101c5034e022a
03b4038703a500c70366017501eb0024
023a02bc032b03f101a502d400c4007d
03d701e100ef034c01d501ba03db027c
025600400370032103fa013a03e20248
0325015200c601b903e701ec00920271
03d900660384016d01c10381013b013f
00c200df02b9016903c901fe02170117
001302b3011501b0022400c70287004f
012e0196025b036402e7010301690298
008c0217036b0014017b023b03760198
01ee00b00364028803a103880207032a
00bc015100f7026c03b301f300a00037
03570058004d01af03460112014e00ea
02110343032c0199002f03fb039901d3
022f03e803cf01e103d001dc01cb02c6
0033005503c60191000f008e030a018b
00440292034c01ac0044035903040321
009f003703b300d702d400af02330322
01970103036402fb00a902e30359005e
00d303da01fa02d202bc02eb01b40260
009c00e3039b03b8036e005b00ab03fb
00450305020a021200da0363022f0219
00f70222011e012d02f300ed01d002d7
03ad032a0221025f014a036203e20237
022b02ce03ae031b0013027701fb023f
0057026b039c013c001b0040036b02da
00b60273029f030502f7011a032f0188
011801f10370005f019803b500090083
002500c8008a034c017c02b300b5017f
00a1037702fb02da0394009203eb00ef
0391022402d1005f0143006301c80170
0105000d03bf020702bd00a201fd02bc
006a0398036901ff0211014e01d403b5
00290063026e01cc014a03cf028a005f
03cf013a03a400e1007d002a039a02bf
014401ff03b3023202cd0173017a0285
01ff02dc03dc034e00f8013103dd0281
0385019400a9003e006301e8032602cc
0082015601d3021f014e0263033e02db
0296037e01f401b7020d034401cb02fd
01ea0100023e03ba016d00f7008e01d2
0274032701ec008f03340198005e01df
02ac03c7031f022a00d3018702150233
003000400325035301c5029902580074
025c00ee0265028b0190010c0122015a
00a5028400b702d301c901dc00b5011d
000801bf021002ce011b011f017c025a
037800be00570286003d036c02400166
01b1028f0333004e02550025027b00d0
0386031e028d038e024803ba018800f8
001d030703ba03f0001200750224021e
015b0202037401c203fb006000290352
00ef00aa00ba02090026020900400184
03aa00ad00f1015100c70163006c03b5
00370094022a0199017a001400fd02ae
027002480203022e03530133022f036f
02e400e4004e0032009a0171002500f4
0190016c011303140338009a032901a6
006d0311023903f4037c03e2032303c8
012302730370001d01bf039901270223
001400ce03760171022e026a004103f6
00e40159015d03c50081021801dc001e
02cd0362002301aa0255002c015b03ba
023002d402f9010701c003f300cc0150
0395028402a403ff009f03fe008d001d
0273016301e101ff0220013103e6008c
005f01c803ed018802c0010c02200290
00dc0321016703e102c900a5014600bb
01e801e800ea02af00dd034203c60063
038602be038203ea00e70112019603fc
01af016502e202110125004300dc0034
033201410099019f03ab009e02900241
03e601cf0009015203b20336000001f4
018f03ac018600040073029901270030
002c01a60127026c02ec03400137010b
0325019b00cc02aa030c027201b601c3
03e9031303b303aa02c7011d010c00f7
0262011a001d000701fa0017028a01ed
021903f7035f02c400fa01a002390067
039c024c003102b600b502d000a000ee
025e03f6013202e202d5022c00b800ac
00d30147027c004803ef0331032600bf
009c023702600134018f00c2014f02b1
0124018d01ab020c02dd027903b300bf
00be0076004101c3005a01f803b203a4
02a8029d010b006000b500e5016400ae
03db005100ee002d01b1038403c1037e
021f03630211012f032003bd008b0331
019102f201b6028e037203fe02c4025a
00ad008c031001190250039e0257030f
02e203f502fe02c9012d017502ed01f4
0233000b0237037f00d20346027300aa
011b021000db036b0305002f02440296
038802f601530029016002fd028c02c3
034a033d030201e203f201fd02f301bb
0290034a008e02bd0133031902c2039b
01c602b901cb0339039403dc0059012d
027c0322031602d00153007600520191
00fa0105002903e4039a007a016b015d
0214016f02e403370376011c01d10026
007c0176000600e1024a0268002002bb
03e301be01400250033c02be0303019a
00ed021b010c039f029601b0005f0364
010402e50240024801ee00a302870375
004803bb000e030201d7016002d10249
01670103028e02fc01f100c600d70266
006100a40017032e0249019601b500bc
007802c00331032002d2008c00b5000a
00ce00fa01e600e001e2016e03000237
012e03c900cf034b01b3029503590224
02d30244020802ae0100021803a800f2
004f020a0324032201a4012f034d01c0
021903e20313018601b3027700cb03c4
0077023502ab0031039f031002d902bf
01a0009d01d90302022e002d03a70043
01e1026200f703bd00040021028600dc
01b502bc03b10364034803640336024e
014800d600d501ba00dd01c303e703c8
003802b8022202c6020102ae002802cc
004701500198036001be032801e00137
034a03fe00a901ea02dc009602940072
00620004027300c5026d01b100200292
009202170019017303d8035c02210291
028f02ec03fa02de03090153017f02a5
03ec009a011c02ec027f01cf027d03cd
002e02d701b2039500a5021a013c0393
03440181034c01c302790389022a027f
0053022a01db0140033e01df03a902fb
0184006003ee001c039403c303c501fe
03d300e50137004002cd00db03070222
0096014c03ca00d5014003700315038c
00a5024000c4014c02ae032a011c0040
016d02fe01ac02c3014d016701dc00a3
01fc037703d800ed01c302a9030c01f5
00d8015c000f0084005b0347036401f2
01f200ea031a02e501bd01df012301d9
03bb02720018027c0017032b01a40325
02fe0045037800f101bb0342021500ea
01d303260367018a011d02f7021202eb
006f01c203a402500104032402600196
006a010e01c203a7032003e002ec0097
01380027039f00fd0105030100b4039f
01a10235015a01a5018a03690333032f
01cb009502e6033c0234022701b00084
037501cd03f3025c013e03dd01c802b6
00730230026902b0022d028c014a0242
01fa035d004000b900aa030801c20317
01560017039b028c0231039f013a0177
02a8033803ad03bc03ab022201ed02cb
032e029c01990129038c00d8020c03dc
02bb006d011902cb023d0271022d028a
02a1038700980096038b002b00780233
02ed03c2013503a4003302ab028a008f
021e01780214014603530028029e0226
015b008a01f8024001970264012e0393
01e3002403da001e00d6024c02740110
00a302a90365028b009e029300d7020a
0210006c02b8013300fb0340027d0017
013e016a018a021a03050301002e0205
0140008f01a5003a018a03c0011001b9
02420337021a03e901b4012e028602fa
00ae0364035f0269029e0217007702b4
02b702b00000034703bb01250202019d
005c03cd016301790373039703f60283
007802c303cb028f0387026902be0073
0305000d01d7034403810315012f0156
02db03a8037002010211015302f202d6
019d00bb01e103430207020b03e901bf
034801ac03f9039c034d030e00bc00dd
010100000285036703170103031403b8
01a30061013703a20397010001fd01e4
03c5000400a101c900b0032e01db00c5
001b0274022e02b5010403cf02a602f2
002e03fc02b603e3034a030a0279036d
037703d80258010a01d203db00710377
021a01bf0394032e01de004a0272000e
023b03550332019b03d20082035701fb
025002de0326038b01630192019c0299
000c00ce03b2013f039e029503e40158
002000a701fd0089002201d603ec0048
0223034a033f020a00a20122031e032f
0238028401be016101f000020255023d
01b90108030d01c602f5018200b3018a
03010340030a01c90121031402b50292
0073023801af00b003a303560334028b
016b02e803f5011b006c039002a000a2
017f0353021a01fc014801a601f80130
02d100b80161000700790222005003eb
039d0283014e006b00250015005601ea
022c00ef00e6019d02b10325015e01f6
03720139012a016e0160014902ae0227
007901c203d701610073023001490194
006800750080016202d902cf02b60225
02da02c1021c002e037a02ee01cd01de
033500a1021a03d40362028002ee018c
01c102e7015b025102aa005b0159012e
0059030c00f701200163005502f90306
02fb03ae019000d40397030b014c021a
00ce03ff01b901e1020a020502a5006d
012f024d032b016c0143034a00c30154
009003bc01cc024a007600a20148003a
009003e701d003be007c0119018f01ae
01570018029c028303e3026b01f00138
007a01e500430190037400d300f80345
019203eb023102eb033e03a500580173
024a025e00180206000600bc038600bb
0291037703e903ae006d0224027b013c
034c0214025800fc03320031020b024f
004501b0030801ab030502cb01500032
00fc00e9012a025a001f02e301040377
0364013a001502f40324015900e901f3
021f00310335039a023d033800d00026
025501d501bb015f00f20393011d03ac
010d025d024d009d03fd033f03660373
017300010369023601bf0027018a03a1
02a7017901a903b403550017035301d9
0303011d03d30007033c0186018700fd
01d6026202410372019403b300520041
03130160031b0048038802ce02140150
018202ff029502be03d3003701b00381
039601780206025403b6036203da03df
0207007d00fd00bc03ed03bc009f03e0
02b5039d00b70356011e001600870053
00510384017f0393013503b6014f0329
001c02b2010a035502e301790021022e
02b200e50394028b027f00d9014d0169
035200a000c1004c0122015a02b90393
00650267032b0125027c037f01af0069
02a003ef03dd025d009a038501e50007
01af0145028b0045023200fa01820128
0370004b023302a30039035803d1013d
0317035000ba00be0389012b01080171
038802d400b2000602d8033401bf0067
01f803fd034902f803aa014d022e0370
03fe03fc03d6029803f30093030e0080
00ba02b701a7038400840213029d004e
00cf006d020302ab0342026a00ef01d2
03d101ef02aa030301f901be02230206
0142007d030b00e2009601ce02ac023b
01ef00a903ec00ba02ea03c6031b01d2
001c01d101b20043010e037b0386000e
036c03210309027602c8013c004803a7
00ee0334010702fb00bd03bb0005014a
028f00ab02c102ba0004034a020c00c4
0015008403a901c002a3026f01840211
034d00a100d20330009001df0175027a
02bc02b703fb01d5036d01c10345014e
00b90063004e023700fd0349012402f3
02c003c8018c021200a1007b0356024d
0140034c01e5023a016d024400a5028f
0325016102d6030e03c602b90198036f
00dc031d003e03bd0270039802c30269
007a016c03d6022d0132013e034b03bd
00fd02bb007b0068014b032700a703cc
010000ca0370013d03b702c402d301f9
026301710271034f03f601a900ef0327
00ae03f5035502bd0033016703f70220
01d002e30203036b012f006e002003ff
003f02ff025902f602a100f701b80334
03cb0098011b02b801b80253002203da
02b90164012a005c003700f103610261
007c00a60186038e03950310036803eb
02fc02dc01380093000202c9038401ba
03eb02c500b3021b015f007f0308023a
037903110288012f02380036018802cb
03aa0047013401cd00b603d30266038d
033f00b2005302ba0348007400860352
03bc02e703d4012902d40253000b0122
001b034900c4016802ac00fa02340231
0353023c00d50022034003c70328000b
00550194008500c5013a029503d100c8
034b011a02b0008b02b3039c01490225
03d40048034e0073014202af00120291
021503ca03160110025b032702d6039b
013502ca0257034a0174012e0028033f
016000f6018303c801fc0374000a0244
021b01ca01f001b700d903a5017501e0
02b1019a0305035001bf03a103c302ce
00f002f9030701ce032000240183022a
03eb00be0206016b01f8025802fc0025
01ec0113031502480147039902380221
00e202ca01ee0259009f032103e803f3
00540014007800b3009301ba019b02f7
0293010301bd004d031b02150329014c
02aa028e002f03f30077011a004c03fa
0095015102cb0205038200c302a502bb
031802e6018100f3027101930387035e
0368037a029b02c802f00136025d03ab
0233008401d803480306000a037603ab
02f002ac02a7012d0196026c038001bd
015e008200a6010c010c020c009900fa
001902a200c202d303f1039101520135
037103b0019e037c008601cb022d011f
025b02f602ed02890190029100d202d8
02dd02dd014501030381009a0232038e
017301a4001701e5019e036700e503c6
025e012500860368004702e601fc0279
02db019a00400278015b02fd014103ef
03e8035700a801d303c902fc032701c1
03a7028d03f600b600bd03e20197001e
01ef001603a600f7015d02f3015c03cb
037c01ca03b5009f022e019c03dc025a
030e0029015300be012802d900c5018f
02db0142016e010e0229016d01d303a5
01db020702710063009501d9026f02b5
02950342010502330306016701be0272
00b702b6009e033102180048000202fe
00c500eb016f017b0062016801ed00fa
0279002903cd02f2027601a201d3011b
01a9017400bb00e601af018b024700b3
03610344011400bc003002df0030003c
035e01e60230014802c800d4006e03a1
01f701cb03e700710362034f02160055
015a03be014d025d03d7014f014c0004
0263017603b6037b03d500d401a4024f
0170036702d2025e01ad023f01300277
039f0166016103e20063015e038d00b9
005a028701a70313037a028f031c03ab
008e0330016700f6016a03a3017403c4
03e5036903b1037803da03f70098035c
006601d4012201c40092002d01fe033a
01b40137022e002203fb03e3037d0289
032c0077039300e7018e03ba015d031f
03b702ae00c000b702ba034e02d40238
010903150021000402e8030303e202af
01610379004c02770134026a026a03dd
00e902960066034d0013021303d703f3
02510192012d002d019e029401980270
012d02d60295030d00ce01f2020c0074
001a03b601c6003c003c01ad019e01aa
038b01fc012202240148030c026902e2
004b02c502bc007b02c9003601100338
01030024003b034200b40302039303b7
03e9026c0318026f0099004000550144
0165034e0387004502da01db017d01a3
0024009302f400e0009603f5031b01a8
008f01d603900399004e02d6023403ad
0103037b02860147025903b5011901bc
024803af006901ca01e1013000a70074
01680338017e01ff0112007b010c0002
01ed00f7004a03de0020015a026300f2
00f701cf020a014400340230033c0380
0335018f023c01120143032b032003b3
025b03f7016d02bf03aa02ef006000c9
022e009b028c00b7021a01cf002402c0
02bb02bf03fb0021012400f200c3019e
001b0355025202f7013e033701cf01a3
01d2016b015c005f015702ea008a0208
01ee00b7037501a70132026d026d0069
02840243025302fb031f002803810277
00f901180150037c00e0027700ad017d
00d2003b02a303c200ef0217037201e9
011f03cd0008036b03cd02ae00f403f1
0363012b02280233034a03f4010501e3
01f5013f0248013b03cd002203b100da
02aa029400ee033400c1001f00d001d8
006e021b0348038302c0004b00b00050
01a1025e02320105036501dd00b700b5
015f03b701bf024103e60174014c008f
02b000a803ff038302050314028301bf
00c102df03f5010d038b02a603d8019f
0182032702e4012e0087023000650067
024602fe0199015702460145026b01d0
02a8006501830276031d0202013c01d0
02080056007d011a01cb03c900b60024
00640034014d02a10381000a03bb0267
034f023602f000cf03c501f1001900b9
0168015c03fc00f303f3029e00b90174
00ab01a1015d01af013903ac00810339
00b0035d01ab02ce01e4018d035f017b
019a03ce0234038801de000301e102cc
02bf001602ba039601c6017c039c0125
021c003e012100ba03b4015e0034000a
0211004d0230024d0172027b039f0387
0004026701be026303eb031f01ca0068
03d203e8038a0088012a03ae003000fd
033a02d700ac0105012400a203000216
030c006b00420331016f018902d301f6
00a1037500bc0024025a03dc035d034f
031e01d301640334001c00f303a10287
03c202be00e5025c022901ab037000c3
039a03dd017503000309003f00cd0132
005300ed0368019103ce02c1019f002b
02bf00a301070311028d010d007f0095
02ab0320025a029c024e02ea01610198
037001b902b701af018401ee014702fc
030a02830176012d03cc023a00b703ca
01aa03c3006c03c8010100ce007b03bf
02f703ae00e903890103000502710032
01e6026f01c00306016e0056016002f4
0099027502f1013901f402b3024c0157
03bc01cd00d1034e020c025600490164
0389002a0159014802120004028b0154
0052008e0195031901d303c6026201f3
0183010a0093013602700224015902d1
020c02ea02af020d012f00d10190018b
0209018d039c031c03c9030d02d00273
03f603ee00aa0103013b00ed008800b7
03fc00750365009d008d035200140080
013101fa0118010f022c003d02fa031b
0235006301a702c403ed02ac01370247
004303b900a801e9003d003f00da0255
03c70181020400d601da003b006501a1
0139032d00b7038f006500ab009a0291
030f031703330341017f03f100b502ba
00b401d300b40174003501f403a1032c
01b401b301f3001b0015011402ef003c
030801b2004d030901be031f03250300
0111039900fa03a2014003dd008a006a
00a2022f0262029201450210009e008b
031d014201c5016f035e03730256035c
031d015401cc01340190033603a5028f
00a00164010c017b028500f500c403c9
027e017d03fd0034037b006100e801fd
02bf013d0158029e02d50072032f0339
01ef00300172016301a1035603100078
03a40324003801060111015e03d7019f
0079022e006002d900c101e2032d03ab
01b101e602ca01b802c9025d00a80363
016403740052014502d403d7008e01d0
003c00e103290046029e01ed01510239
03b602f6029602bd0219019f00b9007c
0125003203d8007500b60142013a007b
0203028f03e702c60279019a00120230
001101e50368002202d102c001cd0076
001c00bc013f004c011e002d021e0335
011a02fe0112015e020303f802ed0138
02ce009c001201a80219038e00180045
039b025002cf00a903c70305028903c4
0058008201f8004a030d03550394006a
028403d700fa034001f601b3019602c0
025f005500f80017010a02aa02f3009e
02d50026033a03fa00ef01de02190298
005f03c5032e02a102fd006c01d303da
0394005401d603570311023a02cc0130
000d00ff030f0011037402e500cc0001
0164039e010b02f900b603c8000501e9
000b026c0011008d03e4030c015a03bd
01e0028a03bd00bd03cd0252002b0109
016b01b5018e003100aa00d50399015d
033c00f601bd006c02dc01f0011500c0
038101c0001e02d50352007001cf00e3
02df0041009b037701be03ae00940350
002a02c70328034401b9002802bc010a
00fb03600160015d037900f90385025a
0370032902ab011a022f033e00b702f2
01c001e0007f019a038d004103710115
0340021a03ec011b02200219013903d9
00f402d5027000b4009c016a022503f9
00670319005a03c40007032c02470002
010e014600f600820021022600ff025d
025700e4001003c90353012b01e001ff
037301d4023c01ea036a03860372031f
0170025903490142007e03b9027103d0
012c010201d800e401d203f403e7009e
00a202bc03f5038c0173035a03d400e4
01fd026e03b302d001460006032e0009
003602630374017c02cf003a029a003d
020b0140020401c4032001e003030270
010c03a002f3005c00f8006b00af006c
015603930093023702bc004a021601b4
034c03cd02d00059008400f60363005a
01b30099014a00c300d301bb031d02f9
03a101ce03ee01f0028601b3011401a4
0229029f021c00350202031400f10016
0175039b002a022501a200dd02be02bf
0363025001d7004a03d6004e02e80159
0268038e0355027201c60261016201b3
033f0188016600aa02b5036d02e101d6
02d9032000be0178019a03f30356011e
021a024e03f1002203c8034a03cc03e5
03e3039e03dc000f00170223011d0209
0293020b03cd03d8022502a402370251
006802e1026a0317005b01dd011b0190
00a0000f000602e2033a026800b0012b
039c02b202b602f300a4025602fd03d4
03b903f402fa02050151017701eb00b3
02ce0149037a0141010d019f036e01e3
03b300d001b903b6034503b8006502ba
0260010301e80198009e016c0227013a
01b40089038b011601ef034203aa0349
023c00cc003902cb031c036b01890214
01ce0010030e00510380022800c70035
036f03ae0371036401fd0025015100be
000002cf037800d50220031c02850242
029300250390025d02b4005f029f0012
00b40151034d00f800e801a20177031f
01d9022601690162038201fb0170029f
02c20123008703de035d0357036b01ca
02ca035c009b022d011c032c0258018f
010f004d010c0098024203ff030701d6
01f10300026903c002a103ff03bf0163
02c500950165000f00c100d103e9004e
024f00d5031102d103b603f003ed012d
01a302d90387037a0207011400ab023f
0099025101f1021601f9037e03c40315
028801bd019c0210023902e20367028f
033b02a801bc038f01b4005b01060176
0135024d019203a202df023c025c0349
007501b90254003600e601060080035f
014200da02ec02610201002100df026c
03c20152005b03cd03c3031403d60325
01a9021203e601bd029e011301d400fe
02f300c402d3032c0122025401f003cc
032000300027000603d901270207000e
02c6033103140035024f004e00b901e6
00aa0178023c00ad027701b7003201a9
03c400ea015c03d50204021603050087
024d015702e801a600b302a602e00305
025102df020f02c902af028602a3010e
01ee03a800af034001c0029700e903cd
03b6008b03140370033a00ef03fb0120
004f02c4020b00b10124000501c200e9
00b802fc034b018201fd00a10356028e
01640199012100a9027a003b019f02c7
035301080008034b020c01ef00070349
01c000da0240024701fc03ab0037030a
01de02cf026f03920072021b022202f4
02580312004201ac0062021503130373
00ad030d00e702a100350135005a0291
01bc02f9003a039502b40049002d02ed
006a011002310171030b0263016900a4
0136032d006d016e00ea038a008f0216
0087036e023003a10245019e03c0033e
035d031b01e3012c007f02d00114009c
0224025e020803630059028e00fd0173
013303260364025301f70350036c0193
036702c102e40384024100dc02250028
02410396012b038a00e202a1023a00a4
016c033a007e015100930122022b0358
0065031103cc03930131002200a80343
02af002401890059035e01d003d803f1
00f000f301f001f3004302ba00d703e8
010200e300a20315038b02d3031601c0
01a5031d004203df0017011602b001cb
01cf000e03bd001a02bb00bd00920068
00b4006a016100a501e5036f02110171
016b010203bb0135014f004a02eb0303
01f700bf03c4036802ca02db03b60153
039703bc00ff02c801720161033401d2
02ad003a037300b000cc03dd004001c9
005a02ff01b201c803f8032002fb0019
025400c7017f01c301fb0300035e02e8
0202015f0214003e0238038a038d0239
035b024803ef0298007a031d01620361
016001410284013f01b20362005a0311
01c701f6023a03c9022401b703ef03a5
01e5010e029a035301c0000401680234
013b021e0392011f036f023a027803b4
01bc0179008c02c2020300df0282017c
0181035a0159033a02c7022a00bd00ef
00ba00a0004d030f0062003103f5039d
03a0032701f2016702bd00ea03ec0167
01fe00ad008201a4032a0288036601ad
0149004a03d80046007c023b02550286
01fd00c203c003d302b6033a027c003e
0362003303a7005101d40162032703a5
00eb034f02f100ff0364006302ea0382
022800530351025801b102d602eb037e
01dc00a302b202b50296020e00690008
0116031b0347022a034d03d60204017e
01ba0034032300db0063004700790192
03c600050327028e024f038e02ef0204
03a4034000c401bd000a016d026600c6
039d003b030f000c000b019d038202f3
01330301028c03c003f3019f02fd0252
02d603a402fc0369002a02b901f20260
0366025901e603ef02dd025c03420341
00f403d801950035039600ad02b9024b
029b029900c301540071029503720360
001902c803e803f5038c0016026503ea
02a6034203da00d10133000703ad01fb
013300740122034102560037003b025c
00dd033400aa006d010b016200340060
006a007100ca01c4006c0174006c0124
004f002f0219001e01d50141031a00e9
013b02be016000440201032e0045023b
02060208000101310013018701cb0303
02d500d9037202c3002e00f3003d00e9
037c0134001a035403740232009c03c3
01d800a8021a02330228009a029d0076
016001cf00a5007300cb0252008e01ae
00d601560063023e00f300160358025c
013e03b6033b01a00167002800fe00cb
0148019a02a50261025402bf026201d4
0090022e014c019a02aa03de033c003e
02d20202015f031500c402dd03090111
03dc0181015d006e01b0030c033c00d8
00710344002e03c50366006201d402f5
03d6005c03a9032e0117030b024c02b0
027300300185004202fb0020020f02e4
0018032601c2029e006a02b5007100ed
00ca03f903f8023c00ec0198032c0394
001501160191008c002000e1016501c2
021901500352021503d5019900d90289
01d601ae03bd03eb02c3009103bb01b8
008d02f80299030f03e1015600f000fb
003e0308028f039901ec02a40260035d
03f70324009e028702550338014e02b8
022800ee00ea001a03e7001700490044
028702b8022d012d007501b7034f0113
03cf024d002501d503f40236013702bf
017003e70028031602540388026103d4
00de020a00c000f6018500c5001e037a
024202dc03470342023502a4032903a3
00d603c000f2035703c701c303f6037b
022b01e701fa026403b00245023102fe
0370022d011d025103d5037f003103cf
035b032d008b03640393027e009c01a5
03b2005900fa019600970094036d00f0
02b900c0037703620008004203680295
01ec03a7034d003502ae011d03d50257
03b903f103e601ea016b0307024b006e
00d60066016c03fc011c009a017c03d1
001000a1035d01370087029700120109
011302b300ae013200b60308019903a1
005f00090104010601c301a700010177
02ef00d2016100b4016a031401ed03d4
01960298000f00cb039802370247021a
0064007c036900dc0210038500db0324
02e20358028202cc00a7015c03ab0188
01f5000c01740109036a01b40329016d
0046008303c3015f03a703dc0215038a
031802e402c1001501fe03c3007f0179
0139011402d902ae03c202ba027e0046
03f902e800b1029c0234028f036e0334
0198028801f902d500f902c703b80061
025b030e025e023201ed01ea030a01b0
02c800d20230004801ba0355023701b7
03fb0190008d03d201e103c001f601d6
03de036502ad006a009d01d1028b0015
020b024202ba00e902950278024b031c
01a00339005c027e0389013203f40150
00a500ae035d0107008b039703000209
03fe01c801240059039f03a803420389
020400a101d00087031903bb02700173
038f036e00680149022402b202540048
000b02fa02b903b300e8015903bb0304
017f006502cb027c016c0149036a039b
018d01cd037400a900ef036001e30284
01fe034b023d006a009502d102720096
0201017600cb032100e101b3020203bc
02070283021103bb006d0117001b03b0
01d7013a03c700810012031f02b100a3
0226031e01d9010203fd039b009803a8
004102a802c4009f03f103240295016d
00f9009f02af025702f2007b00cb00e7
027d025f020501e003150054035101ca
003a02e7015503d603c100520127009f
02240393005e02f7015e03d60119009a
0005007e011a01ba03a7005e008100a6
0012024800950167027f00c300c90064
032f03450107030a027d026a02ea01b3
039502e603a702ef015a005e0314012d
023402ee032300010065032403e602ce
0321007f0244038801750097015203b9
007b01e100f9030602e702ee031e035a
0172009403d1010f010e01f701a2032b
012702f802f300dc02d20288033b0038
0120031f00b801fb03840327020700d8
03b3021201f800a3029f017603d402fd
00ff0395025303fe018101ac00a8032a
016702c20070025802b3002c018b0146
0224033e01f9028802ee02c500770094
034c00de024001c401c402e4033401bc
03b102fb013e01a102e5005702fa014a
01d503ed003c01de037a02da00a2037a
005803d4039002f70374001e01b001db
03e4033803ff02d2031a014a01bc0025
01ac0083020b02bb02bc015e02530159
02ca03c8036000fb026c025d02e30126
025a02b1030b01c2035803d4037103ad
031d028502b600420343025402470173
01dd0225003203fb023b00ac00be01ab
00bd0372006f03a702b801af0071012c
013c020a00db02ee02b701c500b7024a
032d01b80077021103ee03a9029a01b8
03a003ed00be00dd0302034102780065
009300c8016a01ca001c014202eb0124
018c03c30219023a02ee025003a4003d
03f9031301c9002d001d021c02c80124
034f029900a903fd022c01e600c501cc
039e039c028000ad02d1036901610300
01280233010903d2005e037f03b90158
028503be03e5005f036300b200d60305
016c026603ef00dd02700248013403b9
003300750377033d018e008d00cd02df
008e015f03ec017c003501a6026003cd
02920080027a0212007e01100163016c
01ba00b50020027a013600d703e60108
01b50263030a0163032a021402c5039f
025c00540347026b0164010f01290301
00e603ab03ba005502a40038014f03d8
02d4027001000234022501e303c603bc
0000001f03ee031702e30353008f03de
028803a30190021102ef01fd02a603c5
000901e10322038003ed026502a30038
017b02f802600209012301bd01b201b8
00f302af008e01710390022802e40282
00cd025f013f016a03a301d5009f0279
0175029a007c024201bb00db02f80309
00bf032803e203c203f30397009a0259
003c012a00c300d600ca0068023401f9
005e0047018903fe03eb01a4007d0072
025500ba00ba039401de03c9020802af
034f019703e101b2013d00ac03fc01bb
027b0222004201070327001701ee0214
038a036f0168035203d202f203530170
01b202e00091017b010f027300f603d4
00d10102004b024603e801a500da0114
0312013a01a6033701cf010d00b7036d
0179005a02bb031a0043020d016902ce
021b00ac001e03140090023101da02f3
009501fc019303ed02f3039503d2009b
03d4038e019c021c0010026f028900c5
025e01a40313032e0398023c025e0154
025802f601f90312018703ad00a40320
003503aa03ca02bd0094023700d803a5
007d0238009d004301a802d603b103c4
0036026903f1017403a7011000710161
01970388039000eb03c400a500bc0036
001200cf016c026c008b01ff006c0334
00b4000b00bc0139017a02320106025f
02c20106013d02bb018b020c004e0397
00f802a60253035f0356038101d302d5
013903630075037702e7025303e90299
01fd00c803c90186005e00cd03fb0343
03d903070042015a030502a5029c0257
03f601930117015603bc0210010e019f
023703f1029e027601410182026c002e
02480201000d01f103cc014d013101bf
02ce023400ea0174009d03c8033f00b9
035803460313028300d103a4005300ca
022301be027603a9013700f703b201cc
02bf01f2010f00f1024e0161018b0206
00da03d7021400ce0158030a008e004d
003b0388024700cb00cd03dc02fd02c2
02f1016200d602fb014c036b03620197
01b902b90185017202ec002302c60025
012b014f03cc026901d40127023e0072
0292025401f403e003e7008503f70275
00d4017c0097015301fa0133015d0065
024c010802c301db01e103ac032e00ba
02e5038c03ce02cf017700ef02fe0059
02ce027e03f0027002fe02f80092011f
02e503d70078013902ca00be03340180
013e003b03e301c7019303c101fc0290
008e03a601c90202011001f9001c0208
037d0359011d00f502b0008501ba0399
01ae006502ad037b038200a700b90298
01fb01fc024a003a015403a2027501f5
03f103e7016803c20026007203cd0045
0002028f01b401cb002f0066027d0106
01410166006a03f4001503b7024200a1
0100035b02c502de01bc03e3006f019d
009903eb0156027602e6024401870255
013302100280036d035503ce01a9012e
022d0301012c00650352030800c6033c
01b402b2009d02bf007101a701ac0326
010b01dd0177016b015b00350196000b
01b801d1007600ac03c10102036c010d
007c02cb006c031f025f00a501090154
030202b6000902d80222026402310249
03c3008f00c601e40173022500bd03d1
00710063029402cf01e503cd025c004e
02110041004a031103cf0031010b00a5
036a01dc00b3004803f9028c02f20201
034202ec03a0011b011403f801ad01ab
01b1001f02ff01fb009d03e002210170
01b600670284009b037003ec03f00115
03d0019e03a4022000a3031003e4035d
01c6021002f5002301ea00c602330322
0043003100e60259014c01d200b60337
027100da03e102a5000c02830220001c
02c50388013100bd03d802170010009e
00e6020500a90211001a022e0370026b
01b003d6012200dd00a701ca0396027b
02670318007402030111011d0286033a
014a038602a80013026d029b00e50377
00e8031500d70173006d01ff03fa00e9
0161010801e003fd01b2004c005200ce
01bc024b0147015e0112017103aa010e
007d01e903de022301a9006103240364
0052035003fc020d00e003d002af01f6
03b5008800d7007e03fa03ab0392013a
01cd035503ba026c014802a2015e0371
00e403720266001b020b01b6002b0309
021801e4035f01cd0230039a01590238
02b800b5006003a30182005001b901b9
02ce036a0082010101eb03cf001d037a
0367008f029901cd03fd010903ff0124
0393026900bc029e023d01ae008a0394
03c50008011b00e700aa0222028e0293
009302e003840079032b0336003602ad
024b02050130000301740281029d0067
024900610215022e0237000e023903aa
00f503220375005b018f00b1008b0173
015700af035d03bc029200d20344037e
033a00860359021600bf019402a800f3
00d6005c03a303ea001900bb03840106
001c02ab034c00dd00ef013503fb0301
017903ad03bf02a4001c0393010f03f6
006a01b3009102b800b500140076004c
01f7018b015e02d002b502b000ae011e
0379012003dd01c600e00023002e0102
0193027800b303d502fe0165007002db
017d009f000a00e8001502ea01340309
028b005f03e2025901fc007300fd003e
028203d801e503cb037b0328016202ad
03ce032c00f20388007601c4036d00a6
003903180384029401a801b801f20025
00ac024d011901cc0211022b029a037d
01de015400e002d303ca01d400a0013b
03db016200f6032700a0007103300252
00ce021103e101c5029e01cc009302aa
03bc0032012f010900e8019f036e008f
024d009601830282015f00d501290082
01ae0103038b0291025f006b03d602bd
033e013a03d400a702dc020a00b801b5
026b03240230031f004b024701190054
03e4016b010e009c0381006f01ec00bb
003500c803d101b3001b00210281005b
0329003d0118014f023c02e0003300d0
012401f601af012002e501340268004a
02ec02ea016802b001b001b300580088
0322004d038802630347001d01cd0250
02d101810181038a0102033501b400a2
00ba01a403570193014500a002a40368
01ed034100960004024103ac0288025f
030501eb0225005700d6016f01ad037c
036b00ae0164020c01940277014e0100
03b90135002603db019c020803df02dc
028a0362003200dc00a500a9035102a5
019402a4039e001403ef0346035501cc
03a0015e007400ef011d03b802690201
00f503110164009703160102009b0034
030200fe02390114014800c701d100ab
022502d603e100bc033102ef00a2024f
01230271039901f900d103c002de00d2
01d60369023e00d1014f022800290179
01ad03bd02380084003a01bf025c00da
012e030a0066030a0280037f0241018c
0086026c03be0085024701ff033f0173
031a00b4038303420100028c00d901bf
01bf02cf00090176023f0191019201f8
02d401310296008b03630128019e0382
025d039e01d400220371034600a601d5
0307013c02b3000a00ce00ef011803b7
018103b7035301ec0199023502bc0220
00eb0218021c01f4000502f400b40265
02cc01b6009e02bf02af03f5036a0145
003901fa01c602b802a60309017c0366
008000d600010376033903a602f500c3
00310299039a038e01f902aa0051010d
03fc00c901170310023b0141002201b2
0066016401e70269003600bc016f03b5
03bd023101c600350246032d02050169
00220104003b021d0373001701d30253
01db03c9002502e3024a012001a50058
02180018023802240294008d00ff0251
01f2008e00d103b603e903df03ff02da
009d024d036a022603a503f602600197
018400fd016303df03af004a01a5022f
0206037403e5028b00400158000002b2
006001c501aa0022014903d70001039e
01480001015401a802ee027d01d50084
024900aa03480151027f0112018a0189
0190021103ca0161005c031000e5004f
035701c4012c0182036d025102c101a4
02bb0304036102650245036b00de0282
030402ed0253022d01e00311023902d0
01b90338038603c503a60021033403ce
028c0099012c02d900c7028900d9021a
038b00dc03d8026102aa02dc038b003c
01c401c703c003c5007d0043023401d7
00dd011c037101e102ef024402bd034e
007200a8004700f0038b01e900ed03a7
010201ef03d500d303d6034101b70219
0367012002b803d100f6025c02770071
01a0038903f1008c02ac026d026803d5
01ae02e9034d01990338037e02500000
03a6008503da02cc02ec034200a200b6
02480385032d01df0084036f01d60309
01f9006e02150082022900f201d90382
018b005f012900e6021d010b01aa0134
0159002901730301023903a703b400f2
012501a702c6023903eb034b011701fc
00f402240331008a013800d9000e020d
030100d10051007201c303a802af03de
03e7029403a9036a0275025002dc0345
034c019c03fa0144017802a500c600f6
00ba002f008400b300d70374013d03c9
01fb01db02c0022103ae0142000302d6
036e01d6011b0233023c0380021902bc
03ae037201e7023900d9036502de0010
03a5019201e30088015e00b301f30242
03f002c40274013801f2006503380325
03f103dc00b7000001980232004b027b
00c50292029203100367013e035603ed
018302c5008f031c0038023300310155
03fc024401e301b4015a015c004e0068
036e021c038b019901a5020b031603c1
00da03a503bb035c03d1000101f6020c
004a01ca00d4033d028d002803ce012a
02b802f80271029901fd017f0395008f
02b1039303f50107024e029200880198
03a90250007d006702ae03d101f503a1
007001800393009e024e034602de036e
014a000f01fb017700b5021702d20198
037703a1037d03a502f8009d01d2002b
032102820374029300680203036c034c
02800204015903a0036602f201260090
00ec02ae03d20274023c0034017b0021
03b3035c027403f1004200c801c403cc
009a028503a0033700800243025700e8
019c004c033901b301510112025e02c3
01d403db01b9027500420176019b02f9
00540205009902fa01cb03d60219019f
00a90089034b0363015f02d701050206
038302f6028402b7002500b2035600cd
015d0031025b019103fb033303bc015e
003b03ee02460268037b018f01a000f9
002a03410201023f039503d2003e03c7
032a02ad033d010d03ff0170026c0023
017a02c8028c000003ac014401d0032f
02b70262030c01a3011c022402bb03a9
03f6005a018c003700eb036402950235
039a03f700cd01c202d5030801b70359
03f0001a0065007101120226015d002d
00530212020f0158023002ef01600115
03020218038d004b012e01c702d700fc
03fb00a901bd02a5023a01bb03060353
011b03fc02550126031f032d034803b5
025303ff0072028c010a03ea019002e1
00e0004f02f9037e027700df000e022c
0137010a01c803880005037600e503ef
035f00ab03d6008e00790202036903be
01f3024102f1004101bf00e903660137
005c00150129020b0199023b027000fd
039d037d010201e50155012901100169
021502e7034a013203b10239039e02d6
038a00e001a9031703c4025c00d30074
02f1009303d9009a0080012d0182038c
00a40373009c03fd01970130037b00b5
033c03d50019021f007f009d013502ff
0027007a01af023e00ea025d003002b5
00d4033502b802f7036d01c600bb0192
0324033e01f502c6006a023a0206019a
0167025601f9038e02da012c030a011c
00eb0147034e032d01a303e60106002b
0245014d008702a901450112023800ee
01f0026b00a2037f03a102e3023c037c
01cf020900a6025d023302f8030200e4
00e200a602f003b6004b01f301f40280
022a0303035102a702c0010e03ff03c5
02af035a02a10192033c004b02480320
036b012b03ef016500fc01b4026403ed
013e00c200c9006600fc03080335038b
0348009d035801d002e201cd03ac037f
02fc01e70000032f009202970015038b
02e50291036c03ae02e202d302720048
008a0059003e01220032038a00e103c1
019502d4023d03ac0242002b010000a7
0355039d031503920362005803f4034d
011c017803470357021a007d02310161
00200331010601ee00840344033a033c
03f002a3004603a6034401da03b601fd
006a01530108015100bc012203e20277
01f001c401ee012f030e0353038500e2
03e90072034903f503cb02ba017e032a
01c10063008c03e0015800a600c3027f
017201800320022c03f701d000690367
02a1016302ac01b603f1004300dd01b6
01fd02c10210032003c801e80265039b
036202ea0112034b008601bd0034014f
010c020b00b302ef001d037102380228
029b026d00f1015e03e103b000720201
03400142013c03ee018701be037b0253
03f80387025a011e019a017d034d0163
02cf015f0086026e03b60366036403c0
03d8001601b802820069008c02540089
010500e203a20335020d03a8006a03fc
037b03c60153039000ea03af01370324
03c700e303e1031200dd0066011a01eb
015d015b0000024c03d002ac017f0231
02e3021e030a0028012f025b034502c7
002602700284017902cd01750111022f
03be034702a4012700f50096014f01a6
019e01dd031a006603ab006f023202d3
02620310005a02eb011400620055004d
00ac01bd02ed015301e6011803df0245
016a008b012d016c022b01d402b703a4
0087033a02c0007f03ac02e3020e033d
00a20027005d03ca018e00a402a7035f
006c036402c90339031f00a901e702bd
021a01de026601cb004d007203980222
02ad01680012003703330069019501b5
0371024702c4038903550152013c00ac
01da02e9022900bf004801be0078012d
00de027503b5015c029c030303980008
0052039503b300f100f2021403ff032b
014102a902480099004401e100d7000f
03da008603b803f601d7025f00d8000e
0286001e00c6011d017e0079022900c8
03d402c002fa031b01cc019f032f0303
026502520318019c00b70100032301ac
00ad03ba015b02950301002202c702a8
03e103b5011d01c000da026002b10077
02f9010b01c3004e0383017602e5016a
01c603b301bb0248003601680122034b
00b201c003d9000500e0030001f300c6
02b30100017403d00354028f02fe00a2
03f103da01fd023c0015016401690039
00b20231036c003603ca02e502680171
00730001001d0023003e000903660380
02ef032200190344011d002d016903c0
03eb01c401ca00ca011c033f00770272
01a0019002f903ab0092004900790304
00b70061036b001202490131002f01ab
01cb01ef01bf02b801d00162026d00ac
02e7023b02be021e0134004700eb03f8
014b020a024301e0034802ff004400d9
03b70385009200170024025001ea03cc
01f803d703f4019e03e5006a023100c9
01d902bc02e9028602c9028c03a90082
021a020601fd01d802f1025600170309
004301c1035d03d7015802cf030f0172
032a0178009402a402cb00b0026700c4
02b203a0030e009c03ad034e031e0081
039c03b8034f020b03b00087009f026d
03290269014e002a030b00940146005d
017b007d0364039c01e9038f03a0025c
01080071026800320325028b01a40275
035e02ed005202a002380338012002f3
027a00f502f3020600930058011f0210
03e503a3016a018b014003f5021100a7
004402a4012801b903ce00660143002a
01700044033800f6022f0208039c013b
0360015e03b102c900900378004d0306
03ce020703c10139013200bd0195000c
01f0029703160319033c00fa0132008a
00e600d1017e01b102750074039500fb
01ae01870370018f022a03b103c9035b
00470092039e035200a2003601f9031a
03d301f50303015501ff007303ea02c0
000e00bc03a0006702d6030e036200f9
0040026c00e4033d023b032902f10297
03250204038d015f03210019023202b8
02fd000f03940216017202f3030d02d7
021801cb02d403b302f8039d00560330
035e029e000d02dd008e026f019102b4
020d002b00fb028601750296008e008e
035c02f60071019e00830073029d0162
00e603f1035c032b026600b701070149
02b5016a039f037d03bf00c9032301a2
020b02a7006503f701a103fe034503a2
02aa02a103ca03f1014302b1035501b6
0357036e015b039b02c30298030b02e8
026301d40204015703d503da020f0165
002d025700b0009b0328022b015a027f
014f02cf00ad03b000b1031001660027
00f4030300af02fd0273036701790181
028e009903df01160147008b02da0022
01b403e800c00208011e02240047037f
01bb028b029503fa00f6010901f9002b
01af018e020e02bd00f9011901fb01be
01ec00a801720247027c017601b90275
027c011d01e503680358026602ef003e
0314028c00bd03d102e002860001037c
00500285014701b0008003de018402ed
033f01e0003c00630303021f001c0320
02130046004c01ed03d201b2012203c0
03a9018602a900ec0069008000880010
022501b80239037b00d201750163012d
016c006802740349007a023e0201037e
029501a20085019503af01950194012c
02fe01d3000c0332018b0345038803e1
01fb029e000f033b032b0329006b035c
02230087019c02ba0315013f01e2034a
02d50114007302e902b702a400320081
01db0244010d0302039b031601090298
00af0316017801bf00fb018103640381
000203d4027f00d303f5013b039300f4
02a00283008e02860118029f02dc01c5
0315016701f5030b009a026800150126
00fa0265030602530281026a03cb00b2
023b002f007900d003c002a702220009
038203c0026602fd0010026902050108
023d036f02390219002103e3024902d4
006a022e01a20131025f013d02d4024a
01a9037e01fe0164009b0204026c006d
01cd0045010b03010055006b00c501b7
00490018032b024000810207038d01c5
003f016403ec03a90131004d01aa008a
03210339033f006b023d03f903020042
001702cd0040001502dc006c006e0075
01fc014003c70069005401bf00c50148
01fa02f60326030a02dd01cc03a60016
00da00b202b6022f01d100c6020e03b4
00e4004d021c038401b5012103b000a7
004600550086022f010e02c6017b0297
00a103f002ac03630263005901b00055
00a20391005e021c023c00cc037a02a1
0244035d00d40184011e00b502a402a7
0033008603b5003001bd02c802fb03e0
01e8015f031f032a0391039e026502c4
0292010500dd028d0114021f0102038e
0106012b019803c8037f024d006b0352
02a5018b0026028a03d40379010003f5
02b003a3007202d400b8037701c703ce
00f20056024b008500ba0195014d01b7
021800790019021c0313022e037d00d1
014b00460399009a008f03150135037a
0391031b014b03b700d601d4024203d4
010d028c0315011703ee03fc0395013d
03780286018701e300d003e703fa0381
019003ed0026029e039500000110006d
018c009d029e0219006e00f300840257
00ee01ec01f400a500ad013e018f002e
03f3000b025f02ce00b000af03d60040
03b000ef00020254028c0179019702a4
021a034a013d036801a0022c02d102ad
03d4013603f202710295012e03ef0398
000c023600690186013301ac01ab030e
03ce014002cf02fd038702f4023402a5
007402ff002700a4005702da022a0393
019802d1018f006a00be017703510234
03eb0259021700ae0192004f033f022c
011b00b700f400ca03d0027f007d01cf
011401e100b900bc01220278007200d1
02450195008302a40014037603a402c5
009c035700e300630259009d012100d9
00d300c1008800150398034201f302a4
0113030b01d600ef01f7020f01560162
01d5005c017d0082017201ae027a0088
014b015003dc0215018e016501220348
018d0060037d02ad0365019a005503bb
01bc020100c401af03eb009803760144
018d01ff02f80106000702ac02f20098
016001ed02820276026303a202a801d3
02e2029900d401c1025b03fc024b037c
036002ee0185029b03e401ee032b03a3
016c01d80379000d03cc023402600061
0388010f0310021102af012c001c01ef
03a203b903610174023c00770253024f
00600117022b028b0008021200af03ef
00cb005d0052015f0009017200340169
011700120137026503d00040024103d2
017f032802d3006a021c015700b90128
002303510085034b021300d900d002cb
0224026b0116014401ce02f103c50362
03f600d003d302ca032c031e03de002b
002a037c005d0131023e027c02c30108
035f017e02b800f60363014e00a50304
025a01cd032e0005031000e301cf03e0
015100a4001602c10273029f013c02a9
016102e10289026700b6031903040389
0148015a0336024c005e038c02e90047
011d01ed00a001e8000a0076021d0300
010f032103d301c202bf035502b2031d
032e030f03580113026c0390038f020f
012302a70035017f00c40248031300fc
023502c000cf00c0000602ef034a0009
023003b1033502c000f9036e00a20255
03f8021f034d014401e00018022e0036
0002014403c7001b026f0132021b00c5
00da0181022500430398006d03160044
0168002502e6020b038c02d003b9030d
008e02e801b5003a0343023c0241000a
02dd01d70181013002c70092026f009c
00d5007b02f402ea0282037701370236
026d0209012102830016017200730022
027103cc0138030400760114029900d6
00e8031f01cb010c005103dd02bb012f
02c502b2007002ce012c004901e1022e
03440210023f031e008a0279009a03c0
031f004501550177024702af020301f8
000e03fc0071010903ee005501100030
0381032403f803e3031e037801e102fd
028e006b0382037700ac0387016302fa
02a703e2036400a601c8022902c9036a
022a010803f5030902a1018701bd038d
012402240180036d03ba03f6022b01c6
0187028002c0014603bb01e601620343
008501c90277023e000c03ad00df00ff
00f60000009b01d3025200f102200053
006a02b701fc0285003e03b4007b0321
00bd02cf01c5027e00ec01c8017c02d7
0238002401b200f2032803d103f902ed
029403010361025b0188026a0162009a
0273002e0336014801c102df01a802fc
026a021b00dc013a0221006a03e00160
01100246019403f603ee0191008303d6
0138008d002300c1002e020b01000005
033301c0035e01ae036e00c600f4026a
036f013c00b8018402f30270001f0319
023801ee021e0240036c00c60160005f
02a401a70037035f03db0158031c010b
002d010603ce001c033f002c03ce01e6
03220201034d008b0190037601b403c2
00df020d01b80111011a006902950347
014c0281015e036300210324025e0260
018e03830324031f015e038e02ec028f
0084004100ff030300ec022201ab00c9
0119037603e40010003f013d0395012c
004e01e3029d008200cb03b600bd03e9
03bc0286038703bb0092021301c0017f
026f0052023401fa031b02e101080299
0298039b005901be01f3001800940127
0360003300a203ec020801c5021b0321
020d0251006a017302e60199023103fb
03fa00e0036e0068023c0102022400f8
00ae02280154029202e801d703dd0309
02e600c100f600a8030b012e00090122
004800bf015401a5030b0030007203cb
008d023000a603c7011b0182036f02fa
03cf02b400e9016d01bf02bc0373039c
03450205037c0315036600e701a30264
037501e603ba0205032403e901980198
024a010d034a02b1012200c3013301bc
02d400db03ec0324024901970043023b
036c013f02ba019500a60333000b02bc
01f5039a01d30376033e003f01eb0233
03450259018901720305010d008f00cb
03cd033900f5024b02ee03f601cb0296
00de009e03c501cd013b027902f70315
010d0058010a03d7017400b1031d00f8
023502960343030003a40127003801d2
031902430324019001dc0091010b0266
02d1027201110329032802dc03660028
03b7018a03f30369014003bd01ed0372
027502b1021702a501580143034d0071
019103cd008301b3035900db029d00d1
034303d203db03c401b8028800e901a8
0173024a002f031000e400a400e6018c
024e00f501b703f901770025031100a7
029001f8039e0395011003c900af020e
033202420366028e000301100183035f
01e6024b00ee01fd01940289024c017d
025201e002020285012d035200ad021c
01c301db03af006a028e03e101d2015a
03f50142021f0024035d008c032d0211
0110010a012c008a034201a902b10126
028e004a01dc038c031b03bf005a01d4
012000c200830193012a038e033c03d7
03210094031b01d3002400e8024e0339
00a902b401d7007300a103ec01e10036
02e3007802d603830271038603d000d0
03cd00760059031501c8025002b4018a
00e7006a02b30095004b037801de02a9
00850163035f028b01df0225005902fc
031801b600f0015b00e9017600f500b2
024601370362026001d402490398028d
03ad020700e903d30085002f02e0017b
0210009702140196001b01bf020a027f
006d014c023700cd00670267010d029e
013302a703ca03480244022d033202c0
0261027c028c01180100032d017000ce
0280008d018e0049021900d8029c022f
0287015d005a015600cc036d0042002b
03bb03eb000901d1012d01ee021b0163
0126033a00b80278009c02590050011a
012401a802010012020300de003b0179
01da032d004802af02c9006f03480155
039702f2017d011d01aa001d03cd02c5
0236036501cd021500ff03e7028e01d5
003803fc003e022a0328009900280075
027001aa0136022600bc00b8013a011f
01f60083029f00560065026501b601f5
032403ff016702ad03ce0153030503c1
0307006200b80328024f0282024c0226
005401d50164033f00fb03a402bc01be
03f4032501ac011101880334037b029b
0253030901cb025401a3014301670327
027a031d030601e90055004e00c202e5
033b0059012901ad030900ec022803dc
009903210262026e009300d100120383
032d02ef0350034101f1023c032a03c6
00dd034c0153034a01f2019f00370386
00fc026d0175001d00e70251029000bf
037202b10190002602b200390057020b
00d903a202ca03e7026c031a035d021c
03f50085039f02460079038d004203e5
0007036a034c013d015c02ea01c20033
03470333027103940189000102f6032d
01a9003700fe028603b003ac029c00ae
026603a6006003bb006e014a039502d2
02e7024503cf000d00d10386017a01ed
036500d7029900c901f7021202200398
006002bf006502d2003a025d015501d5
001300a6028a02b300200016006a0374
01e40070003902bd00d6035200760165
01600338000000d8006201d8033200d3
0290000f010603c403c90309023d0210
0183019f002c00e400a602e0029603eb
011703010042036403bf01db008f0078
03d7026f023c008b00ce035403da00b2
03210045039b0310038b019103da02e5
000402a0003f02de02f6010703ce013a
00ff036f03fd004e027102e3031e01dc
031300a101f00257007602c000530069
032f0132029502b20384021a0270000b
02fc01a302d10343022f025b030c020d
03d30265007700ea032c0309039b02c8
037b019001f70032037c00ba00a901f8
0271022a0348015a0345018e03d502d3
028901a3003400b900cf017f02c2026d
03c70266021700db03f1012e02e800a1
00c2002002cd011902fb03cc028203bf
02dd008a03bc02d9013e004f00ad0359
01ad03c9019001d50184028e01210166
0283003501ce01cd030a00ae008500f1
020900a5011501a5006901d002c40181
006101a60101001b0247018a005a0049
013603d2039c03ba0008025a039103d4
038f006503fc01bf014600a70385027d
000b006200a1005500360160019a025c
02f801200211029700e501e6013a000f
01d902840121002600a300a8039000e1
014d003a0050002001820192012b0085
003c03f5033f00f700f2035f007e007e
009002cb0193001803bc0247012f01fd
009b0324039b010f02ce01fd00880128
00e302bb02ef003102c1037100e9029b
0214028800f90192000b024600fa0033
0206013e00ae01ae034d00bb011101b0
0190030f009a0157000003ae033501e3
001301a00321039b0046019502dc03f7
02e9004d011d033002d70272000b0228
0289015203a201b5023f00f301f203e5
03bc01bf00c90078036a00d2038e03e4
016800c803fa013b01b901a4016202b8
02d902d40032034e031201eb023801f3
016502b60255036301ce003c014d022b
01f1023c0241001e00c503ba002c0304
00c6017d018f0312022a01d303a200f6
038a00930089017302c40043030702d8
0151011a0348003a000501ce03090029
02f50108038b017f02ef009300d4025d
03c501790237019901c9011d039703da
01f8031203b2024002e70065039701e7
01040251025901be03f501bb017702bf
028201ab015400aa0045012401c901d3
01ae006900c80011002b039400a500ff
038703d9022b03190007031b010f0348
03180232020902bd0172024b02df02f7
0164006901b2011d008d009c0260025f
02d702a50308034a0391002b02ab0379
0343002f03b002e3028601ab03b2011f
002a02cd00930216014a004a007f019d
01b90021034602fe008301d90233016a
03ad003f038603ad02790302031a02af
000000000000000000000000000001ff
00000000000000000000000000000000
00000000000000000000000000000000
00000000000000000000000000000000
00000000000000000000000000000000
00000000000000000000000000000000
00000000000000000000000000000000
00000000000000000000000000000000
00000000000000000000000000000000
00000000000000000000000000000000
00000000000000000000000000000000
00000000000000000000000000000000
00000000000000000000000000000000
00000000000000000000000000000000
00000000000000000000000000000000
00000000000000000000000000000000
00000000000000000000000000000000
00000000000000000000000000000000
00000000000000000000000000000000
00000000000000000000000000000000
00000000000000000000000000000000
00000000000000000000000000000000
00000000000000000000000000000000
00000000000000000000000000000000
00000000000000000000000000000000
00000000000000000000000000000000
00000000000000000000000000000000
00000000000000000000000000000000
00000000000000000000000000000000
00000000000000000000000000000000
00000000000000000000000000000000
00000000000000000000000000000000
00000000000000000000000000000000
00000000000000000000000000000000
00000000000000000000000000000000
00000000000000000000000000000000
00000000000000000000000000000000
00000000000000000000000000000000
00000000000000000000000000000000
00000000000000000000000000000000
00000000000000000000000000000000
00000000000000000000000000000000
00000000000000000000000000000000
00000000000000000000000000000000
00000000000000000000000000000000
00000000000000000000000000000000
00000000000000000000000000000000
00000000000000000000000000000000
00000000000000000000000000000000
00000000000000000000000000000000
00000000000000000000000000000000
00000000000000000000000000000000
00000000000000000000000000000000
00000000000000000000000000000000
00000000000000000000000000000000
00000000000000000000000000000000
00000000000000000000000000000000
00000000000000000000000000000000
00000000000000000000000000000000
00000000000000000000000000000000
00000000000000000000000000000000
00000000000000000000000000000000
00000000000000000000000000000000
00000000000000000000000000000000
00000000000000000000000000000000
00000000000000000000000000000000
00000000000000000000000000000000
00000000000000000000000000000000
00000000000000000000000000000000
00000000000000000000000000000000
00000000000000000000000000000000
00000000000000000000000000000000
00000000000000000000000000000000
00000000000000000000000000000000
00000000000000000000000000000000
00000000000000000000000000000000
00000000000000000000000000000000
00000000000000000000000000000000
00000000000000000000000000000000
00000000000000000000000000000000
00000000000000000000000000000000
00000000000000000000000000000000
00000000000000000000000000000000
00000000000000000000000000000000
00000000000000000000000000000000
00000000000000000000000000000000
00000000000000000000000000000000
00000000000000000000000000000000
00000000000000000000000000000000
00000000000000000000000000000000
00000000000000000000000000000000
00000000000000000000000000000000
00000000000000000000000000000000
00000000000000000000000000000000
00000000000000000000000000000000
00000000000000000000000000000000
00000000000000000000000000000000
00000000000000000000000000000000
00000000000000000000000000000000
00000000000000000000000000000000
00000000000000000000000000000000
00000000000000000000000000000000
00000000000000000000000000000000
00000000000000000000000000000000
00000000000000000000000000000000
00000000000000000000000000000000
00000000000000000000000000000000
00000000000000000000000000000000
00000000000000000000000000000000
00000000000000000000000000000000
00000000000000000000000000000000
00000000000000000000000000000000
00000000000000000000000000000000
00000000000000000000000000000000
00000000000000000000000000000000
00000000000000000000000000000000
00000000000000000000000000000000
00000000000000000000000000000000
00000000000000000000000000000000
00000000000000000000000000000000
00000000000000000000000000000000
00000000000000000000000000000000
00000000000000000000000000000000
00000000000000000000000000000000
00000000000000000000000000000000
00000000000000000000000000000000
00000000000000000000000000000000
00000000000000000000000000000000
000000000000000001ff000000000000
00000000000000000000000000000000
00000000000000000000000000000000
00000000000000000000000000000000
00000000000000000000000000000000
00000000000000000000000000000000
00000000000000000000000000000000
00000000000000000000000000000000
00000000000000000000000000000000
00000000000000000000000000000000
00000000000000000000000000000000
00000000000000000000000000000000
00000000000000000000000000000000
00000000000000000000000000000000
00000000000000000000000000000000
00000000000000000000000000000000
00000000000000000000000000000000
00000000000000000000000000000000
00000000000000000000000000000000
00000000000000000000000000000000
00000000000000000000000000000000
00000000000000000000000000000000
00000000000000000000000000000000
00000000000000000000000000000000
00000000000000000000000000000000
00000000000000000000000000000000
00000000000000000000000000000000
00000000000000000000000000000000
00000000000000000000000000000000
00000000000000000000000000000000
00000000000000000000000000000000
00000000000000000000000000000000
00000000000000000000000000000000
00000000000000000000000000000000
00000000000000000000000000000000
00000000000000000000000000000000
00000000000000000000000000000000
00000000000000000000000000000000
00000000000000000000000000000000
00000000000000000000000000000000
00000000000000000000000000000000
00000000000000000000000000000000
00000000000000000000000000000000
00000000000000000000000000000000
00000000000000000000000000000000
00000000000000000000000000000000
00000000000000000000000000000000
00000000000000000000000000000000
00000000000000000000000000000000
00000000000000000000000000000000
00000000000000000000000000000000
00000000000000000000000000000000
00000000000000000000000000000000
00000000000000000000000000000000
00000000000000000000000000000000
00000000000000000000000000000000
00000000000000000000000000000000
00000000000000000000000000000000
00000000000000000000000000000000
00000000000000000000000000000000
00000000000000000000000000000000
00000000000000000000000000000000
00000000000000000000000000000000
00000000000000000000000000000000
00000000000000000000000000000000
00000000000000000000000000000000
00000000000000000000000000000000
00000000000000000000000000000000
00000000000000000000000000000000
00000000000000000000000000000000
00000000000000000000000000000000
00000000000000000000000000000000
00000000000000000000000000000000
00000000000000000000000000000000
00000000000000000000000000000000
00000000000000000000000000000000
00000000000000000000000000000000
00000000000000000000000000000000
00000000000000000000000000000000
00000000000000000000000000000000
00000000000000000000000000000000
00000000000000000000000000000000
00000000000000000000000000000000
00000000000000000000000000000000
00000000000000000000000000000000
00000000000000000000000000000000
00000000000000000000000000000000
00000000000000000000000000000000
00000000000000000000000000000000
00000000000000000000000000000000
00000000000000000000000000000000
00000000000000000000000000000000
00000000000000000000000000000000
00000000000000000000000000000000
00000000000000000000000000000000
00000000000000000000000000000000
00000000000000000000000000000000
00000000000000000000000000000000
00000000000000000000000000000000
00000000000000000000000000000000
00000000000000000000000000000000
00000000000000000000000000000000
00000000000000000000000000000000
00000000000000000000000000000000
00000000000000000000000000000000
00000000000000000000000000000000
00000000000000000000000000000000
00000000000000000000000000000000
00000000000000000000000000000000
00000000000000000000000000000000
00000000000000000000000000000000
00000000000000000000000000000000
00000000000000000000000000000000
00000000000000000000000000000000
00000000000000000000000000000000
00000000000000000000000000000000
00000000000000000000000000000000
00000000000000000000000000000000
00000000000000000000000000000000
00000000000000000000000000000000
00000000000000000000000000000000
00000000000000000000000000000000
00000000000000000000000000000000
00000000000000000000000000000000
00000000000000000000000000000000
00000000000000000000000000000000
00000000000000000000000000000000
00000000000000000000000000000000
00000000000001ff0000000000000000
00000000000000000000000000000000
00000000000000000000000000000000
00000000000000000000000000000000
00000000000000000000000000000000
00000000000000000000000000000000
00000000000000000000000000000000
00000000000000000000000000000000
00000000000000000000000000000000
00000000000000000000000000000000
00000000000000000000000000000000
00000000000000000000000000000000
00000000000000000000000000000000
00000000000000000000000000000000
00000000000000000000000000000000
00000000000000000000000000000000
00000000000000000000000000000000
00000000000000000000000000000000
00000000000000000000000000000000
00000000000000000000000000000000
00000000000000000000000000000000
00000000000000000000000000000000
00000000000000000000000000000000
00000000000000000000000000000000
00000000000000000000000000000000
00000000000000000000000000000000
00000000000000000000000000000000
00000000000000000000000000000000
00000000000000000000000000000000
00000000000000000000000000000000
00000000000000000000000000000000
00000000000000000000000000000000
00000000000000000000000000000000
00000000000000000000000000000000
00000000000000000000000000000000
00000000000000000000000000000000
00000000000000000000000000000000
00000000000000000000000000000000
00000000000000000000000000000000
00000000000000000000000000000000
00000000000000000000000000000000
00000000000000000000000000000000
00000000000000000000000000000000
00000000000000000000000000000000
00000000000000000000000000000000
00000000000000000000000000000000
00000000000000000000000000000000
00000000000000000000000000000000
00000000000000000000000000000000
00000000000000000000000000000000
00000000000000000000000000000000
00000000000000000000000000000000
00000000000000000000000000000000
00000000000000000000000000000000
00000000000000000000000000000000
00000000000000000000000000000000
00000000000000000000000000000000
00000000000000000000000000000000
00000000000000000000000000000000
00000000000000000000000000000000
00000000000000000000000000000000
00000000000000000000000000000000
00000000000000000000000000000000
00000000000000000000000000000000
00000000000000000000000000000000
00000000000000000000000000000000
00000000000000000000000000000000
00000000000000000000000000000000
00000000000000000000000000000000
00000000000000000000000000000000
00000000000000000000000000000000
00000000000000000000000000000000
00000000000000000000000000000000
00000000000000000000000000000000
00000000000000000000000000000000
00000000000000000000000000000000
00000000000000000000000000000000
00000000000000000000000000000000
00000000000000000000000000000000
00000000000000000000000000000000
00000000000000000000000000000000
00000000000000000000000000000000
00000000000000000000000000000000
00000000000000000000000000000000
00000000000000000000000000000000
00000000000000000000000000000000
00000000000000000000000000000000
00000000000000000000000000000000
00000000000000000000000000000000
00000000000000000000000000000000
00000000000000000000000000000000
00000000000000000000000000000000
00000000000000000000000000000000
00000000000000000000000000000000
00000000000000000000000000000000
00000000000000000000000000000000
00000000000000000000000000000000
00000000000000000000000000000000
00000000000000000000000000000000
00000000000000000000000000000000
00000000000000000000000000000000
00000000000000000000000000000000
00000000000000000000000000000000
00000000000000000000000000000000
00000000000000000000000000000000
00000000000000000000000000000000
00000000000000000000000000000000
00000000000000000000000000000000
00000000000000000000000000000000
00000000000000000000000000000000
00000000000000000000000000000000
00000000000000000000000000000000
00000000000000000000000000000000
00000000000000000000000000000000
00000000000000000000000000000000
00000000000000000000000000000000
00000000000000000000000000000000
00000000000000000000000000000000
00000000000000000000000000000000
00000000000000000000000000000000
00000000000000000000000000000000
00000000000000000000000000000000
00000000000000000000000000000000
00000000000000000000000000000000
00000000000000000000000000000000
00000000000000000000000000000000
00000000000000000000000000000000
00000000000000000000000000000000
01ff0000000000000000000000000000
00000000000000000000000000000000
00000000000000000000000000000000
00000000000000000000000000000000
00000000000000000000000000000000
00000000000000000000000000000000
00000000000000000000000000000000
00000000000000000000000000000000
00000000000000000000000000000000
00000000000000000000000000000000
00000000000000000000000000000000
00000000000000000000000000000000
00000000000000000000000000000000
00000000000000000000000000000000
00000000000000000000000000000000
00000000000000000000000000000000
00000000000000000000000000000000
00000000000000000000000000000000
00000000000000000000000000000000
00000000000000000000000000000000
00000000000000000000000000000000
00000000000000000000000000000000
00000000000000000000000000000000
00000000000000000000000000000000
00000000000000000000000000000000
00000000000000000000000000000000
00000000000000000000000000000000
00000000000000000000000000000000
00000000000000000000000000000000
00000000000000000000000000000000
00000000000000000000000000000000
00000000000000000000000000000000
00000000000000000000000000000000
00000000000000000000000000000000
00000000000000000000000000000000
00000000000000000000000000000000
00000000000000000000000000000000
00000000000000000000000000000000
00000000000000000000000000000000
00000000000000000000000000000000
00000000000000000000000000000000
00000000000000000000000000000000
00000000000000000000000000000000
00000000000000000000000000000000
00000000000000000000000000000000
00000000000000000000000000000000
00000000000000000000000000000000
00000000000000000000000000000000
00000000000000000000000000000000
00000000000000000000000000000000
00000000000000000000000000000000
00000000000000000000000000000000
00000000000000000000000000000000
00000000000000000000000000000000
00000000000000000000000000000000
00000000000000000000000000000000
00000000000000000000000000000000
00000000000000000000000000000000
00000000000000000000000000000000
00000000000000000000000000000000
00000000000000000000000000000000
00000000000000000000000000000000
00000000000000000000000000000000
00000000000000000000000000000000
00000000000000000000000000000000
00000000000000000000000000000000
00000000000000000000000000000000
00000000000000000000000000000000
00000000000000000000000000000000
00000000000000000000000000000000
00000000000000000000000000000000
00000000000000000000000000000000
00000000000000000000000000000000
00000000000000000000000000000000
00000000000000000000000000000000
00000000000000000000000000000000
00000000000000000000000000000000
00000000000000000000000000000000
00000000000000000000000000000000
00000000000000000000000000000000
00000000000000000000000000000000
00000000000000000000000000000000
00000000000000000000000000000000
00000000000000000000000000000000
00000000000000000000000000000000
00000000000000000000000000000000
00000000000000000000000000000000
00000000000000000000000000000000
00000000000000000000000000000000
00000000000000000000000000000000
00000000000000000000000000000000
00000000000000000000000000000000
00000000000000000000000000000000
00000000000000000000000000000000
00000000000000000000000000000000
00000000000000000000000000000000
00000000000000000000000000000000
00000000000000000000000000000000
00000000000000000000000000000000
00000000000000000000000000000000
00000000000000000000000000000000
00000000000000000000000000000000
00000000000000000000000000000000
00000000000000000000000000000000
00000000000000000000000000000000
00000000000000000000000000000000
00000000000000000000000000000000
00000000000000000000000000000000
00000000000000000000000000000000
00000000000000000000000000000000
00000000000000000000000000000000
00000000000000000000000000000000
00000000000000000000000000000000
00000000000000000000000000000000
00000000000000000000000000000000
00000000000000000000000000000000
00000000000000000000000000000000
00000000000000000000000000000000
00000000000000000000000000000000
00000000000000000000000000000000
00000000000000000000000000000000
00000000000000000000000000000000
00000000000000000000000000000000
00000000000000000000000000000000
00000000000000000000000000000000
00000000000000000000000000000000
00000000000000000000000000000000
00000000000000000000000000000000
00000000000000000000000000000000
000000000000000000000000000001ff
00000000000000000000000000000000
00000000000000000000000000000000
00000000000000000000000000000000
00000000000000000000000000000000
00000000000000000000000000000000
00000000000000000000000000000000
00000000000000000000000000000000
00000000000000000000000000000000
00000000000000000000000000000000
00000000000000000000000000000000
00000000000000000000000000000000
00000000000000000000000000000000
00000000000000000000000000000000
00000000000000000000000000000000
00000000000000000000000000000000
00000000000000000000000000000000
00000000000000000000000000000000
00000000000000000000000000000000
00000000000000000000000000000000
00000000000000000000000000000000
00000000000000000000000000000000
00000000000000000000000000000000
00000000000000000000000000000000
00000000000000000000000000000000
00000000000000000000000000000000
00000000000000000000000000000000
00000000000000000000000000000000
00000000000000000000000000000000
00000000000000000000000000000000
00000000000000000000000000000000
00000000000000000000000000000000
00000000000000000000000000000000
00000000000000000000000000000000
00000000000000000000000000000000
00000000000000000000000000000000
00000000000000000000000000000000
00000000000000000000000000000000
00000000000000000000000000000000
00000000000000000000000000000000
00000000000000000000000000000000
00000000000000000000000000000000
00000000000000000000000000000000
00000000000000000000000000000000
00000000000000000000000000000000
00000000000000000000000000000000
00000000000000000000000000000000
00000000000000000000000000000000
00000000000000000000000000000000
00000000000000000000000000000000
00000000000000000000000000000000
00000000000000000000000000000000
00000000000000000000000000000000
00000000000000000000000000000000
00000000000000000000000000000000
00000000000000000000000000000000
00000000000000000000000000000000
00000000000000000000000000000000
00000000000000000000000000000000
00000000000000000000000000000000
00000000000000000000000000000000
00000000000000000000000000000000
00000000000000000000000000000000
00000000000000000000000000000000
00000000000000000000000000000000
00000000000000000000000000000000
00000000000000000000000000000000
00000000000000000000000000000000
00000000000000000000000000000000
00000000000000000000000000000000
00000000000000000000000000000000
00000000000000000000000000000000
00000000000000000000000000000000
00000000000000000000000000000000
00000000000000000000000000000000
00000000000000000000000000000000
00000000000000000000000000000000
00000000000000000000000000000000
00000000000000000000000000000000
00000000000000000000000000000000
00000000000000000000000000000000
00000000000000000000000000000000
00000000000000000000000000000000
00000000000000000000000000000000
00000000000000000000000000000000
00000000000000000000000000000000
00000000000000000000000000000000
00000000000000000000000000000000
00000000000000000000000000000000
00000000000000000000000000000000
00000000000000000000000000000000
00000000000000000000000000000000
00000000000000000000000000000000
00000000000000000000000000000000
00000000000000000000000000000000
00000000000000000000000000000000
00000000000000000000000000000000
00000000000000000000000000000000
00000000000000000000000000000000
00000000000000000000000000000000
00000000000000000000000000000000
00000000000000000000000000000000
00000000000000000000000000000000
00000000000000000000000000000000
00000000000000000000000000000000
00000000000000000000000000000000
00000000000000000000000000000000
00000000000000000000000000000000
00000000000000000000000000000000
00000000000000000000000000000000
00000000000000000000000000000000
00000000000000000000000000000000
00000000000000000000000000000000
00000000000000000000000000000000
00000000000000000000000000000000
00000000000000000000000000000000
00000000000000000000000000000000
00000000000000000000000000000000
00000000000000000000000000000000
00000000000000000000000000000000
00000000000000000000000000000000
00000000000000000000000000000000
00000000000000000000000000000000
00000000000000000000000000000000
00000000000000000000000000000000
00000000000000000000000000000000
00000000000000000000000000000000
00000000000000000000000000000000
000000000000000001ff000000000000
00000000000000000000000000000000
00000000000000000000000000000000
00000000000000000000000000000000
00000000000000000000000000000000
00000000000000000000000000000000
00000000000000000000000000000000
00000000000000000000000000000000
00000000000000000000000000000000
00000000000000000000000000000000
00000000000000000000000000000000
00000000000000000000000000000000
00000000000000000000000000000000
00000000000000000000000000000000
00000000000000000000000000000000
00000000000000000000000000000000
00000000000000000000000000000000
00000000000000000000000000000000
00000000000000000000000000000000
00000000000000000000000000000000
00000000000000000000000000000000
00000000000000000000000000000000
00000000000000000000000000000000
00000000000000000000000000000000
00000000000000000000000000000000
00000000000000000000000000000000
00000000000000000000000000000000
00000000000000000000000000000000
00000000000000000000000000000000
00000000000000000000000000000000
00000000000000000000000000000000
00000000000000000000000000000000
00000000000000000000000000000000
00000000000000000000000000000000
00000000000000000000000000000000
00000000000000000000000000000000
00000000000000000000000000000000
00000000000000000000000000000000
00000000000000000000000000000000
00000000000000000000000000000000
00000000000000000000000000000000
00000000000000000000000000000000
00000000000000000000000000000000
00000000000000000000000000000000
00000000000000000000000000000000
00000000000000000000000000000000
00000000000000000000000000000000
00000000000000000000000000000000
00000000000000000000000000000000
00000000000000000000000000000000
00000000000000000000000000000000
00000000000000000000000000000000
00000000000000000000000000000000
00000000000000000000000000000000
00000000000000000000000000000000
00000000000000000000000000000000
00000000000000000000000000000000
00000000000000000000000000000000
00000000000000000000000000000000
00000000000000000000000000000000
00000000000000000000000000000000
00000000000000000000000000000000
00000000000000000000000000000000
00000000000000000000000000000000
00000000000000000000000000000000
00000000000000000000000000000000
00000000000000000000000000000000
00000000000000000000000000000000
00000000000000000000000000000000
00000000000000000000000000000000
00000000000000000000000000000000
00000000000000000000000000000000
00000000000000000000000000000000
00000000000000000000000000000000
00000000000000000000000000000000
00000000000000000000000000000000
00000000000000000000000000000000
00000000000000000000000000000000
00000000000000000000000000000000
00000000000000000000000000000000
00000000000000000000000000000000
00000000000000000000000000000000
00000000000000000000000000000000
00000000000000000000000000000000
00000000000000000000000000000000
00000000000000000000000000000000
00000000000000000000000000000000
00000000000000000000000000000000
00000000000000000000000000000000
00000000000000000000000000000000
00000000000000000000000000000000
00000000000000000000000000000000
00000000000000000000000000000000
00000000000000000000000000000000
00000000000000000000000000000000
00000000000000000000000000000000
00000000000000000000000000000000
00000000000000000000000000000000
00000000000000000000000000000000
00000000000000000000000000000000
00000000000000000000000000000000
00000000000000000000000000000000
00000000000000000000000000000000
00000000000000000000000000000000
00000000000000000000000000000000
00000000000000000000000000000000
00000000000000000000000000000000
00000000000000000000000000000000
00000000000000000000000000000000
00000000000000000000000000000000
00000000000000000000000000000000
00000000000000000000000000000000
00000000000000000000000000000000
00000000000000000000000000000000
00000000000000000000000000000000
00000000000000000000000000000000
00000000000000000000000000000000
00000000000000000000000000000000
00000000000000000000000000000000
00000000000000000000000000000000
00000000000000000000000000000000
00000000000000000000000000000000
00000000000000000000000000000000
00000000000000000000000000000000
00000000000000000000000000000000
00000000000000000000000000000000
00000000000000000000000000000000
00000000000000000000000000000000
00000000000001ff0000000000000000
00000000000000000000000000000000
00000000000000000000000000000000
00000000000000000000000000000000
00000000000000000000000000000000
00000000000000000000000000000000
00000000000000000000000000000000
00000000000000000000000000000000
00000000000000000000000000000000
00000000000000000000000000000000
00000000000000000000000000000000
00000000000000000000000000000000
00000000000000000000000000000000
00000000000000000000000000000000
00000000000000000000000000000000
00000000000000000000000000000000
00000000000000000000000000000000
00000000000000000000000000000000
00000000000000000000000000000000
00000000000000000000000000000000
00000000000000000000000000000000
00000000000000000000000000000000
00000000000000000000000000000000
00000000000000000000000000000000
00000000000000000000000000000000
00000000000000000000000000000000
00000000000000000000000000000000
00000000000000000000000000000000
00000000000000000000000000000000
00000000000000000000000000000000
00000000000000000000000000000000
00000000000000000000000000000000
00000000000000000000000000000000
00000000000000000000000000000000
00000000000000000000000000000000
00000000000000000000000000000000
00000000000000000000000000000000
00000000000000000000000000000000
00000000000000000000000000000000
00000000000000000000000000000000
00000000000000000000000000000000
00000000000000000000000000000000
00000000000000000000000000000000
00000000000000000000000000000000
00000000000000000000000000000000
00000000000000000000000000000000
00000000000000000000000000000000
00000000000000000000000000000000
00000000000000000000000000000000
00000000000000000000000000000000
00000000000000000000000000000000
00000000000000000000000000000000
00000000000000000000000000000000
00000000000000000000000000000000
00000000000000000000000000000000
00000000000000000000000000000000
00000000000000000000000000000000
00000000000000000000000000000000
00000000000000000000000000000000
00000000000000000000000000000000
00000000000000000000000000000000
00000000000000000000000000000000
00000000000000000000000000000000
00000000000000000000000000000000
00000000000000000000000000000000
00000000000000000000000000000000
00000000000000000000000000000000
00000000000000000000000000000000
00000000000000000000000000000000
00000000000000000000000000000000
00000000000000000000000000000000
00000000000000000000000000000000
00000000000000000000000000000000
00000000000000000000000000000000
00000000000000000000000000000000
00000000000000000000000000000000
00000000000000000000000000000000
00000000000000000000000000000000
00000000000000000000000000000000
00000000000000000000000000000000
00000000000000000000000000000000
00000000000000000000000000000000
00000000000000000000000000000000
00000000000000000000000000000000
00000000000000000000000000000000
00000000000000000000000000000000
00000000000000000000000000000000
00000000000000000000000000000000
00000000000000000000000000000000
00000000000000000000000000000000
00000000000000000000000000000000
00000000000000000000000000000000
00000000000000000000000000000000
00000000000000000000000000000000
00000000000000000000000000000000
00000000000000000000000000000000
00000000000000000000000000000000
00000000000000000000000000000000
00000000000000000000000000000000
00000000000000000000000000000000
00000000000000000000000000000000
00000000000000000000000000000000
00000000000000000000000000000000
00000000000000000000000000000000
00000000000000000000000000000000
00000000000000000000000000000000
00000000000000000000000000000000
00000000000000000000000000000000
00000000000000000000000000000000
00000000000000000000000000000000
00000000000000000000000000000000
00000000000000000000000000000000
00000000000000000000000000000000
00000000000000000000000000000000
00000000000000000000000000000000
00000000000000000000000000000000
00000000000000000000000000000000
00000000000000000000000000000000
00000000000000000000000000000000
00000000000000000000000000000000
00000000000000000000000000000000
00000000000000000000000000000000
00000000000000000000000000000000
00000000000000000000000000000000
00000000000000000000000000000000
00000000000000000000000000000000
00000000000000000000000000000000
00000000000000000000000000000000
01ff0000000000000000000000000000
00000000000000000000000000000000
00000000000000000000000000000000
00000000000000000000000000000000
00000000000000000000000000000000
00000000000000000000000000000000
00000000000000000000000000000000
00000000000000000000000000000000
00000000000000000000000000000000
00000000000000000000000000000000
00000000000000000000000000000000
00000000000000000000000000000000
00000000000000000000000000000000
00000000000000000000000000000000
00000000000000000000000000000000
00000000000000000000000000000000
00000000000000000000000000000000
00000000000000000000000000000000
00000000000000000000000000000000
00000000000000000000000000000000
00000000000000000000000000000000
00000000000000000000000000000000
00000000000000000000000000000000
00000000000000000000000000000000
00000000000000000000000000000000
00000000000000000000000000000000
00000000000000000000000000000000
00000000000000000000000000000000
00000000000000000000000000000000
00000000000000000000000000000000
00000000000000000000000000000000
00000000000000000000000000000000
00000000000000000000000000000000
00000000000000000000000000000000
00000000000000000000000000000000
00000000000000000000000000000000
00000000000000000000000000000000
00000000000000000000000000000000
00000000000000000000000000000000
00000000000000000000000000000000
00000000000000000000000000000000
00000000000000000000000000000000
00000000000000000000000000000000
00000000000000000000000000000000
00000000000000000000000000000000
00000000000000000000000000000000
00000000000000000000000000000000
00000000000000000000000000000000
00000000000000000000000000000000
00000000000000000000000000000000
00000000000000000000000000000000
00000000000000000000000000000000
00000000000000000000000000000000
00000000000000000000000000000000
00000000000000000000000000000000
00000000000000000000000000000000
00000000000000000000000000000000
00000000000000000000000000000000
00000000000000000000000000000000
00000000000000000000000000000000
00000000000000000000000000000000
00000000000000000000000000000000
00000000000000000000000000000000
00000000000000000000000000000000
00000000000000000000000000000000
00000000000000000000000000000000
00000000000000000000000000000000
00000000000000000000000000000000
00000000000000000000000000000000
00000000000000000000000000000000
00000000000000000000000000000000
00000000000000000000000000000000
00000000000000000000000000000000
00000000000000000000000000000000
00000000000000000000000000000000
00000000000000000000000000000000
00000000000000000000000000000000
00000000000000000000000000000000
00000000000000000000000000000000
00000000000000000000000000000000
00000000000000000000000000000000
00000000000000000000000000000000
00000000000000000000000000000000
00000000000000000000000000000000
00000000000000000000000000000000
00000000000000000000000000000000
00000000000000000000000000000000
00000000000000000000000000000000
00000000000000000000000000000000
00000000000000000000000000000000
00000000000000000000000000000000
00000000000000000000000000000000
00000000000000000000000000000000
00000000000000000000000000000000
00000000000000000000000000000000
00000000000000000000000000000000
00000000000000000000000000000000
00000000000000000000000000000000
00000000000000000000000000000000
00000000000000000000000000000000
00000000000000000000000000000000
00000000000000000000000000000000
00000000000000000000000000000000
00000000000000000000000000000000
00000000000000000000000000000000
00000000000000000000000000000000
00000000000000000000000000000000
00000000000000000000000000000000
00000000000000000000000000000000
00000000000000000000000000000000
00000000000000000000000000000000
00000000000000000000000000000000
00000000000000000000000000000000
00000000000000000000000000000000
00000000000000000000000000000000
00000000000000000000000000000000
00000000000000000000000000000000
00000000000000000000000000000000
00000000000000000000000000000000
00000000000000000000000000000000
00000000000000000000000000000000
00000000000000000000000000000000
00000000000000000000000000000000
00000000000000000000000000000000
00000000000000000000000000000000
00000000000000000000000000000000
00000000000000000000000000000000
00000000000000000000000000000000
00000000000000000000000000000000
000000000000000000000000000001ff
00000000000000000000000000000000
00000000000000000000000000000000
00000000000000000000000000000000
00000000000000000000000000000000
00000000000000000000000000000000
00000000000000000000000000000000
00000000000000000000000000000000
00000000000000000000000000000000
00000000000000000000000000000000
00000000000000000000000000000000
00000000000000000000000000000000
00000000000000000000000000000000
00000000000000000000000000000000
00000000000000000000000000000000
00000000000000000000000000000000
00000000000000000000000000000000
00000000000000000000000000000000
00000000000000000000000000000000
00000000000000000000000000000000
00000000000000000000000000000000
00000000000000000000000000000000
00000000000000000000000000000000
00000000000000000000000000000000
00000000000000000000000000000000
00000000000000000000000000000000
00000000000000000000000000000000
00000000000000000000000000000000
00000000000000000000000000000000
00000000000000000000000000000000
00000000000000000000000000000000
00000000000000000000000000000000
00000000000000000000000000000000
00000000000000000000000000000000
00000000000000000000000000000000
00000000000000000000000000000000
00000000000000000000000000000000
00000000000000000000000000000000
00000000000000000000000000000000
00000000000000000000000000000000
00000000000000000000000000000000
00000000000000000000000000000000
00000000000000000000000000000000
00000000000000000000000000000000
00000000000000000000000000000000
00000000000000000000000000000000
00000000000000000000000000000000
00000000000000000000000000000000
00000000000000000000000000000000
00000000000000000000000000000000
00000000000000000000000000000000
00000000000000000000000000000000
00000000000000000000000000000000
00000000000000000000000000000000
00000000000000000000000000000000
00000000000000000000000000000000
00000000000000000000000000000000
00000000000000000000000000000000
00000000000000000000000000000000
00000000000000000000000000000000
00000000000000000000000000000000
00000000000000000000000000000000
00000000000000000000000000000000
00000000000000000000000000000000
00000000000000000000000000000000
00000000000000000000000000000000
00000000000000000000000000000000
00000000000000000000000000000000
00000000000000000000000000000000
00000000000000000000000000000000
00000000000000000000000000000000
00000000000000000000000000000000
00000000000000000000000000000000
00000000000000000000000000000000
00000000000000000000000000000000
00000000000000000000000000000000
00000000000000000000000000000000
00000000000000000000000000000000
00000000000000000000000000000000
00000000000000000000000000000000
00000000000000000000000000000000
00000000000000000000000000000000
00000000000000000000000000000000
00000000000000000000000000000000
00000000000000000000000000000000
00000000000000000000000000000000
00000000000000000000000000000000
00000000000000000000000000000000
00000000000000000000000000000000
00000000000000000000000000000000
00000000000000000000000000000000
00000000000000000000000000000000
00000000000000000000000000000000
00000000000000000000000000000000
00000000000000000000000000000000
00000000000000000000000000000000
00000000000000000000000000000000
00000000000000000000000000000000
00000000000000000000000000000000
00000000000000000000000000000000
00000000000000000000000000000000
00000000000000000000000000000000
00000000000000000000000000000000
00000000000000000000000000000000
00000000000000000000000000000000
00000000000000000000000000000000
00000000000000000000000000000000
00000000000000000000000000000000
00000000000000000000000000000000
00000000000000000000000000000000
00000000000000000000000000000000
00000000000000000000000000000000
00000000000000000000000000000000
00000000000000000000000000000000
00000000000000000000000000000000
00000000000000000000000000000000
00000000000000000000000000000000
00000000000000000000000000000000
00000000000000000000000000000000
00000000000000000000000000000000
00000000000000000000000000000000
00000000000000000000000000000000
00000000000000000000000000000000
00000000000000000000000000000000
00000000000000000000000000000000
00000000000000000000000000000000
00000000000000000000000000000000
00000000000000000000000000000000
000000000000000001ff000000000000
00000000000000000000000000000000
00000000000000000000000000000000
00000000000000000000000000000000
00000000000000000000000000000000
00000000000000000000000000000000
00000000000000000000000000000000
00000000000000000000000000000000
00000000000000000000000000000000
00000000000000000000000000000000
00000000000000000000000000000000
00000000000000000000000000000000
00000000000000000000000000000000
00000000000000000000000000000000
00000000000000000000000000000000
00000000000000000000000000000000
00000000000000000000000000000000
00000000000000000000000000000000
00000000000000000000000000000000
00000000000000000000000000000000
00000000000000000000000000000000
00000000000000000000000000000000
00000000000000000000000000000000
00000000000000000000000000000000
00000000000000000000000000000000
00000000000000000000000000000000
00000000000000000000000000000000
00000000000000000000000000000000
00000000000000000000000000000000
00000000000000000000000000000000
00000000000000000000000000000000
00000000000000000000000000000000
00000000000000000000000000000000
00000000000000000000000000000000
00000000000000000000000000000000
00000000000000000000000000000000
00000000000000000000000000000000
00000000000000000000000000000000
00000000000000000000000000000000
00000000000000000000000000000000
00000000000000000000000000000000
00000000000000000000000000000000
00000000000000000000000000000000
00000000000000000000000000000000
00000000000000000000000000000000
00000000000000000000000000000000
00000000000000000000000000000000
00000000000000000000000000000000
00000000000000000000000000000000
00000000000000000000000000000000
00000000000000000000000000000000
00000000000000000000000000000000
00000000000000000000000000000000
00000000000000000000000000000000
00000000000000000000000000000000
00000000000000000000000000000000
00000000000000000000000000000000
00000000000000000000000000000000
00000000000000000000000000000000
00000000000000000000000000000000
00000000000000000000000000000000
00000000000000000000000000000000
00000000000000000000000000000000
00000000000000000000000000000000
00000000000000000000000000000000
00000000000000000000000000000000
00000000000000000000000000000000
00000000000000000000000000000000
00000000000000000000000000000000
00000000000000000000000000000000
00000000000000000000000000000000
00000000000000000000000000000000
00000000000000000000000000000000
00000000000000000000000000000000
00000000000000000000000000000000
00000000000000000000000000000000
00000000000000000000000000000000
00000000000000000000000000000000
00000000000000000000000000000000
00000000000000000000000000000000
00000000000000000000000000000000
00000000000000000000000000000000
00000000000000000000000000000000
00000000000000000000000000000000
00000000000000000000000000000000
00000000000000000000000000000000
00000000000000000000000000000000
00000000000000000000000000000000
00000000000000000000000000000000
00000000000000000000000000000000
00000000000000000000000000000000
00000000000000000000000000000000
00000000000000000000000000000000
00000000000000000000000000000000
00000000000000000000000000000000
00000000000000000000000000000000
00000000000000000000000000000000
00000000000000000000000000000000
00000000000000000000000000000000
00000000000000000000000000000000
00000000000000000000000000000000
00000000000000000000000000000000
00000000000000000000000000000000
00000000000000000000000000000000
00000000000000000000000000000000
00000000000000000000000000000000
00000000000000000000000000000000
00000000000000000000000000000000
00000000000000000000000000000000
00000000000000000000000000000000
00000000000000000000000000000000
00000000000000000000000000000000
00000000000000000000000000000000
00000000000000000000000000000000
00000000000000000000000000000000
00000000000000000000000000000000
00000000000000000000000000000000
00000000000000000000000000000000
00000000000000000000000000000000
00000000000000000000000000000000
00000000000000000000000000000000
00000000000000000000000000000000
00000000000000000000000000000000
00000000000000000000000000000000
00000000000000000000000000000000
00000000000000000000000000000000
00000000000000000000000000000000
00000000000000000000000000000000
00000000000000000000000000000000
000000000000000000000000000001ff
00000000000000000000000000000000
00000000000000000000000000000000
00000000000000000000000000000000
00000000000000000000000000000000
00000000000000000000000000000000
00000000000000000000000000000000
00000000000000000000000000000000
00000000000000000000000000000000
00000000000000000000000000000000
00000000000000000000000000000000
00000000000000000000000000000000
00000000000000000000000000000000
00000000000000000000000000000000
00000000000000000000000000000000
00000000000000000000000000000000
00000000000000000000000000000000
00000000000000000000000000000000
00000000000000000000000000000000
00000000000000000000000000000000
00000000000000000000000000000000
00000000000000000000000000000000
00000000000000000000000000000000
00000000000000000000000000000000
00000000000000000000000000000000
00000000000000000000000000000000
00000000000000000000000000000000
00000000000000000000000000000000
00000000000000000000000000000000
00000000000000000000000000000000
00000000000000000000000000000000
00000000000000000000000000000000
00000000000000000000000000000000
00000000000000000000000000000000
00000000000000000000000000000000
00000000000000000000000000000000
00000000000000000000000000000000
00000000000000000000000000000000
00000000000000000000000000000000
00000000000000000000000000000000
00000000000000000000000000000000
00000000000000000000000000000000
00000000000000000000000000000000
00000000000000000000000000000000
00000000000000000000000000000000
00000000000000000000000000000000
00000000000000000000000000000000
00000000000000000000000000000000
00000000000000000000000000000000
00000000000000000000000000000000
00000000000000000000000000000000
00000000000000000000000000000000
00000000000000000000000000000000
00000000000000000000000000000000
00000000000000000000000000000000
00000000000000000000000000000000
00000000000000000000000000000000
00000000000000000000000000000000
00000000000000000000000000000000
00000000000000000000000000000000
00000000000000000000000000000000
00000000000000000000000000000000
00000000000000000000000000000000
00000000000000000000000000000000
00000000000000000000000000000000
00000000000000000000000000000000
00000000000000000000000000000000
00000000000000000000000000000000
00000000000000000000000000000000
00000000000000000000000000000000
00000000000000000000000000000000
00000000000000000000000000000000
00000000000000000000000000000000
00000000000000000000000000000000
00000000000000000000000000000000
00000000000000000000000000000000
00000000000000000000000000000000
00000000000000000000000000000000
00000000000000000000000000000000
00000000000000000000000000000000
00000000000000000000000000000000
00000000000000000000000000000000
00000000000000000000000000000000
00000000000000000000000000000000
00000000000000000000000000000000
00000000000000000000000000000000
00000000000000000000000000000000
00000000000000000000000000000000
00000000000000000000000000000000
00000000000000000000000000000000
00000000000000000000000000000000
00000000000000000000000000000000
00000000000000000000000000000000
00000000000000000000000000000000
00000000000000000000000000000000
00000000000000000000000000000000
00000000000000000000000000000000
00000000000000000000000000000000
00000000000000000000000000000000
00000000000000000000000000000000
00000000000000000000000000000000
00000000000000000000000000000000
00000000000000000000000000000000
00000000000000000000000000000000
00000000000000000000000000000000
00000000000000000000000000000000
00000000000000000000000000000000
00000000000000000000000000000000
00000000000000000000000000000000
00000000000000000000000000000000
00000000000000000000000000000000
00000000000000000000000000000000
00000000000000000000000000000000
00000000000000000000000000000000
00000000000000000000000000000000
00000000000000000000000000000000
00000000000000000000000000000000
00000000000000000000000000000000
00000000000000000000000000000000
00000000000000000000000000000000
00000000000000000000000000000000
00000000000000000000000000000000
00000000000000000000000000000000
00000000000000000000000000000000
00000000000000000000000000000000
00000000000000000000000000000000
00000000000000000000000000000000
00000000000000000000000000000000
000000000000000001ff000000000000
00000000000000000000000000000000
00000000000000000000000000000000
00000000000000000000000000000000
00000000000000000000000000000000
00000000000000000000000000000000
00000000000000000000000000000000
00000000000000000000000000000000
00000000000000000000000000000000
00000000000000000000000000000000
00000000000000000000000000000000
00000000000000000000000000000000
00000000000000000000000000000000
00000000000000000000000000000000
00000000000000000000000000000000
00000000000000000000000000000000
00000000000000000000000000000000
00000000000000000000000000000000
00000000000000000000000000000000
00000000000000000000000000000000
00000000000000000000000000000000
00000000000000000000000000000000
00000000000000000000000000000000
00000000000000000000000000000000
00000000000000000000000000000000
00000000000000000000000000000000
00000000000000000000000000000000
00000000000000000000000000000000
00000000000000000000000000000000
00000000000000000000000000000000
00000000000000000000000000000000
00000000000000000000000000000000
00000000000000000000000000000000
00000000000000000000000000000000
00000000000000000000000000000000
00000000000000000000000000000000
00000000000000000000000000000000
00000000000000000000000000000000
00000000000000000000000000000000
00000000000000000000000000000000
00000000000000000000000000000000
00000000000000000000000000000000
00000000000000000000000000000000
00000000000000000000000000000000
00000000000000000000000000000000
00000000000000000000000000000000
00000000000000000000000000000000
00000000000000000000000000000000
00000000000000000000000000000000
00000000000000000000000000000000
00000000000000000000000000000000
00000000000000000000000000000000
00000000000000000000000000000000
00000000000000000000000000000000
00000000000000000000000000000000
00000000000000000000000000000000
00000000000000000000000000000000
00000000000000000000000000000000
00000000000000000000000000000000
00000000000000000000000000000000
00000000000000000000000000000000
00000000000000000000000000000000
00000000000000000000000000000000
00000000000000000000000000000000
00000000000000000000000000000000
00000000000000000000000000000000
00000000000000000000000000000000
00000000000000000000000000000000
00000000000000000000000000000000
00000000000000000000000000000000
00000000000000000000000000000000
00000000000000000000000000000000
00000000000000000000000000000000
00000000000000000000000000000000
00000000000000000000000000000000
00000000000000000000000000000000
00000000000000000000000000000000
00000000000000000000000000000000
00000000000000000000000000000000
00000000000000000000000000000000
00000000000000000000000000000000
00000000000000000000000000000000
00000000000000000000000000000000
00000000000000000000000000000000
00000000000000000000000000000000
00000000000000000000000000000000
00000000000000000000000000000000
00000000000000000000000000000000
00000000000000000000000000000000
00000000000000000000000000000000
00000000000000000000000000000000
00000000000000000000000000000000
00000000000000000000000000000000
00000000000000000000000000000000
00000000000000000000000000000000
00000000000000000000000000000000
00000000000000000000000000000000
00000000000000000000000000000000
00000000000000000000000000000000
00000000000000000000000000000000
00000000000000000000000000000000
00000000000000000000000000000000
00000000000000000000000000000000
00000000000000000000000000000000
00000000000000000000000000000000
00000000000000000000000000000000
00000000000000000000000000000000
00000000000000000000000000000000
00000000000000000000000000000000
00000000000000000000000000000000
00000000000000000000000000000000
00000000000000000000000000000000
00000000000000000000000000000000
00000000000000000000000000000000
00000000000000000000000000000000
00000000000000000000000000000000
00000000000000000000000000000000
00000000000000000000000000000000
00000000000000000000000000000000
00000000000000000000000000000000
00000000000000000000000000000000
00000000000000000000000000000000
00000000000000000000000000000000
00000000000000000000000000000000
00000000000000000000000000000000
00000000000000000000000000000000
00000000000000000000000000000000
00000000000000000000000000000000
00000000000001ff0000000000000000
00000000000000000000000000000000
00000000000000000000000000000000
00000000000000000000000000000000
00000000000000000000000000000000
00000000000000000000000000000000
00000000000000000000000000000000
00000000000000000000000000000000
00000000000000000000000000000000
00000000000000000000000000000000
00000000000000000000000000000000
00000000000000000000000000000000
00000000000000000000000000000000
00000000000000000000000000000000
00000000000000000000000000000000
00000000000000000000000000000000
00000000000000000000000000000000
00000000000000000000000000000000
00000000000000000000000000000000
00000000000000000000000000000000
00000000000000000000000000000000
00000000000000000000000000000000
00000000000000000000000000000000
00000000000000000000000000000000
00000000000000000000000000000000
00000000000000000000000000000000
00000000000000000000000000000000
00000000000000000000000000000000
00000000000000000000000000000000
00000000000000000000000000000000
00000000000000000000000000000000
00000000000000000000000000000000
00000000000000000000000000000000
00000000000000000000000000000000
00000000000000000000000000000000
00000000000000000000000000000000
00000000000000000000000000000000
00000000000000000000000000000000
00000000000000000000000000000000
00000000000000000000000000000000
00000000000000000000000000000000
00000000000000000000000000000000
00000000000000000000000000000000
00000000000000000000000000000000
00000000000000000000000000000000
00000000000000000000000000000000
00000000000000000000000000000000
00000000000000000000000000000000
00000000000000000000000000000000
00000000000000000000000000000000
00000000000000000000000000000000
00000000000000000000000000000000
00000000000000000000000000000000
00000000000000000000000000000000
00000000000000000000000000000000
00000000000000000000000000000000
00000000000000000000000000000000
00000000000000000000000000000000
00000000000000000000000000000000
00000000000000000000000000000000
00000000000000000000000000000000
00000000000000000000000000000000
00000000000000000000000000000000
00000000000000000000000000000000
00000000000000000000000000000000
00000000000000000000000000000000
00000000000000000000000000000000
00000000000000000000000000000000
00000000000000000000000000000000
00000000000000000000000000000000
00000000000000000000000000000000
00000000000000000000000000000000
00000000000000000000000000000000
00000000000000000000000000000000
00000000000000000000000000000000
00000000000000000000000000000000
00000000000000000000000000000000
00000000000000000000000000000000
00000000000000000000000000000000
00000000000000000000000000000000
00000000000000000000000000000000
00000000000000000000000000000000
00000000000000000000000000000000
00000000000000000000000000000000
00000000000000000000000000000000
00000000000000000000000000000000
00000000000000000000000000000000
00000000000000000000000000000000
00000000000000000000000000000000
00000000000000000000000000000000
00000000000000000000000000000000
00000000000000000000000000000000
00000000000000000000000000000000
00000000000000000000000000000000
00000000000000000000000000000000
00000000000000000000000000000000
00000000000000000000000000000000
00000000000000000000000000000000
00000000000000000000000000000000
00000000000000000000000000000000
00000000000000000000000000000000
00000000000000000000000000000000
00000000000000000000000000000000
00000000000000000000000000000000
00000000000000000000000000000000
00000000000000000000000000000000
00000000000000000000000000000000
00000000000000000000000000000000
00000000000000000000000000000000
00000000000000000000000000000000
00000000000000000000000000000000
00000000000000000000000000000000
00000000000000000000000000000000
00000000000000000000000000000000
00000000000000000000000000000000
00000000000000000000000000000000
00000000000000000000000000000000
00000000000000000000000000000000
00000000000000000000000000000000
00000000000000000000000000000000
00000000000000000000000000000000
00000000000000000000000000000000
00000000000000000000000000000000
00000000000000000000000000000000
00000000000000000000000000000000
00000000000000000000000000000000
00000000000000000000000000000000
00000000000000000000000000000000
01ff0000000000000000000000000000
00000000000000000000000000000000
00000000000000000000000000000000
00000000000000000000000000000000
00000000000000000000000000000000
00000000000000000000000000000000
00000000000000000000000000000000
00000000000000000000000000000000
00000000000000000000000000000000
00000000000000000000000000000000
00000000000000000000000000000000
00000000000000000000000000000000
00000000000000000000000000000000
00000000000000000000000000000000
00000000000000000000000000000000
00000000000000000000000000000000
00000000000000000000000000000000
00000000000000000000000000000000
00000000000000000000000000000000
00000000000000000000000000000000
00000000000000000000000000000000
00000000000000000000000000000000
00000000000000000000000000000000
00000000000000000000000000000000
00000000000000000000000000000000
00000000000000000000000000000000
00000000000000000000000000000000
00000000000000000000000000000000
00000000000000000000000000000000
00000000000000000000000000000000
00000000000000000000000000000000
00000000000000000000000000000000
00000000000000000000000000000000
00000000000000000000000000000000
00000000000000000000000000000000
00000000000000000000000000000000
00000000000000000000000000000000
00000000000000000000000000000000
00000000000000000000000000000000
00000000000000000000000000000000
00000000000000000000000000000000
00000000000000000000000000000000
00000000000000000000000000000000
00000000000000000000000000000000
00000000000000000000000000000000
00000000000000000000000000000000
00000000000000000000000000000000
00000000000000000000000000000000
00000000000000000000000000000000
00000000000000000000000000000000
00000000000000000000000000000000
00000000000000000000000000000000
00000000000000000000000000000000
00000000000000000000000000000000
00000000000000000000000000000000
00000000000000000000000000000000
00000000000000000000000000000000
00000000000000000000000000000000
00000000000000000000000000000000
00000000000000000000000000000000
00000000000000000000000000000000
00000000000000000000000000000000
00000000000000000000000000000000
00000000000000000000000000000000
00000000000000000000000000000000
00000000000000000000000000000000
00000000000000000000000000000000
00000000000000000000000000000000
00000000000000000000000000000000
00000000000000000000000000000000
00000000000000000000000000000000
00000000000000000000000000000000
00000000000000000000000000000000
00000000000000000000000000000000
00000000000000000000000000000000
00000000000000000000000000000000
00000000000000000000000000000000
00000000000000000000000000000000
00000000000000000000000000000000
00000000000000000000000000000000
00000000000000000000000000000000
00000000000000000000000000000000
00000000000000000000000000000000
00000000000000000000000000000000
00000000000000000000000000000000
00000000000000000000000000000000
00000000000000000000000000000000
00000000000000000000000000000000
00000000000000000000000000000000
00000000000000000000000000000000
00000000000000000000000000000000
00000000000000000000000000000000
00000000000000000000000000000000
00000000000000000000000000000000
00000000000000000000000000000000
00000000000000000000000000000000
00000000000000000000000000000000
00000000000000000000000000000000
00000000000000000000000000000000
00000000000000000000000000000000
00000000000000000000000000000000
00000000000000000000000000000000
00000000000000000000000000000000
00000000000000000000000000000000
00000000000000000000000000000000
00000000000000000000000000000000
00000000000000000000000000000000
00000000000000000000000000000000
00000000000000000000000000000000
00000000000000000000000000000000
00000000000000000000000000000000
00000000000000000000000000000000
00000000000000000000000000000000
00000000000000000000000000000000
00000000000000000000000000000000
00000000000000000000000000000000
00000000000000000000000000000000
00000000000000000000000000000000
00000000000000000000000000000000
00000000000000000000000000000000
00000000000000000000000000000000
00000000000000000000000000000000
00000000000000000000000000000000
00000000000000000000000000000000
00000000000000000000000000000000
00000000000000000000000000000000
00000000000000000000000000000000
00000000000000000000000000000000
00000000000000000000000000000000
000000000000000000000000000001ff
00000000000000000000000000000000
00000000000000000000000000000000
00000000000000000000000000000000
00000000000000000000000000000000
00000000000000000000000000000000
00000000000000000000000000000000
00000000000000000000000000000000
00000000000000000000000000000000
00000000000000000000000000000000
00000000000000000000000000000000
00000000000000000000000000000000
00000000000000000000000000000000
00000000000000000000000000000000
00000000000000000000000000000000
00000000000000000000000000000000
00000000000000000000000000000000
00000000000000000000000000000000
00000000000000000000000000000000
00000000000000000000000000000000
00000000000000000000000000000000
00000000000000000000000000000000
00000000000000000000000000000000
00000000000000000000000000000000
00000000000000000000000000000000
00000000000000000000000000000000
00000000000000000000000000000000
00000000000000000000000000000000
00000000000000000000000000000000
00000000000000000000000000000000
00000000000000000000000000000000
00000000000000000000000000000000
00000000000000000000000000000000
00000000000000000000000000000000
00000000000000000000000000000000
00000000000000000000000000000000
00000000000000000000000000000000
00000000000000000000000000000000
00000000000000000000000000000000
00000000000000000000000000000000
00000000000000000000000000000000
00000000000000000000000000000000
00000000000000000000000000000000
00000000000000000000000000000000
00000000000000000000000000000000
00000000000000000000000000000000
00000000000000000000000000000000
00000000000000000000000000000000
00000000000000000000000000000000
00000000000000000000000000000000
00000000000000000000000000000000
00000000000000000000000000000000
00000000000000000000000000000000
00000000000000000000000000000000
00000000000000000000000000000000
00000000000000000000000000000000
00000000000000000000000000000000
00000000000000000000000000000000
00000000000000000000000000000000
00000000000000000000000000000000
00000000000000000000000000000000
00000000000000000000000000000000
00000000000000000000000000000000
00000000000000000000000000000000
00000000000000000000000000000000
00000000000000000000000000000000
00000000000000000000000000000000
00000000000000000000000000000000
00000000000000000000000000000000
00000000000000000000000000000000
00000000000000000000000000000000
00000000000000000000000000000000
00000000000000000000000000000000
00000000000000000000000000000000
00000000000000000000000000000000
00000000000000000000000000000000
00000000000000000000000000000000
00000000000000000000000000000000
00000000000000000000000000000000
00000000000000000000000000000000
00000000000000000000000000000000
00000000000000000000000000000000
00000000000000000000000000000000
00000000000000000000000000000000
00000000000000000000000000000000
00000000000000000000000000000000
00000000000000000000000000000000
00000000000000000000000000000000
00000000000000000000000000000000
00000000000000000000000000000000
00000000000000000000000000000000
00000000000000000000000000000000
00000000000000000000000000000000
00000000000000000000000000000000
00000000000000000000000000000000
00000000000000000000000000000000
00000000000000000000000000000000
00000000000000000000000000000000
00000000000000000000000000000000
00000000000000000000000000000000
00000000000000000000000000000000
00000000000000000000000000000000
00000000000000000000000000000000
00000000000000000000000000000000
00000000000000000000000000000000
00000000000000000000000000000000
00000000000000000000000000000000
00000000000000000000000000000000
00000000000000000000000000000000
00000000000000000000000000000000
00000000000000000000000000000000
00000000000000000000000000000000
00000000000000000000000000000000
00000000000000000000000000000000
00000000000000000000000000000000
00000000000000000000000000000000
00000000000000000000000000000000
00000000000000000000000000000000
00000000000000000000000000000000
00000000000000000000000000000000
00000000000000000000000000000000
00000000000000000000000000000000
00000000000000000000000000000000
00000000000000000000000000000000
00000000000000000000000000000000
00000000000000000000000000000000
00000000000000000000000000000000
00000000000000000000000000000000
000000000000000001ff000000000000
00000000000000000000000000000000
00000000000000000000000000000000
00000000000000000000000000000000
00000000000000000000000000000000
00000000000000000000000000000000
00000000000000000000000000000000
00000000000000000000000000000000
00000000000000000000000000000000
00000000000000000000000000000000
00000000000000000000000000000000
00000000000000000000000000000000
00000000000000000000000000000000
00000000000000000000000000000000
00000000000000000000000000000000
00000000000000000000000000000000
00000000000000000000000000000000
00000000000000000000000000000000
00000000000000000000000000000000
00000000000000000000000000000000
00000000000000000000000000000000
00000000000000000000000000000000
00000000000000000000000000000000
00000000000000000000000000000000
00000000000000000000000000000000
00000000000000000000000000000000
00000000000000000000000000000000
00000000000000000000000000000000
00000000000000000000000000000000
00000000000000000000000000000000
00000000000000000000000000000000
00000000000000000000000000000000
00000000000000000000000000000000
00000000000000000000000000000000
00000000000000000000000000000000
00000000000000000000000000000000
00000000000000000000000000000000
00000000000000000000000000000000
00000000000000000000000000000000
00000000000000000000000000000000
00000000000000000000000000000000
00000000000000000000000000000000
00000000000000000000000000000000
00000000000000000000000000000000
00000000000000000000000000000000
00000000000000000000000000000000
00000000000000000000000000000000
00000000000000000000000000000000
00000000000000000000000000000000
00000000000000000000000000000000
00000000000000000000000000000000
00000000000000000000000000000000
00000000000000000000000000000000
00000000000000000000000000000000
00000000000000000000000000000000
00000000000000000000000000000000
00000000000000000000000000000000
00000000000000000000000000000000
00000000000000000000000000000000
00000000000000000000000000000000
00000000000000000000000000000000
00000000000000000000000000000000
00000000000000000000000000000000
00000000000000000000000000000000
00000000000000000000000000000000
00000000000000000000000000000000
00000000000000000000000000000000
00000000000000000000000000000000
00000000000000000000000000000000
00000000000000000000000000000000
00000000000000000000000000000000
00000000000000000000000000000000
00000000000000000000000000000000
00000000000000000000000000000000
00000000000000000000000000000000
00000000000000000000000000000000
00000000000000000000000000000000
00000000000000000000000000000000
00000000000000000000000000000000
00000000000000000000000000000000
00000000000000000000000000000000
00000000000000000000000000000000
00000000000000000000000000000000
00000000000000000000000000000000
00000000000000000000000000000000
00000000000000000000000000000000
00000000000000000000000000000000
00000000000000000000000000000000
00000000000000000000000000000000
00000000000000000000000000000000
00000000000000000000000000000000
00000000000000000000000000000000
00000000000000000000000000000000
00000000000000000000000000000000
00000000000000000000000000000000
00000000000000000000000000000000
00000000000000000000000000000000
00000000000000000000000000000000
00000000000000000000000000000000
00000000000000000000000000000000
00000000000000000000000000000000
00000000000000000000000000000000
00000000000000000000000000000000
00000000000000000000000000000000
00000000000000000000000000000000
00000000000000000000000000000000
00000000000000000000000000000000
00000000000000000000000000000000
00000000000000000000000000000000
00000000000000000000000000000000
00000000000000000000000000000000
00000000000000000000000000000000
00000000000000000000000000000000
00000000000000000000000000000000
00000000000000000000000000000000
00000000000000000000000000000000
00000000000000000000000000000000
00000000000000000000000000000000
00000000000000000000000000000000
00000000000000000000000000000000
00000000000000000000000000000000
00000000000000000000000000000000
00000000000000000000000000000000
00000000000000000000000000000000
00000000000000000000000000000000
00000000000000000000000000000000
00000000000000000000000000000000
00000000000000000000000000000000
00000000000001ff0000000000000000
00000000000000000000000000000000
00000000000000000000000000000000
00000000000000000000000000000000
00000000000000000000000000000000
00000000000000000000000000000000
00000000000000000000000000000000
00000000000000000000000000000000
00000000000000000000000000000000
00000000000000000000000000000000
00000000000000000000000000000000
00000000000000000000000000000000
00000000000000000000000000000000
00000000000000000000000000000000
00000000000000000000000000000000
00000000000000000000000000000000
00000000000000000000000000000000
00000000000000000000000000000000
00000000000000000000000000000000
00000000000000000000000000000000
00000000000000000000000000000000
00000000000000000000000000000000
00000000000000000000000000000000
00000000000000000000000000000000
00000000000000000000000000000000
00000000000000000000000000000000
00000000000000000000000000000000
00000000000000000000000000000000
00000000000000000000000000000000
00000000000000000000000000000000
00000000000000000000000000000000
00000000000000000000000000000000
00000000000000000000000000000000
00000000000000000000000000000000
00000000000000000000000000000000
00000000000000000000000000000000
00000000000000000000000000000000
00000000000000000000000000000000
00000000000000000000000000000000
00000000000000000000000000000000
00000000000000000000000000000000
00000000000000000000000000000000
00000000000000000000000000000000
00000000000000000000000000000000
00000000000000000000000000000000
00000000000000000000000000000000
00000000000000000000000000000000
00000000000000000000000000000000
00000000000000000000000000000000
00000000000000000000000000000000
00000000000000000000000000000000
00000000000000000000000000000000
00000000000000000000000000000000
00000000000000000000000000000000
00000000000000000000000000000000
00000000000000000000000000000000
00000000000000000000000000000000
00000000000000000000000000000000
00000000000000000000000000000000
00000000000000000000000000000000
00000000000000000000000000000000
00000000000000000000000000000000
00000000000000000000000000000000
00000000000000000000000000000000
00000000000000000000000000000000
00000000000000000000000000000000
00000000000000000000000000000000
00000000000000000000000000000000
00000000000000000000000000000000
00000000000000000000000000000000
00000000000000000000000000000000
00000000000000000000000000000000
00000000000000000000000000000000
00000000000000000000000000000000
00000000000000000000000000000000
00000000000000000000000000000000
00000000000000000000000000000000
00000000000000000000000000000000
00000000000000000000000000000000
00000000000000000000000000000000
00000000000000000000000000000000
00000000000000000000000000000000
00000000000000000000000000000000
00000000000000000000000000000000
00000000000000000000000000000000
00000000000000000000000000000000
00000000000000000000000000000000
00000000000000000000000000000000
00000000000000000000000000000000
00000000000000000000000000000000
00000000000000000000000000000000
00000000000000000000000000000000
00000000000000000000000000000000
00000000000000000000000000000000
00000000000000000000000000000000
00000000000000000000000000000000
00000000000000000000000000000000
00000000000000000000000000000000
00000000000000000000000000000000
00000000000000000000000000000000
00000000000000000000000000000000
00000000000000000000000000000000
00000000000000000000000000000000
00000000000000000000000000000000
00000000000000000000000000000000
00000000000000000000000000000000
00000000000000000000000000000000
00000000000000000000000000000000
00000000000000000000000000000000
00000000000000000000000000000000
00000000000000000000000000000000
00000000000000000000000000000000
00000000000000000000000000000000
00000000000000000000000000000000
00000000000000000000000000000000
00000000000000000000000000000000
00000000000000000000000000000000
00000000000000000000000000000000
00000000000000000000000000000000
00000000000000000000000000000000
00000000000000000000000000000000
00000000000000000000000000000000
00000000000000000000000000000000
00000000000000000000000000000000
00000000000000000000000000000000
00000000000000000000000000000000
00000000000000000000000000000000
00000000000000000000000000000000
01ff0000000000000000000000000000
00000000000000000000000000000000
00000000000000000000000000000000
00000000000000000000000000000000
00000000000000000000000000000000
00000000000000000000000000000000
00000000000000000000000000000000
00000000000000000000000000000000
00000000000000000000000000000000
00000000000000000000000000000000
00000000000000000000000000000000
00000000000000000000000000000000
00000000000000000000000000000000
00000000000000000000000000000000
00000000000000000000000000000000
00000000000000000000000000000000
00000000000000000000000000000000
00000000000000000000000000000000
00000000000000000000000000000000
00000000000000000000000000000000
00000000000000000000000000000000
00000000000000000000000000000000
00000000000000000000000000000000
00000000000000000000000000000000
00000000000000000000000000000000
00000000000000000000000000000000
00000000000000000000000000000000
00000000000000000000000000000000
00000000000000000000000000000000
00000000000000000000000000000000
00000000000000000000000000000000
00000000000000000000000000000000
00000000000000000000000000000000
00000000000000000000000000000000
00000000000000000000000000000000
00000000000000000000000000000000
00000000000000000000000000000000
00000000000000000000000000000000
00000000000000000000000000000000
00000000000000000000000000000000
00000000000000000000000000000000
00000000000000000000000000000000
00000000000000000000000000000000
00000000000000000000000000000000
00000000000000000000000000000000
00000000000000000000000000000000
00000000000000000000000000000000
00000000000000000000000000000000
00000000000000000000000000000000
00000000000000000000000000000000
00000000000000000000000000000000
00000000000000000000000000000000
00000000000000000000000000000000
00000000000000000000000000000000
00000000000000000000000000000000
00000000000000000000000000000000
00000000000000000000000000000000
00000000000000000000000000000000
00000000000000000000000000000000
00000000000000000000000000000000
00000000000000000000000000000000
00000000000000000000000000000000
00000000000000000000000000000000
00000000000000000000000000000000
00000000000000000000000000000000
00000000000000000000000000000000
00000000000000000000000000000000
00000000000000000000000000000000
00000000000000000000000000000000
00000000000000000000000000000000
00000000000000000000000000000000
00000000000000000000000000000000
00000000000000000000000000000000
00000000000000000000000000000000
00000000000000000000000000000000
00000000000000000000000000000000
00000000000000000000000000000000
00000000000000000000000000000000
00000000000000000000000000000000
00000000000000000000000000000000
00000000000000000000000000000000
00000000000000000000000000000000
00000000000000000000000000000000
00000000000000000000000000000000
00000000000000000000000000000000
00000000000000000000000000000000
00000000000000000000000000000000
00000000000000000000000000000000
00000000000000000000000000000000
00000000000000000000000000000000
00000000000000000000000000000000
00000000000000000000000000000000
00000000000000000000000000000000
00000000000000000000000000000000
00000000000000000000000000000000
00000000000000000000000000000000
00000000000000000000000000000000
00000000000000000000000000000000
00000000000000000000000000000000
00000000000000000000000000000000
00000000000000000000000000000000
00000000000000000000000000000000
00000000000000000000000000000000
00000000000000000000000000000000
00000000000000000000000000000000
00000000000000000000000000000000
00000000000000000000000000000000
00000000000000000000000000000000
00000000000000000000000000000000
00000000000000000000000000000000
00000000000000000000000000000000
00000000000000000000000000000000
00000000000000000000000000000000
00000000000000000000000000000000
00000000000000000000000000000000
00000000000000000000000000000000
00000000000000000000000000000000
00000000000000000000000000000000
00000000000000000000000000000000
00000000000000000000000000000000
00000000000000000000000000000000
00000000000000000000000000000000
00000000000000000000000000000000
00000000000000000000000000000000
00000000000000000000000000000000
00000000000000000000000000000000
00000000000000000000000000000000
00000000000000000000000000000000
00000000000000000000000000000000
00000000000000000000000000000000
00000000000000000000000000000000
00000000000000000000000000000000
00000000000000000000000000000000
00000000000000000000000000000000
00000000000000000000000000000000
00000000000000000000000000000000
00000000000000000000000000000000
00000000000000000000000000000000
00000000000000000000000000000000
00000000000000000000000000000000
00000000000000000000000000000000
00000000000000000000000000000000
00000000000000000000000000000000
00000000000000000000000000000000
00000000000000000000000000000000
00000000000000000000000000000000
00000000000000000000000000000000
00000000000000000000000000000000
00000000000000000000000000000000
00000000000000000000000000000000
00000000000000000000000000000000
00000000000000000000000000000000
00000000000000000000000000000000
00000000000000000000000000000000
00000000000000000000000000000000
00000000000000000000000000000000
00000000000000000000000000000000
00000000000000000000000000000000
00000000000000000000000000000000
00000000000000000000000000000000
00000000000000000000000000000000
00000000000000000000000000000000
00000000000000000000000000000000
00000000000000000000000000000000
00000000000000000000000000000000
00000000000000000000000000000000
00000000000000000000000000000000
00000000000000000000000000000000
00000000000000000000000000000000
00000000000000000000000000000000
00000000000000000000000000000000
00000000000000000000000000000000
00000000000000000000000000000000
00000000000000000000000000000000
00000000000000000000000000000000
00000000000000000000000000000000
00000000000000000000000000000000
00000000000000000000000000000000
00000000000000000000000000000000
00000000000000000000000000000000
00000000000000000000000000000000
00000000000000000000000000000000
00000000000000000000000000000000
00000000000000000000000000000000
00000000000000000000000000000000
00000000000000000000000000000000
00000000000000000000000000000000
00000000000000000000000000000000
00000000000000000000000000000000
00000000000000000000000000000000
00000000000000000000000000000000
00000000000000000000000000000000
00000000000000000000000000000000
00000000000000000000000000000000
00000000000000000000000000000000
00000000000000000000000000000000
00000000000000000000000000000000
00000000000000000000000000000000
00000000000000000000000000000000
00000000000000000000000000000000
00000000000000000000000000000000
00000000000000000000000000000000
00000000000000000000000000000000
00000000000000000000000000000000
00000000000000000000000000000000
00000000000000000000000000000000
00000000000000000000000000000000
00000000000000000000000000000000
00000000000000000000000000000000
00000000000000000000000000000000
00000000000000000000000000000000
00000000000000000000000000000000
00000000000000000000000000000000
00000000000000000000000000000000
00000000000000000000000000000000
00000000000000000000000000000000
00000000000000000000000000000000
00000000000000000000000000000000
00000000000000000000000000000000
00000000000000000000000000000000
00000000000000000000000000000000
00000000000000000000000000000000
00000000000000000000000000000000
00000000000000000000000000000000
00000000000000000000000000000000
00000000000000000000000000000000
00000000000000000000000000000000
00000000000000000000000000000000
00000000000000000000000000000000
00000000000000000000000000000000
00000000000000000000000000000000
00000000000000000000000000000000
00000000000000000000000000000000
00000000000000000000000000000000
00000000000000000000000000000000
00000000000000000000000000000000
00000000000000000000000000000000
00000000000000000000000000000000
00000000000000000000000000000000
00000000000000000000000000000000
00000000000000000000000000000000
00000000000000000000000000000000
00000000000000000000000000000000
00000000000000000000000000000000
00000000000000000000000000000000
00000000000000000000000000000000
00000000000000000000000000000000
00000000000000000000000000000000
00000000000000000000000000000000
00000000000000000000000000000000
000000000000000000000000000001ff
00000000000000000000000000000000
00000000000000000000000000000000
00000000000000000000000000000000
00000000000000000000000000000000
00000000000000000000000000000000
00000000000000000000000000000000
00000000000000000000000000000000
00000000000000000000000000000000
00000000000000000000000000000000
00000000000000000000000000000000
00000000000000000000000000000000
00000000000000000000000000000000
00000000000000000000000000000000
00000000000000000000000000000000
00000000000000000000000000000000
00000000000000000000000000000000
00000000000000000000000000000000
00000000000000000000000000000000
00000000000000000000000000000000
00000000000000000000000000000000
00000000000000000000000000000000
00000000000000000000000000000000
00000000000000000000000000000000
00000000000000000000000000000000
00000000000000000000000000000000
00000000000000000000000000000000
00000000000000000000000000000000
00000000000000000000000000000000
00000000000000000000000000000000
00000000000000000000000000000000
00000000000000000000000000000000
00000000000000000000000000000000
00000000000000000000000000000000
00000000000000000000000000000000
00000000000000000000000000000000
00000000000000000000000000000000
00000000000000000000000000000000
00000000000000000000000000000000
00000000000000000000000000000000
00000000000000000000000000000000
00000000000000000000000000000000
00000000000000000000000000000000
00000000000000000000000000000000
00000000000000000000000000000000
00000000000000000000000000000000
00000000000000000000000000000000
00000000000000000000000000000000
00000000000000000000000000000000
00000000000000000000000000000000
00000000000000000000000000000000
00000000000000000000000000000000
00000000000000000000000000000000
00000000000000000000000000000000
00000000000000000000000000000000
00000000000000000000000000000000
00000000000000000000000000000000
00000000000000000000000000000000
00000000000000000000000000000000
00000000000000000000000000000000
00000000000000000000000000000000
00000000000000000000000000000000
00000000000000000000000000000000
00000000000000000000000000000000
00000000000000000000000000000000
00000000000000000000000000000000
00000000000000000000000000000000
00000000000000000000000000000000
00000000000000000000000000000000
00000000000000000000000000000000
00000000000000000000000000000000
00000000000000000000000000000000
00000000000000000000000000000000
00000000000000000000000000000000
00000000000000000000000000000000
00000000000000000000000000000000
00000000000000000000000000000000
00000000000000000000000000000000
00000000000000000000000000000000
00000000000000000000000000000000
00000000000000000000000000000000
00000000000000000000000000000000
00000000000000000000000000000000
00000000000000000000000000000000
00000000000000000000000000000000
00000000000000000000000000000000
00000000000000000000000000000000
00000000000000000000000000000000
00000000000000000000000000000000
00000000000000000000000000000000
00000000000000000000000000000000
00000000000000000000000000000000
00000000000000000000000000000000
00000000000000000000000000000000
00000000000000000000000000000000
00000000000000000000000000000000
00000000000000000000000000000000
00000000000000000000000000000000
00000000000000000000000000000000
00000000000000000000000000000000
00000000000000000000000000000000
00000000000000000000000000000000
00000000000000000000000000000000
00000000000000000000000000000000
00000000000000000000000000000000
00000000000000000000000000000000
00000000000000000000000000000000
00000000000000000000000000000000
00000000000000000000000000000000
00000000000000000000000000000000
00000000000000000000000000000000
00000000000000000000000000000000
00000000000000000000000000000000
00000000000000000000000000000000
00000000000000000000000000000000
00000000000000000000000000000000
00000000000000000000000000000000
00000000000000000000000000000000
00000000000000000000000000000000
00000000000000000000000000000000
00000000000000000000000000000000
00000000000000000000000000000000
00000000000000000000000000000000
00000000000000000000000000000000
00000000000000000000000000000000
00000000000000000000000000000000
00000000000000000000000000000000
00000000000000000000000000000000
000000000000000001ff000000000000
00000000000000000000000000000000
00000000000000000000000000000000
00000000000000000000000000000000
00000000000000000000000000000000
00000000000000000000000000000000
00000000000000000000000000000000
00000000000000000000000000000000
00000000000000000000000000000000
00000000000000000000000000000000
00000000000000000000000000000000
00000000000000000000000000000000
00000000000000000000000000000000
00000000000000000000000000000000
00000000000000000000000000000000
00000000000000000000000000000000
00000000000000000000000000000000
00000000000000000000000000000000
00000000000000000000000000000000
00000000000000000000000000000000
00000000000000000000000000000000
00000000000000000000000000000000
00000000000000000000000000000000
00000000000000000000000000000000
00000000000000000000000000000000
00000000000000000000000000000000
00000000000000000000000000000000
00000000000000000000000000000000
00000000000000000000000000000000
00000000000000000000000000000000
00000000000000000000000000000000
00000000000000000000000000000000
00000000000000000000000000000000
00000000000000000000000000000000
00000000000000000000000000000000
00000000000000000000000000000000
00000000000000000000000000000000
00000000000000000000000000000000
00000000000000000000000000000000
00000000000000000000000000000000
00000000000000000000000000000000
00000000000000000000000000000000
00000000000000000000000000000000
00000000000000000000000000000000
00000000000000000000000000000000
00000000000000000000000000000000
00000000000000000000000000000000
00000000000000000000000000000000
00000000000000000000000000000000
00000000000000000000000000000000
00000000000000000000000000000000
00000000000000000000000000000000
00000000000000000000000000000000
00000000000000000000000000000000
00000000000000000000000000000000
00000000000000000000000000000000
00000000000000000000000000000000
00000000000000000000000000000000
00000000000000000000000000000000
00000000000000000000000000000000
00000000000000000000000000000000
00000000000000000000000000000000
00000000000000000000000000000000
00000000000000000000000000000000
00000000000000000000000000000000
00000000000000000000000000000000
00000000000000000000000000000000
00000000000000000000000000000000
00000000000000000000000000000000
00000000000000000000000000000000
00000000000000000000000000000000
00000000000000000000000000000000
00000000000000000000000000000000
00000000000000000000000000000000
00000000000000000000000000000000
00000000000000000000000000000000
00000000000000000000000000000000
00000000000000000000000000000000
00000000000000000000000000000000
00000000000000000000000000000000
00000000000000000000000000000000
00000000000000000000000000000000
00000000000000000000000000000000
00000000000000000000000000000000
00000000000000000000000000000000
00000000000000000000000000000000
00000000000000000000000000000000
00000000000000000000000000000000
00000000000000000000000000000000
00000000000000000000000000000000
00000000000000000000000000000000
00000000000000000000000000000000
00000000000000000000000000000000
00000000000000000000000000000000
00000000000000000000000000000000
00000000000000000000000000000000
00000000000000000000000000000000
00000000000000000000000000000000
00000000000000000000000000000000
00000000000000000000000000000000
00000000000000000000000000000000
00000000000000000000000000000000
00000000000000000000000000000000
00000000000000000000000000000000
00000000000000000000000000000000
00000000000000000000000000000000
00000000000000000000000000000000
00000000000000000000000000000000
00000000000000000000000000000000
00000000000000000000000000000000
00000000000000000000000000000000
00000000000000000000000000000000
00000000000000000000000000000000
00000000000000000000000000000000
00000000000000000000000000000000
00000000000000000000000000000000
00000000000000000000000000000000
00000000000000000000000000000000
00000000000000000000000000000000
00000000000000000000000000000000
00000000000000000000000000000000
00000000000000000000000000000000
00000000000000000000000000000000
00000000000000000000000000000000
00000000000000000000000000000000
00000000000000000000000000000000
00000000000000000000000000000000
00000000000000000000000000000000
00000000000000000000000000000000
000000000000000000000000000001ff
00000000000000000000000000000000
00000000000000000000000000000000
00000000000000000000000000000000
00000000000000000000000000000000
00000000000000000000000000000000
00000000000000000000000000000000
00000000000000000000000000000000
00000000000000000000000000000000
00000000000000000000000000000000
00000000000000000000000000000000
00000000000000000000000000000000
00000000000000000000000000000000
00000000000000000000000000000000
00000000000000000000000000000000
00000000000000000000000000000000
00000000000000000000000000000000
00000000000000000000000000000000
00000000000000000000000000000000
00000000000000000000000000000000
00000000000000000000000000000000
00000000000000000000000000000000
00000000000000000000000000000000
00000000000000000000000000000000
00000000000000000000000000000000
00000000000000000000000000000000
00000000000000000000000000000000
00000000000000000000000000000000
00000000000000000000000000000000
00000000000000000000000000000000
00000000000000000000000000000000
00000000000000000000000000000000
00000000000000000000000000000000
00000000000000000000000000000000
00000000000000000000000000000000
00000000000000000000000000000000
00000000000000000000000000000000
00000000000000000000000000000000
00000000000000000000000000000000
00000000000000000000000000000000
00000000000000000000000000000000
00000000000000000000000000000000
00000000000000000000000000000000
00000000000000000000000000000000
00000000000000000000000000000000
00000000000000000000000000000000
00000000000000000000000000000000
00000000000000000000000000000000
00000000000000000000000000000000
00000000000000000000000000000000
00000000000000000000000000000000
00000000000000000000000000000000
00000000000000000000000000000000
00000000000000000000000000000000
00000000000000000000000000000000
00000000000000000000000000000000
00000000000000000000000000000000
00000000000000000000000000000000
00000000000000000000000000000000
00000000000000000000000000000000
00000000000000000000000000000000
00000000000000000000000000000000
00000000000000000000000000000000
00000000000000000000000000000000
00000000000000000000000000000000
00000000000000000000000000000000
00000000000000000000000000000000
00000000000000000000000000000000
00000000000000000000000000000000
00000000000000000000000000000000
00000000000000000000000000000000
00000000000000000000000000000000
00000000000000000000000000000000
00000000000000000000000000000000
00000000000000000000000000000000
00000000000000000000000000000000
00000000000000000000000000000000
00000000000000000000000000000000
00000000000000000000000000000000
00000000000000000000000000000000
00000000000000000000000000000000
00000000000000000000000000000000
00000000000000000000000000000000
00000000000000000000000000000000
00000000000000000000000000000000
00000000000000000000000000000000
00000000000000000000000000000000
00000000000000000000000000000000
00000000000000000000000000000000
00000000000000000000000000000000
00000000000000000000000000000000
00000000000000000000000000000000
00000000000000000000000000000000
00000000000000000000000000000000
00000000000000000000000000000000
00000000000000000000000000000000
00000000000000000000000000000000
00000000000000000000000000000000
00000000000000000000000000000000
00000000000000000000000000000000
00000000000000000000000000000000
00000000000000000000000000000000
00000000000000000000000000000000
00000000000000000000000000000000
00000000000000000000000000000000
00000000000000000000000000000000
00000000000000000000000000000000
00000000000000000000000000000000
00000000000000000000000000000000
00000000000000000000000000000000
00000000000000000000000000000000
00000000000000000000000000000000
00000000000000000000000000000000
00000000000000000000000000000000
00000000000000000000000000000000
00000000000000000000000000000000
00000000000000000000000000000000
00000000000000000000000000000000
00000000000000000000000000000000
00000000000000000000000000000000
00000000000000000000000000000000
00000000000000000000000000000000
00000000000000000000000000000000
00000000000000000000000000000000
00000000000000000000000000000000
00000000000000000000000000000000
00000000000000000000000000000000
00000000000000000000000000000000
000000000000000001ff000000000000
00000000000000000000000000000000
00000000000000000000000000000000
00000000000000000000000000000000
00000000000000000000000000000000
00000000000000000000000000000000
00000000000000000000000000000000
00000000000000000000000000000000
00000000000000000000000000000000
00000000000000000000000000000000
00000000000000000000000000000000
00000000000000000000000000000000
00000000000000000000000000000000
00000000000000000000000000000000
00000000000000000000000000000000
00000000000000000000000000000000
00000000000000000000000000000000
00000000000000000000000000000000
00000000000000000000000000000000
00000000000000000000000000000000
00000000000000000000000000000000
00000000000000000000000000000000
00000000000000000000000000000000
00000000000000000000000000000000
00000000000000000000000000000000
00000000000000000000000000000000
00000000000000000000000000000000
00000000000000000000000000000000
00000000000000000000000000000000
00000000000000000000000000000000
00000000000000000000000000000000
00000000000000000000000000000000
00000000000000000000000000000000
00000000000000000000000000000000
00000000000000000000000000000000
00000000000000000000000000000000
00000000000000000000000000000000
00000000000000000000000000000000
00000000000000000000000000000000
00000000000000000000000000000000
00000000000000000000000000000000
00000000000000000000000000000000
00000000000000000000000000000000
00000000000000000000000000000000
00000000000000000000000000000000
00000000000000000000000000000000
00000000000000000000000000000000
00000000000000000000000000000000
00000000000000000000000000000000
00000000000000000000000000000000
00000000000000000000000000000000
00000000000000000000000000000000
00000000000000000000000000000000
00000000000000000000000000000000
00000000000000000000000000000000
00000000000000000000000000000000
00000000000000000000000000000000
00000000000000000000000000000000
00000000000000000000000000000000
00000000000000000000000000000000
00000000000000000000000000000000
00000000000000000000000000000000
00000000000000000000000000000000
00000000000000000000000000000000
00000000000000000000000000000000
00000000000000000000000000000000
00000000000000000000000000000000
00000000000000000000000000000000
00000000000000000000000000000000
00000000000000000000000000000000
00000000000000000000000000000000
00000000000000000000000000000000
00000000000000000000000000000000
00000000000000000000000000000000
00000000000000000000000000000000
00000000000000000000000000000000
00000000000000000000000000000000
00000000000000000000000000000000
00000000000000000000000000000000
00000000000000000000000000000000
00000000000000000000000000000000
00000000000000000000000000000000
00000000000000000000000000000000
00000000000000000000000000000000
00000000000000000000000000000000
00000000000000000000000000000000
00000000000000000000000000000000
00000000000000000000000000000000
00000000000000000000000000000000
00000000000000000000000000000000
00000000000000000000000000000000
00000000000000000000000000000000
00000000000000000000000000000000
00000000000000000000000000000000
00000000000000000000000000000000
00000000000000000000000000000000
00000000000000000000000000000000
00000000000000000000000000000000
00000000000000000000000000000000
00000000000000000000000000000000
00000000000000000000000000000000
00000000000000000000000000000000
00000000000000000000000000000000
00000000000000000000000000000000
00000000000000000000000000000000
00000000000000000000000000000000
00000000000000000000000000000000
00000000000000000000000000000000
00000000000000000000000000000000
00000000000000000000000000000000
00000000000000000000000000000000
00000000000000000000000000000000
00000000000000000000000000000000
00000000000000000000000000000000
00000000000000000000000000000000
00000000000000000000000000000000
00000000000000000000000000000000
00000000000000000000000000000000
00000000000000000000000000000000
00000000000000000000000000000000
00000000000000000000000000000000
00000000000000000000000000000000
00000000000000000000000000000000
00000000000000000000000000000000
00000000000000000000000000000000
00000000000000000000000000000000
00000000000000000000000000000000
00000000000000000000000000000000
00000000000001ff0000000000000000
00000000000000000000000000000000
00000000000000000000000000000000
00000000000000000000000000000000
00000000000000000000000000000000
00000000000000000000000000000000
00000000000000000000000000000000
00000000000000000000000000000000
00000000000000000000000000000000
00000000000000000000000000000000
00000000000000000000000000000000
00000000000000000000000000000000
00000000000000000000000000000000
00000000000000000000000000000000
00000000000000000000000000000000
00000000000000000000000000000000
00000000000000000000000000000000
00000000000000000000000000000000
00000000000000000000000000000000
00000000000000000000000000000000
00000000000000000000000000000000
00000000000000000000000000000000
00000000000000000000000000000000
00000000000000000000000000000000
00000000000000000000000000000000
00000000000000000000000000000000
00000000000000000000000000000000
00000000000000000000000000000000
00000000000000000000000000000000
00000000000000000000000000000000
00000000000000000000000000000000
00000000000000000000000000000000
00000000000000000000000000000000
00000000000000000000000000000000
00000000000000000000000000000000
00000000000000000000000000000000
00000000000000000000000000000000
00000000000000000000000000000000
00000000000000000000000000000000
00000000000000000000000000000000
00000000000000000000000000000000
00000000000000000000000000000000
00000000000000000000000000000000
00000000000000000000000000000000
00000000000000000000000000000000
00000000000000000000000000000000
00000000000000000000000000000000
00000000000000000000000000000000
00000000000000000000000000000000
00000000000000000000000000000000
00000000000000000000000000000000
00000000000000000000000000000000
00000000000000000000000000000000
00000000000000000000000000000000
00000000000000000000000000000000
00000000000000000000000000000000
00000000000000000000000000000000
00000000000000000000000000000000
00000000000000000000000000000000
00000000000000000000000000000000
00000000000000000000000000000000
00000000000000000000000000000000
00000000000000000000000000000000
00000000000000000000000000000000
00000000000000000000000000000000
00000000000000000000000000000000
00000000000000000000000000000000
00000000000000000000000000000000
00000000000000000000000000000000
00000000000000000000000000000000
00000000000000000000000000000000
00000000000000000000000000000000
00000000000000000000000000000000
00000000000000000000000000000000
00000000000000000000000000000000
00000000000000000000000000000000
00000000000000000000000000000000
00000000000000000000000000000000
00000000000000000000000000000000
00000000000000000000000000000000
00000000000000000000000000000000
00000000000000000000000000000000
00000000000000000000000000000000
00000000000000000000000000000000
00000000000000000000000000000000
00000000000000000000000000000000
00000000000000000000000000000000
00000000000000000000000000000000
00000000000000000000000000000000
00000000000000000000000000000000
00000000000000000000000000000000
00000000000000000000000000000000
00000000000000000000000000000000
00000000000000000000000000000000
00000000000000000000000000000000
00000000000000000000000000000000
00000000000000000000000000000000
00000000000000000000000000000000
00000000000000000000000000000000
00000000000000000000000000000000
00000000000000000000000000000000
00000000000000000000000000000000
00000000000000000000000000000000
00000000000000000000000000000000
00000000000000000000000000000000
00000000000000000000000000000000
00000000000000000000000000000000
00000000000000000000000000000000
00000000000000000000000000000000
00000000000000000000000000000000
00000000000000000000000000000000
00000000000000000000000000000000
00000000000000000000000000000000
00000000000000000000000000000000
00000000000000000000000000000000
00000000000000000000000000000000
00000000000000000000000000000000
00000000000000000000000000000000
00000000000000000000000000000000
00000000000000000000000000000000
00000000000000000000000000000000
00000000000000000000000000000000
00000000000000000000000000000000
00000000000000000000000000000000
00000000000000000000000000000000
00000000000000000000000000000000
00000000000000000000000000000000
00000000000000000000000000000000
01ff0000000000000000000000000000
00010001000100010001000100010001
00010001000100010001000100010001
00010001000100010001000100010001
00010001000100010001000100010001
00010001000100010001000100010001
00010001000100010001000100010001
00010001000100010001000100010001
00010001000100010001000100010001
00010001000100010001000100010001
00010001000100010001000100010001
00010001000100010001000100010001
00010001000100010001000100010001
00010001000100010001000100010001
00010001000100010001000100010001
00010001000100010001000100010001
00010001000100010001000100010001
00010001000100010001000100010001
00010001000100010001000100010001
00010001000100010001000100010001
00010001000100010001000100010001
00010001000100010001000100010001
00010001000100010001000100010001
00010001000100010001000100010001
00010001000100010001000100010001
00010001000100010001000100010001
00010001000100010001000100010001
00010001000100010001000100010001
00010001000100010001000100010001
00010001000100010001000100010001
00010001000100010001000100010001
00010001000100010001000100010001
00010001000100010001000100010001
00010001000100010001000100010001
00010001000100010001000100010001
00010001000100010001000100010001
00010001000100010001000100010001
00010001000100010001000100010001
00010001000100010001000100010001
00010001000100010001000100010001
00010001000100010001000100010001
00010001000100010001000100010001
00010001000100010001000100010001
00010001000100010001000100010001
00010001000100010001000100010001
00010001000100010001000100010001
00010001000100010001000100010001
00010001000100010001000100010001
00010001000100010001000100010001
00010001000100010001000100010001
00010001000100010001000100010001
00010001000100010001000100010001
00010001000100010001000100010001
00010001000100010001000100010001
00010001000100010001000100010001
00010001000100010001000100010001
00010001000100010001000100010001
00010001000100010001000100010001
00010001000100010001000100010001
00010001000100010001000100010001
00010001000100010001000100010001
00010001000100010001000100010001
00010001000100010001000100010001
00010001000100010001000100010001
00010001000100010001000100010001
00010001000100010001000100010001
00010001000100010001000100010001
00010001000100010001000100010001
00010001000100010001000100010001
00010001000100010001000100010001
00010001000100010001000100010001
00010001000100010001000100010001
00010001000100010001000100010001
00010001000100010001000100010001
00010001000100010001000100010001
00010001000100010001000100010001
00010001000100010001000100010001
00010001000100010001000100010001
00010001000100010001000100010001
00010001000100010001000100010001
00010001000100010001000100010001
00010001000100010001000100010001
00010001000100010001000100010001
00010001000100010001000100010001
00010001000100010001000100010001
00010001000100010001000100010001
00010001000100010001000100010001
00010001000100010001000100010001
00010001000100010001000100010001
00010001000100010001000100010001
00010001000100010001000100010001
00010001000100010001000100010001
00010001000100010001000100010001
00010001000100010001000100010001
00010001000100010001000100010001
00010001000100010001000100010001
00010001000100010001000100010001
00010001000100010001000100010001
00010001000100010001000100010001
00010001000100010001000100010001
00010001000100010001000100010001
00010001000100010001000100010001
00010001000100010001000100010001
00010001000100010001000100010001
00010001000100010001000100010001
00010001000100010001000100010001
00010001000100010001000100010001
00010001000100010001000100010001
00010001000100010001000100010001
00010001000100010001000100010001
00010001000100010001000100010001
00010001000100010001000100010001
00010001000100010001000100010001
00010001000100010001000100010001
00010001000100010001000100010001
00010001000100010001000100010001
00010001000100010001000100010001
00010001000100010001000100010001
00010001000100010001000100010001
00010001000100010001000100010001
00010001000100010001000100010001
00010001000100010001000100010001
00010001000100010001000100010001
00010001000100010001000100010001
00010001000100010001000100010001
00010001000100010001000100010001
00010001000100010001000100010001
00010001000100010001000100010001
00010001000100010001000100010001
03ff03ff03ff03ff03ff03ff03ff03ff
03ff03ff03ff03ff03ff03ff03ff03ff
03ff03ff03ff03ff03ff03ff03ff03ff
03ff03ff03ff03ff03ff03ff03ff03ff
03ff03ff03ff03ff03ff03ff03ff03ff
03ff03ff03ff03ff03ff03ff03ff03ff
03ff03ff03ff03ff03ff03ff03ff03ff
03ff03ff03ff03ff03ff03ff03ff03ff
03ff03ff03ff03ff03ff03ff03ff03ff
03ff03ff03ff03ff03ff03ff03ff03ff
03ff03ff03ff03ff03ff03ff03ff03ff
03ff03ff03ff03ff03ff03ff03ff03ff
03ff03ff03ff03ff03ff03ff03ff03ff
03ff03ff03ff03ff03ff03ff03ff03ff
03ff03ff03ff03ff03ff03ff03ff03ff
03ff03ff03ff03ff03ff03ff03ff03ff
03ff03ff03ff03ff03ff03ff03ff03ff
03ff03ff03ff03ff03ff03ff03ff03ff
03ff03ff03ff03ff03ff03ff03ff03ff
03ff03ff03ff03ff03ff03ff03ff03ff
03ff03ff03ff03ff03ff03ff03ff03ff
03ff03ff03ff03ff03ff03ff03ff03ff
03ff03ff03ff03ff03ff03ff03ff03ff
03ff03ff03ff03ff03ff03ff03ff03ff
03ff03ff03ff03ff03ff03ff03ff03ff
03ff03ff03ff03ff03ff03ff03ff03ff
03ff03ff03ff03ff03ff03ff03ff03ff
03ff03ff03ff03ff03ff03ff03ff03ff
03ff03ff03ff03ff03ff03ff03ff03ff
03ff03ff03ff03ff03ff03ff03ff03ff
03ff03ff03ff03ff03ff03ff03ff03ff
03ff03ff03ff03ff03ff03ff03ff03ff
03ff03ff03ff03ff03ff03ff03ff03ff
03ff03ff03ff03ff03ff03ff03ff03ff
03ff03ff03ff03ff03ff03ff03ff03ff
03ff03ff03ff03ff03ff03ff03ff03ff
03ff03ff03ff03ff03ff03ff03ff03ff
03ff03ff03ff03ff03ff03ff03ff03ff
03ff03ff03ff03ff03ff03ff03ff03ff
03ff03ff03ff03ff03ff03ff03ff03ff
03ff03ff03ff03ff03ff03ff03ff03ff
03ff03ff03ff03ff03ff03ff03ff03ff
03ff03ff03ff03ff03ff03ff03ff03ff
03ff03ff03ff03ff03ff03ff03ff03ff
03ff03ff03ff03ff03ff03ff03ff03ff
03ff03ff03ff03ff03ff03ff03ff03ff
03ff03ff03ff03ff03ff03ff03ff03ff
03ff03ff03ff03ff03ff03ff03ff03ff
03ff03ff03ff03ff03ff03ff03ff03ff
03ff03ff03ff03ff03ff03ff03ff03ff
03ff03ff03ff03ff03ff03ff03ff03ff
03ff03ff03ff03ff03ff03ff03ff03ff
03ff03ff03ff03ff03ff03ff03ff03ff
03ff03ff03ff03ff03ff03ff03ff03ff
03ff03ff03ff03ff03ff03ff03ff03ff
03ff03ff03ff03ff03ff03ff03ff03ff
03ff03ff03ff03ff03ff03ff03ff03ff
03ff03ff03ff03ff03ff03ff03ff03ff
03ff03ff03ff03ff03ff03ff03ff03ff
03ff03ff03ff03ff03ff03ff03ff03ff
03ff03ff03ff03ff03ff03ff03ff03ff
03ff03ff03ff03ff03ff03ff03ff03ff
03ff03ff03ff03ff03ff03ff03ff03ff
03ff03ff03ff03ff03ff03ff03ff03ff
03ff03ff03ff03ff03ff03ff03ff03ff
03ff03ff03ff03ff03ff03ff03ff03ff
03ff03ff03ff03ff03ff03ff03ff03ff
03ff03ff03ff03ff03ff03ff03ff03ff
03ff03ff03ff03ff03ff03ff03ff03ff
03ff03ff03ff03ff03ff03ff03ff03ff
03ff03ff03ff03ff03ff03ff03ff03ff
03ff03ff03ff03ff03ff03ff03ff03ff
03ff03ff03ff03ff03ff03ff03ff03ff
03ff03ff03ff03ff03ff03ff03ff03ff
03ff03ff03ff03ff03ff03ff03ff03ff
03ff03ff03ff03ff03ff03ff03ff03ff
03ff03ff03ff03ff03ff03ff03ff03ff
03ff03ff03ff03ff03ff03ff03ff03ff
03ff03ff03ff03ff03ff03ff03ff03ff
03ff03ff03ff03ff03ff03ff03ff03ff
03ff03ff03ff03ff03ff03ff03ff03ff
03ff03ff03ff03ff03ff03ff03ff03ff
03ff03ff03ff03ff03ff03ff03ff03ff
03ff03ff03ff03ff03ff03ff03ff03ff
03ff03ff03ff03ff03ff03ff03ff03ff
03ff03ff03ff03ff03ff03ff03ff03ff
03ff03ff03ff03ff03ff03ff03ff03ff
03ff03ff03ff03ff03ff03ff03ff03ff
03ff03ff03ff03ff03ff03ff03ff03ff
03ff03ff03ff03ff03ff03ff03ff03ff
03ff03ff03ff03ff03ff03ff03ff03ff
03ff03ff03ff03ff03ff03ff03ff03ff
03ff03ff03ff03ff03ff03ff03ff03ff
03ff03ff03ff03ff03ff03ff03ff03ff
03ff03ff03ff03ff03ff03ff03ff03ff
03ff03ff03ff03ff03ff03ff03ff03ff
03ff03ff03ff03ff03ff03ff03ff03ff
03ff03ff03ff03ff03ff03ff03ff03ff
03ff03ff03ff03ff03ff03ff03ff03ff
03ff03ff03ff03ff03ff03ff03ff03ff
03ff03ff03ff03ff03ff03ff03ff03ff
03ff03ff03ff03ff03ff03ff03ff03ff
03ff03ff03ff03ff03ff03ff03ff03ff
03ff03ff03ff03ff03ff03ff03ff03ff
03ff03ff03ff03ff03ff03ff03ff03ff
03ff03ff03ff03ff03ff03ff03ff03ff
03ff03ff03ff03ff03ff03ff03ff03ff
03ff03ff03ff03ff03ff03ff03ff03ff
03ff03ff03ff03ff03ff03ff03ff03ff
03ff03ff03ff03ff03ff03ff03ff03ff
03ff03ff03ff03ff03ff03ff03ff03ff
03ff03ff03ff03ff03ff03ff03ff03ff
03ff03ff03ff03ff03ff03ff03ff03ff
03ff03ff03ff03ff03ff03ff03ff03ff
03ff03ff03ff03ff03ff03ff03ff03ff
03ff03ff03ff03ff03ff03ff03ff03ff
03ff03ff03ff03ff03ff03ff03ff03ff
03ff03ff03ff03ff03ff03ff03ff03ff
03ff03ff03ff03ff03ff03ff03ff03ff
03ff03ff03ff03ff03ff03ff03ff03ff
03ff03ff03ff03ff03ff03ff03ff03ff
03ff03ff03ff03ff03ff03ff03ff03ff
03ff03ff03ff03ff03ff03ff03ff03ff
03ff03ff03ff03ff03ff03ff03ff03ff
03ff03ff03ff03ff03ff03ff03ff03ff
03ff03ff03ff03ff03ff03ff03ff03ff
03ff03ff03ff03ff03ff03ff03ff03ff
03ff03ff03ff03ff03ff03ff03ff03ff
02010201020102010201020102010201
02010201020102010201020102010201
02010201020102010201020102010201
02010201020102010201020102010201
02010201020102010201020102010201
02010201020102010201020102010201
02010201020102010201020102010201
02010201020102010201020102010201
02010201020102010201020102010201
02010201020102010201020102010201
02010201020102010201020102010201
02010201020102010201020102010201
02010201020102010201020102010201
02010201020102010201020102010201
02010201020102010201020102010201
02010201020102010201020102010201
02010201020102010201020102010201
02010201020102010201020102010201
02010201020102010201020102010201
02010201020102010201020102010201
02010201020102010201020102010201
02010201020102010201020102010201
02010201020102010201020102010201
02010201020102010201020102010201
02010201020102010201020102010201
02010201020102010201020102010201
02010201020102010201020102010201
02010201020102010201020102010201
02010201020102010201020102010201
02010201020102010201020102010201
02010201020102010201020102010201
02010201020102010201020102010201
02010201020102010201020102010201
02010201020102010201020102010201
02010201020102010201020102010201
02010201020102010201020102010201
02010201020102010201020102010201
02010201020102010201020102010201
02010201020102010201020102010201
02010201020102010201020102010201
02010201020102010201020102010201
02010201020102010201020102010201
02010201020102010201020102010201
02010201020102010201020102010201
02010201020102010201020102010201
02010201020102010201020102010201
02010201020102010201020102010201
02010201020102010201020102010201
02010201020102010201020102010201
02010201020102010201020102010201
02010201020102010201020102010201
02010201020102010201020102010201
02010201020102010201020102010201
02010201020102010201020102010201
02010201020102010201020102010201
02010201020102010201020102010201
02010201020102010201020102010201
02010201020102010201020102010201
02010201020102010201020102010201
02010201020102010201020102010201
02010201020102010201020102010201
02010201020102010201020102010201
02010201020102010201020102010201
02010201020102010201020102010201
02010201020102010201020102010201
02010201020102010201020102010201
02010201020102010201020102010201
02010201020102010201020102010201
02010201020102010201020102010201
02010201020102010201020102010201
02010201020102010201020102010201
02010201020102010201020102010201
02010201020102010201020102010201
02010201020102010201020102010201
02010201020102010201020102010201
02010201020102010201020102010201
02010201020102010201020102010201
02010201020102010201020102010201
02010201020102010201020102010201
02010201020102010201020102010201
02010201020102010201020102010201
02010201020102010201020102010201
02010201020102010201020102010201
02010201020102010201020102010201
02010201020102010201020102010201
02010201020102010201020102010201
02010201020102010201020102010201
02010201020102010201020102010201
02010201020102010201020102010201
02010201020102010201020102010201
02010201020102010201020102010201
02010201020102010201020102010201
02010201020102010201020102010201
02010201020102010201020102010201
02010201020102010201020102010201
02010201020102010201020102010201
02010201020102010201020102010201
02010201020102010201020102010201
02010201020102010201020102010201
02010201020102010201020102010201
02010201020102010201020102010201
02010201020102010201020102010201
02010201020102010201020102010201
02010201020102010201020102010201
02010201020102010201020102010201
02010201020102010201020102010201
02010201020102010201020102010201
02010201020102010201020102010201
02010201020102010201020102010201
02010201020102010201020102010201
02010201020102010201020102010201
02010201020102010201020102010201
02010201020102010201020102010201
02010201020102010201020102010201
02010201020102010201020102010201
02010201020102010201020102010201
02010201020102010201020102010201
02010201020102010201020102010201
02010201020102010201020102010201
02010201020102010201020102010201
02010201020102010201020102010201
02010201020102010201020102010201
02010201020102010201020102010201
02010201020102010201020102010201
02010201020102010201020102010201
02010201020102010201020102010201
02010201020102010201020102010201
02010201020102010201020102010201
02020202020202020202020202020202
02020202020202020202020202020202
02020202020202020202020202020202
02020202020202020202020202020202
02020202020202020202020202020202
02020202020202020202020202020202
02020202020202020202020202020202
02020202020202020202020202020202
02020202020202020202020202020202
02020202020202020202020202020202
02020202020202020202020202020202
02020202020202020202020202020202
02020202020202020202020202020202
02020202020202020202020202020202
02020202020202020202020202020202
02020202020202020202020202020202
02020202020202020202020202020202
02020202020202020202020202020202
02020202020202020202020202020202
02020202020202020202020202020202
02020202020202020202020202020202
02020202020202020202020202020202
02020202020202020202020202020202
02020202020202020202020202020202
02020202020202020202020202020202
02020202020202020202020202020202
02020202020202020202020202020202
02020202020202020202020202020202
02020202020202020202020202020202
02020202020202020202020202020202
02020202020202020202020202020202
02020202020202020202020202020202
02020202020202020202020202020202
02020202020202020202020202020202
02020202020202020202020202020202
02020202020202020202020202020202
02020202020202020202020202020202
02020202020202020202020202020202
02020202020202020202020202020202
02020202020202020202020202020202
02020202020202020202020202020202
02020202020202020202020202020202
02020202020202020202020202020202
02020202020202020202020202020202
02020202020202020202020202020202
02020202020202020202020202020202
02020202020202020202020202020202
02020202020202020202020202020202
02020202020202020202020202020202
02020202020202020202020202020202
02020202020202020202020202020202
02020202020202020202020202020202
02020202020202020202020202020202
02020202020202020202020202020202
02020202020202020202020202020202
02020202020202020202020202020202
02020202020202020202020202020202
02020202020202020202020202020202
02020202020202020202020202020202
02020202020202020202020202020202
02020202020202020202020202020202
02020202020202020202020202020202
02020202020202020202020202020202
02020202020202020202020202020202
02020202020202020202020202020202
02020202020202020202020202020202
02020202020202020202020202020202
02020202020202020202020202020202
02020202020202020202020202020202
02020202020202020202020202020202
02020202020202020202020202020202
02020202020202020202020202020202
02020202020202020202020202020202
02020202020202020202020202020202
02020202020202020202020202020202
02020202020202020202020202020202
02020202020202020202020202020202
02020202020202020202020202020202
02020202020202020202020202020202
02020202020202020202020202020202
02020202020202020202020202020202
02020202020202020202020202020202
02020202020202020202020202020202
02020202020202020202020202020202
02020202020202020202020202020202
02020202020202020202020202020202
02020202020202020202020202020202
02020202020202020202020202020202
02020202020202020202020202020202
02020202020202020202020202020202
02020202020202020202020202020202
02020202020202020202020202020202
02020202020202020202020202020202
02020202020202020202020202020202
02020202020202020202020202020202
02020202020202020202020202020202
02020202020202020202020202020202
02020202020202020202020202020202
02020202020202020202020202020202
02020202020202020202020202020202
02020202020202020202020202020202
02020202020202020202020202020202
02020202020202020202020202020202
02020202020202020202020202020202
02020202020202020202020202020202
02020202020202020202020202020202
02020202020202020202020202020202
02020202020202020202020202020202
02020202020202020202020202020202
02020202020202020202020202020202
02020202020202020202020202020202
02020202020202020202020202020202
02020202020202020202020202020202
02020202020202020202020202020202
02020202020202020202020202020202
02020202020202020202020202020202
02020202020202020202020202020202
02020202020202020202020202020202
02020202020202020202020202020202
02020202020202020202020202020202
02020202020202020202020202020202
02020202020202020202020202020202
02020202020202020202020202020202
02020202020202020202020202020202
02020202020202020202020202020202
02020202020202020202020202020202
02020202020202020202020202020202
02020202020202020202020202020202
03ef03ef03ef03ef03ef03ef03ef03ef
03ef03ef03ef03ef03ef03ef03ef03ef
03ef03ef03ef03ef03ef03ef03ef03ef
03ef03ef03ef03ef03ef03ef03ef03ef
03ef03ef03ef03ef03ef03ef03ef03ef
03ef03ef03ef03ef03ef03ef03ef03ef
03ef03ef03ef03ef03ef03ef03ef03ef
03ef03ef03ef03ef03ef03ef03ef03ef
03ef03ef03ef03ef03ef03ef03ef03ef
03ef03ef03ef03ef03ef03ef03ef03ef
03ef03ef03ef03ef03ef03ef03ef03ef
03ef03ef03ef03ef03ef03ef03ef03ef
03ef03ef03ef03ef03ef03ef03ef03ef
03ef03ef03ef03ef03ef03ef03ef03ef
03ef03ef03ef03ef03ef03ef03ef03ef
03ef03ef03ef03ef03ef03ef03ef03ef
03ef03ef03ef03ef03ef03ef03ef03ef
03ef03ef03ef03ef03ef03ef03ef03ef
03ef03ef03ef03ef03ef03ef03ef03ef
03ef03ef03ef03ef03ef03ef03ef03ef
03ef03ef03ef03ef03ef03ef03ef03ef
03ef03ef03ef03ef03ef03ef03ef03ef
03ef03ef03ef03ef03ef03ef03ef03ef
03ef03ef03ef03ef03ef03ef03ef03ef
03ef03ef03ef03ef03ef03ef03ef03ef
03ef03ef03ef03ef03ef03ef03ef03ef
03ef03ef03ef03ef03ef03ef03ef03ef
03ef03ef03ef03ef03ef03ef03ef03ef
03ef03ef03ef03ef03ef03ef03ef03ef
03ef03ef03ef03ef03ef03ef03ef03ef
03ef03ef03ef03ef03ef03ef03ef03ef
03ef03ef03ef03ef03ef03ef03ef03ef
03ef03ef03ef03ef03ef03ef03ef03ef
03ef03ef03ef03ef03ef03ef03ef03ef
03ef03ef03ef03ef03ef03ef03ef03ef
03ef03ef03ef03ef03ef03ef03ef03ef
03ef03ef03ef03ef03ef03ef03ef03ef
03ef03ef03ef03ef03ef03ef03ef03ef
03ef03ef03ef03ef03ef03ef03ef03ef
03ef03ef03ef03ef03ef03ef03ef03ef
03ef03ef03ef03ef03ef03ef03ef03ef
03ef03ef03ef03ef03ef03ef03ef03ef
03ef03ef03ef03ef03ef03ef03ef03ef
03ef03ef03ef03ef03ef03ef03ef03ef
03ef03ef03ef03ef03ef03ef03ef03ef
03ef03ef03ef03ef03ef03ef03ef03ef
03ef03ef03ef03ef03ef03ef03ef03ef
03ef03ef03ef03ef03ef03ef03ef03ef
03ef03ef03ef03ef03ef03ef03ef03ef
03ef03ef03ef03ef03ef03ef03ef03ef
03ef03ef03ef03ef03ef03ef03ef03ef
03ef03ef03ef03ef03ef03ef03ef03ef
03ef03ef03ef03ef03ef03ef03ef03ef
03ef03ef03ef03ef03ef03ef03ef03ef
03ef03ef03ef03ef03ef03ef03ef03ef
03ef03ef03ef03ef03ef03ef03ef03ef
03ef03ef03ef03ef03ef03ef03ef03ef
03ef03ef03ef03ef03ef03ef03ef03ef
03ef03ef03ef03ef03ef03ef03ef03ef
03ef03ef03ef03ef03ef03ef03ef03ef
03ef03ef03ef03ef03ef03ef03ef03ef
03ef03ef03ef03ef03ef03ef03ef03ef
03ef03ef03ef03ef03ef03ef03ef03ef
03ef03ef03ef03ef03ef03ef03ef03ef
03ef03ef03ef03ef03ef03ef03ef03ef
03ef03ef03ef03ef03ef03ef03ef03ef
03ef03ef03ef03ef03ef03ef03ef03ef
03ef03ef03ef03ef03ef03ef03ef03ef
03ef03ef03ef03ef03ef03ef03ef03ef
03ef03ef03ef03ef03ef03ef03ef03ef
03ef03ef03ef03ef03ef03ef03ef03ef
03ef03ef03ef03ef03ef03ef03ef03ef
03ef03ef03ef03ef03ef03ef03ef03ef
03ef03ef03ef03ef03ef03ef03ef03ef
03ef03ef03ef03ef03ef03ef03ef03ef
03ef03ef03ef03ef03ef03ef03ef03ef
03ef03ef03ef03ef03ef03ef03ef03ef
03ef03ef03ef03ef03ef03ef03ef03ef
03ef03ef03ef03ef03ef03ef03ef03ef
03ef03ef03ef03ef03ef03ef03ef03ef
03ef03ef03ef03ef03ef03ef03ef03ef
03ef03ef03ef03ef03ef03ef03ef03ef
03ef03ef03ef03ef03ef03ef03ef03ef
03ef03ef03ef03ef03ef03ef03ef03ef
03ef03ef03ef03ef03ef03ef03ef03ef
03ef03ef03ef03ef03ef03ef03ef03ef
03ef03ef03ef03ef03ef03ef03ef03ef
03ef03ef03ef03ef03ef03ef03ef03ef
03ef03ef03ef03ef03ef03ef03ef03ef
03ef03ef03ef03ef03ef03ef03ef03ef
03ef03ef03ef03ef03ef03ef03ef03ef
03ef03ef03ef03ef03ef03ef03ef03ef
03ef03ef03ef03ef03ef03ef03ef03ef
03ef03ef03ef03ef03ef03ef03ef03ef
03ef03ef03ef03ef03ef03ef03ef03ef
03ef03ef03ef03ef03ef03ef03ef03ef
03ef03ef03ef03ef03ef03ef03ef03ef
03ef03ef03ef03ef03ef03ef03ef03ef
03ef03ef03ef03ef03ef03ef03ef03ef
03ef03ef03ef03ef03ef03ef03ef03ef
03ef03ef03ef03ef03ef03ef03ef03ef
03ef03ef03ef03ef03ef03ef03ef03ef
03ef03ef03ef03ef03ef03ef03ef03ef
03ef03ef03ef03ef03ef03ef03ef03ef
03ef03ef03ef03ef03ef03ef03ef03ef
03ef03ef03ef03ef03ef03ef03ef03ef
03ef03ef03ef03ef03ef03ef03ef03ef
03ef03ef03ef03ef03ef03ef03ef03ef
03ef03ef03ef03ef03ef03ef03ef03ef
03ef03ef03ef03ef03ef03ef03ef03ef
03ef03ef03ef03ef03ef03ef03ef03ef
03ef03ef03ef03ef03ef03ef03ef03ef
03ef03ef03ef03ef03ef03ef03ef03ef
03ef03ef03ef03ef03ef03ef03ef03ef
03ef03ef03ef03ef03ef03ef03ef03ef
03ef03ef03ef03ef03ef03ef03ef03ef
03ef03ef03ef03ef03ef03ef03ef03ef
03ef03ef03ef03ef03ef03ef03ef03ef
03ef03ef03ef03ef03ef03ef03ef03ef
03ef03ef03ef03ef03ef03ef03ef03ef
03ef03ef03ef03ef03ef03ef03ef03ef
03ef03ef03ef03ef03ef03ef03ef03ef
03ef03ef03ef03ef03ef03ef03ef03ef
03ef03ef03ef03ef03ef03ef03ef03ef
03ef03ef03ef03ef03ef03ef03ef03ef
03ef03ef03ef03ef03ef03ef03ef03ef
03ef03ef03ef03ef03ef03ef03ef03ef
03ef03ef03ef03ef03ef03ef03ef03ef
03f003f003f003f003f003f003f003f0
03f003f003f003f003f003f003f003f0
03f003f003f003f003f003f003f003f0
03f003f003f003f003f003f003f003f0
03f003f003f003f003f003f003f003f0
03f003f003f003f003f003f003f003f0
03f003f003f003f003f003f003f003f0
03f003f003f003f003f003f003f003f0
03f003f003f003f003f003f003f003f0
03f003f003f003f003f003f003f003f0
03f003f003f003f003f003f003f003f0
03f003f003f003f003f003f003f003f0
03f003f003f003f003f003f003f003f0
03f003f003f003f003f003f003f003f0
03f003f003f003f003f003f003f003f0
03f003f003f003f003f003f003f003f0
03f003f003f003f003f003f003f003f0
03f003f003f003f003f003f003f003f0
03f003f003f003f003f003f003f003f0
03f003f003f003f003f003f003f003f0
03f003f003f003f003f003f003f003f0
03f003f003f003f003f003f003f003f0
03f003f003f003f003f003f003f003f0
03f003f003f003f003f003f003f003f0
03f003f003f003f003f003f003f003f0
03f003f003f003f003f003f003f003f0
03f003f003f003f003f003f003f003f0
03f003f003f003f003f003f003f003f0
03f003f003f003f003f003f003f003f0
03f003f003f003f003f003f003f003f0
03f003f003f003f003f003f003f003f0
03f003f003f003f003f003f003f003f0
03f003f003f003f003f003f003f003f0
03f003f003f003f003f003f003f003f0
03f003f003f003f003f003f003f003f0
03f003f003f003f003f003f003f003f0
03f003f003f003f003f003f003f003f0
03f003f003f003f003f003f003f003f0
03f003f003f003f003f003f003f003f0
03f003f003f003f003f003f003f003f0
03f003f003f003f003f003f003f003f0
03f003f003f003f003f003f003f003f0
03f003f003f003f003f003f003f003f0
03f003f003f003f003f003f003f003f0
03f003f003f003f003f003f003f003f0
03f003f003f003f003f003f003f003f0
03f003f003f003f003f003f003f003f0
03f003f003f003f003f003f003f003f0
03f003f003f003f003f003f003f003f0
03f003f003f003f003f003f003f003f0
03f003f003f003f003f003f003f003f0
03f003f003f003f003f003f003f003f0
03f003f003f003f003f003f003f003f0
03f003f003f003f003f003f003f003f0
03f003f003f003f003f003f003f003f0
03f003f003f003f003f003f003f003f0
03f003f003f003f003f003f003f003f0
03f003f003f003f003f003f003f003f0
03f003f003f003f003f003f003f003f0
03f003f003f003f003f003f003f003f0
03f003f003f003f003f003f003f003f0
03f003f003f003f003f003f003f003f0
03f003f003f003f003f003f003f003f0
03f003f003f003f003f003f003f003f0
03f003f003f003f003f003f003f003f0
03f003f003f003f003f003f003f003f0
03f003f003f003f003f003f003f003f0
03f003f003f003f003f003f003f003f0
03f003f003f003f003f003f003f003f0
03f003f003f003f003f003f003f003f0
03f003f003f003f003f003f003f003f0
03f003f003f003f003f003f003f003f0
03f003f003f003f003f003f003f003f0
03f003f003f003f003f003f003f003f0
03f003f003f003f003f003f003f003f0
03f003f003f003f003f003f003f003f0
03f003f003f003f003f003f003f003f0
03f003f003f003f003f003f003f003f0
03f003f003f003f003f003f003f003f0
03f003f003f003f003f003f003f003f0
03f003f003f003f003f003f003f003f0
03f003f003f003f003f003f003f003f0
03f003f003f003f003f003f003f003f0
03f003f003f003f003f003f003f003f0
03f003f003f003f003f003f003f003f0
03f003f003f003f003f003f003f003f0
03f003f003f003f003f003f003f003f0
03f003f003f003f003f003f003f003f0
03f003f003f003f003f003f003f003f0
03f003f003f003f003f003f003f003f0
03f003f003f003f003f003f003f003f0
03f003f003f003f003f003f003f003f0
03f003f003f003f003f003f003f003f0
03f003f003f003f003f003f003f003f0
03f003f003f003f003f003f003f003f0
03f003f003f003f003f003f003f003f0
03f003f003f003f003f003f003f003f0
03f003f003f003f003f003f003f003f0
03f003f003f003f003f003f003f003f0
03f003f003f003f003f003f003f003f0
03f003f003f003f003f003f003f003f0
03f003f003f003f003f003f003f003f0
03f003f003f003f003f003f003f003f0
03f003f003f003f003f003f003f003f0
03f003f003f003f003f003f003f003f0
03f003f003f003f003f003f003f003f0
03f003f003f003f003f003f003f003f0
03f003f003f003f003f003f003f003f0
03f003f003f003f003f003f003f003f0
03f003f003f003f003f003f003f003f0
03f003f003f003f003f003f003f003f0
03f003f003f003f003f003f003f003f0
03f003f003f003f003f003f003f003f0
03f003f003f003f003f003f003f003f0
03f003f003f003f003f003f003f003f0
03f003f003f003f003f003f003f003f0
03f003f003f003f003f003f003f003f0
03f003f003f003f003f003f003f003f0
03f003f003f003f003f003f003f003f0
03f003f003f003f003f003f003f003f0
03f003f003f003f003f003f003f003f0
03f003f003f003f003f003f003f003f0
03f003f003f003f003f003f003f003f0
03f003f003f003f003f003f003f003f0
03f003f003f003f003f003f003f003f0
03f003f003f003f003f003f003f003f0
03f003f003f003f003f003f003f003f0
03f003f003f003f003f003f003f003f0
03f103f103f103f103f103f103f103f1
03f103f103f103f103f103f103f103f1
03f103f103f103f103f103f103f103f1
03f103f103f103f103f103f103f103f1
03f103f103f103f103f103f103f103f1
03f103f103f103f103f103f103f103f1
03f103f103f103f103f103f103f103f1
03f103f103f103f103f103f103f103f1
03f103f103f103f103f103f103f103f1
03f103f103f103f103f103f103f103f1
03f103f103f103f103f103f103f103f1
03f103f103f103f103f103f103f103f1
03f103f103f103f103f103f103f103f1
03f103f103f103f103f103f103f103f1
03f103f103f103f103f103f103f103f1
03f103f103f103f103f103f103f103f1
03f103f103f103f103f103f103f103f1
03f103f103f103f103f103f103f103f1
03f103f103f103f103f103f103f103f1
03f103f103f103f103f103f103f103f1
03f103f103f103f103f103f103f103f1
03f103f103f103f103f103f103f103f1
03f103f103f103f103f103f103f103f1
03f103f103f103f103f103f103f103f1
03f103f103f103f103f103f103f103f1
03f103f103f103f103f103f103f103f1
03f103f103f103f103f103f103f103f1
03f103f103f103f103f103f103f103f1
03f103f103f103f103f103f103f103f1
03f103f103f103f103f103f103f103f1
03f103f103f103f103f103f103f103f1
03f103f103f103f103f103f103f103f1
03f103f103f103f103f103f103f103f1
03f103f103f103f103f103f103f103f1
03f103f103f103f103f103f103f103f1
03f103f103f103f103f103f103f103f1
03f103f103f103f103f103f103f103f1
03f103f103f103f103f103f103f103f1
03f103f103f103f103f103f103f103f1
03f103f103f103f103f103f103f103f1
03f103f103f103f103f103f103f103f1
03f103f103f103f103f103f103f103f1
03f103f103f103f103f103f103f103f1
03f103f103f103f103f103f103f103f1
03f103f103f103f103f103f103f103f1
03f103f103f103f103f103f103f103f1
03f103f103f103f103f103f103f103f1
03f103f103f103f103f103f103f103f1
03f103f103f103f103f103f103f103f1
03f103f103f103f103f103f103f103f1
03f103f103f103f103f103f103f103f1
03f103f103f103f103f103f103f103f1
03f103f103f103f103f103f103f103f1
03f103f103f103f103f103f103f103f1
03f103f103f103f103f103f103f103f1
03f103f103f103f103f103f103f103f1
03f103f103f103f103f103f103f103f1
03f103f103f103f103f103f103f103f1
03f103f103f103f103f103f103f103f1
03f103f103f103f103f103f103f103f1
03f103f103f103f103f103f103f103f1
03f103f103f103f103f103f103f103f1
03f103f103f103f103f103f103f103f1
03f103f103f103f103f103f103f103f1
03f103f103f103f103f103f103f103f1
03f103f103f103f103f103f103f103f1
03f103f103f103f103f103f103f103f1
03f103f103f103f103f103f103f103f1
03f103f103f103f103f103f103f103f1
03f103f103f103f103f103f103f103f1
03f103f103f103f103f103f103f103f1
03f103f103f103f103f103f103f103f1
03f103f103f103f103f103f103f103f1
03f103f103f103f103f103f103f103f1
03f103f103f103f103f103f103f103f1
03f103f103f103f103f103f103f103f1
03f103f103f103f103f103f103f103f1
03f103f103f103f103f103f103f103f1
03f103f103f103f103f103f103f103f1
03f103f103f103f103f103f103f103f1
03f103f103f103f103f103f103f103f1
03f103f103f103f103f103f103f103f1
03f103f103f103f103f103f103f103f1
03f103f103f103f103f103f103f103f1
03f103f103f103f103f103f103f103f1
03f103f103f103f103f103f103f103f1
03f103f103f103f103f103f103f103f1
03f103f103f103f103f103f103f103f1
03f103f103f103f103f103f103f103f1
03f103f103f103f103f103f103f103f1
03f103f103f103f103f103f103f103f1
03f103f103f103f103f103f103f103f1
03f103f103f103f103f103f103f103f1
03f103f103f103f103f103f103f103f1
03f103f103f103f103f103f103f103f1
03f103f103f103f103f103f103f103f1
03f103f103f103f103f103f103f103f1
03f103f103f103f103f103f103f103f1
03f103f103f103f103f103f103f103f1
03f103f103f103f103f103f103f103f1
03f103f103f103f103f103f103f103f1
03f103f103f103f103f103f103f103f1
03f103f103f103f103f103f103f103f1
03f103f103f103f103f103f103f103f1
03f103f103f103f103f103f103f103f1
03f103f103f103f103f103f103f103f1
03f103f103f103f103f103f103f103f1
03f103f103f103f103f103f103f103f1
03f103f103f103f103f103f103f103f1
03f103f103f103f103f103f103f103f1
03f103f103f103f103f103f103f103f1
03f103f103f103f103f103f103f103f1
03f103f103f103f103f103f103f103f1
03f103f103f103f103f103f103f103f1
03f103f103f103f103f103f103f103f1
03f103f103f103f103f103f103f103f1
03f103f103f103f103f103f103f103f1
03f103f103f103f103f103f103f103f1
03f103f103f103f103f103f103f103f1
03f103f103f103f103f103f103f103f1
03f103f103f103f103f103f103f103f1
03f103f103f103f103f103f103f103f1
03f103f103f103f103f103f103f103f1
03f103f103f103f103f103f103f103f1
03f103f103f103f103f103f103f103f1
03f103f103f103f103f103f103f103f1
03f103f103f103f103f103f103f103f1
03f103f103f103f103f103f103f103f1
03fe03fe03fe03fe03fe03fe03fe03fe
03fe03fe03fe03fe03fe03fe03fe03fe
03fe03fe03fe03fe03fe03fe03fe03fe
03fe03fe03fe03fe03fe03fe03fe03fe
03fe03fe03fe03fe03fe03fe03fe03fe
03fe03fe03fe03fe03fe03fe03fe03fe
03fe03fe03fe03fe03fe03fe03fe03fe
03fe03fe03fe03fe03fe03fe03fe03fe
03fe03fe03fe03fe03fe03fe03fe03fe
03fe03fe03fe03fe03fe03fe03fe03fe
03fe03fe03fe03fe03fe03fe03fe03fe
03fe03fe03fe03fe03fe03fe03fe03fe
03fe03fe03fe03fe03fe03fe03fe03fe
03fe03fe03fe03fe03fe03fe03fe03fe
03fe03fe03fe03fe03fe03fe03fe03fe
03fe03fe03fe03fe03fe03fe03fe03fe
03fe03fe03fe03fe03fe03fe03fe03fe
03fe03fe03fe03fe03fe03fe03fe03fe
03fe03fe03fe03fe03fe03fe03fe03fe
03fe03fe03fe03fe03fe03fe03fe03fe
03fe03fe03fe03fe03fe03fe03fe03fe
03fe03fe03fe03fe03fe03fe03fe03fe
03fe03fe03fe03fe03fe03fe03fe03fe
03fe03fe03fe03fe03fe03fe03fe03fe
03fe03fe03fe03fe03fe03fe03fe03fe
03fe03fe03fe03fe03fe03fe03fe03fe
03fe03fe03fe03fe03fe03fe03fe03fe
03fe03fe03fe03fe03fe03fe03fe03fe
03fe03fe03fe03fe03fe03fe03fe03fe
03fe03fe03fe03fe03fe03fe03fe03fe
03fe03fe03fe03fe03fe03fe03fe03fe
03fe03fe03fe03fe03fe03fe03fe03fe
03fe03fe03fe03fe03fe03fe03fe03fe
03fe03fe03fe03fe03fe03fe03fe03fe
03fe03fe03fe03fe03fe03fe03fe03fe
03fe03fe03fe03fe03fe03fe03fe03fe
03fe03fe03fe03fe03fe03fe03fe03fe
03fe03fe03fe03fe03fe03fe03fe03fe
03fe03fe03fe03fe03fe03fe03fe03fe
03fe03fe03fe03fe03fe03fe03fe03fe
03fe03fe03fe03fe03fe03fe03fe03fe
03fe03fe03fe03fe03fe03fe03fe03fe
03fe03fe03fe03fe03fe03fe03fe03fe
03fe03fe03fe03fe03fe03fe03fe03fe
03fe03fe03fe03fe03fe03fe03fe03fe
03fe03fe03fe03fe03fe03fe03fe03fe
03fe03fe03fe03fe03fe03fe03fe03fe
03fe03fe03fe03fe03fe03fe03fe03fe
03fe03fe03fe03fe03fe03fe03fe03fe
03fe03fe03fe03fe03fe03fe03fe03fe
03fe03fe03fe03fe03fe03fe03fe03fe
03fe03fe03fe03fe03fe03fe03fe03fe
03fe03fe03fe03fe03fe03fe03fe03fe
03fe03fe03fe03fe03fe03fe03fe03fe
03fe03fe03fe03fe03fe03fe03fe03fe
03fe03fe03fe03fe03fe03fe03fe03fe
03fe03fe03fe03fe03fe03fe03fe03fe
03fe03fe03fe03fe03fe03fe03fe03fe
03fe03fe03fe03fe03fe03fe03fe03fe
03fe03fe03fe03fe03fe03fe03fe03fe
03fe03fe03fe03fe03fe03fe03fe03fe
03fe03fe03fe03fe03fe03fe03fe03fe
03fe03fe03fe03fe03fe03fe03fe03fe
03fe03fe03fe03fe03fe03fe03fe03fe
03fe03fe03fe03fe03fe03fe03fe03fe
03fe03fe03fe03fe03fe03fe03fe03fe
03fe03fe03fe03fe03fe03fe03fe03fe
03fe03fe03fe03fe03fe03fe03fe03fe
03fe03fe03fe03fe03fe03fe03fe03fe
03fe03fe03fe03fe03fe03fe03fe03fe
03fe03fe03fe03fe03fe03fe03fe03fe
03fe03fe03fe03fe03fe03fe03fe03fe
03fe03fe03fe03fe03fe03fe03fe03fe
03fe03fe03fe03fe03fe03fe03fe03fe
03fe03fe03fe03fe03fe03fe03fe03fe
03fe03fe03fe03fe03fe03fe03fe03fe
03fe03fe03fe03fe03fe03fe03fe03fe
03fe03fe03fe03fe03fe03fe03fe03fe
03fe03fe03fe03fe03fe03fe03fe03fe
03fe03fe03fe03fe03fe03fe03fe03fe
03fe03fe03fe03fe03fe03fe03fe03fe
03fe03fe03fe03fe03fe03fe03fe03fe
03fe03fe03fe03fe03fe03fe03fe03fe
03fe03fe03fe03fe03fe03fe03fe03fe
03fe03fe03fe03fe03fe03fe03fe03fe
03fe03fe03fe03fe03fe03fe03fe03fe
03fe03fe03fe03fe03fe03fe03fe03fe
03fe03fe03fe03fe03fe03fe03fe03fe
03fe03fe03fe03fe03fe03fe03fe03fe
03fe03fe03fe03fe03fe03fe03fe03fe
03fe03fe03fe03fe03fe03fe03fe03fe
03fe03fe03fe03fe03fe03fe03fe03fe
03fe03fe03fe03fe03fe03fe03fe03fe
03fe03fe03fe03fe03fe03fe03fe03fe
03fe03fe03fe03fe03fe03fe03fe03fe
03fe03fe03fe03fe03fe03fe03fe03fe
03fe03fe03fe03fe03fe03fe03fe03fe
03fe03fe03fe03fe03fe03fe03fe03fe
03fe03fe03fe03fe03fe03fe03fe03fe
03fe03fe03fe03fe03fe03fe03fe03fe
03fe03fe03fe03fe03fe03fe03fe03fe
03fe03fe03fe03fe03fe03fe03fe03fe
03fe03fe03fe03fe03fe03fe03fe03fe
03fe03fe03fe03fe03fe03fe03fe03fe
03fe03fe03fe03fe03fe03fe03fe03fe
03fe03fe03fe03fe03fe03fe03fe03fe
03fe03fe03fe03fe03fe03fe03fe03fe
03fe03fe03fe03fe03fe03fe03fe03fe
03fe03fe03fe03fe03fe03fe03fe03fe
03fe03fe03fe03fe03fe03fe03fe03fe
03fe03fe03fe03fe03fe03fe03fe03fe
03fe03fe03fe03fe03fe03fe03fe03fe
03fe03fe03fe03fe03fe03fe03fe03fe
03fe03fe03fe03fe03fe03fe03fe03fe
03fe03fe03fe03fe03fe03fe03fe03fe
03fe03fe03fe03fe03fe03fe03fe03fe
03fe03fe03fe03fe03fe03fe03fe03fe
03fe03fe03fe03fe03fe03fe03fe03fe
03fe03fe03fe03fe03fe03fe03fe03fe
03fe03fe03fe03fe03fe03fe03fe03fe
03fe03fe03fe03fe03fe03fe03fe03fe
03fe03fe03fe03fe03fe03fe03fe03fe
03fe03fe03fe03fe03fe03fe03fe03fe
03fe03fe03fe03fe03fe03fe03fe03fe
03fe03fe03fe03fe03fe03fe03fe03fe
03fe03fe03fe03fe03fe03fe03fe03fe
03fe03fe03fe03fe03fe03fe03fe03fe
03fe03fe03fe03fe03fe03fe03fe03fe
03ff03ff03ff03ff03ff03ff03ff03ff
03ff03ff03ff03ff03ff03ff03ff03ff
03ff03ff03ff03ff03ff03ff03ff03ff
03ff03ff03ff03ff03ff03ff03ff03ff
03ff03ff03ff03ff03ff03ff03ff03ff
03ff03ff03ff03ff03ff03ff03ff03ff
03ff03ff03ff03ff03ff03ff03ff03ff
03ff03ff03ff03ff03ff03ff03ff03ff
03ff03ff03ff03ff03ff03ff03ff03ff
03ff03ff03ff03ff03ff03ff03ff03ff
03ff03ff03ff03ff03ff03ff03ff03ff
03ff03ff03ff03ff03ff03ff03ff03ff
03ff03ff03ff03ff03ff03ff03ff03ff
03ff03ff03ff03ff03ff03ff03ff03ff
03ff03ff03ff03ff03ff03ff03ff03ff
03ff03ff03ff03ff03ff03ff03ff03ff
03ff03ff03ff03ff03ff03ff03ff03ff
03ff03ff03ff03ff03ff03ff03ff03ff
03ff03ff03ff03ff03ff03ff03ff03ff
03ff03ff03ff03ff03ff03ff03ff03ff
03ff03ff03ff03ff03ff03ff03ff03ff
03ff03ff03ff03ff03ff03ff03ff03ff
03ff03ff03ff03ff03ff03ff03ff03ff
03ff03ff03ff03ff03ff03ff03ff03ff
03ff03ff03ff03ff03ff03ff03ff03ff
03ff03ff03ff03ff03ff03ff03ff03ff
03ff03ff03ff03ff03ff03ff03ff03ff
03ff03ff03ff03ff03ff03ff03ff03ff
03ff03ff03ff03ff03ff03ff03ff03ff
03ff03ff03ff03ff03ff03ff03ff03ff
03ff03ff03ff03ff03ff03ff03ff03ff
03ff03ff03ff03ff03ff03ff03ff03ff
03ff03ff03ff03ff03ff03ff03ff03ff
03ff03ff03ff03ff03ff03ff03ff03ff
03ff03ff03ff03ff03ff03ff03ff03ff
03ff03ff03ff03ff03ff03ff03ff03ff
03ff03ff03ff03ff03ff03ff03ff03ff
03ff03ff03ff03ff03ff03ff03ff03ff
03ff03ff03ff03ff03ff03ff03ff03ff
03ff03ff03ff03ff03ff03ff03ff03ff
03ff03ff03ff03ff03ff03ff03ff03ff
03ff03ff03ff03ff03ff03ff03ff03ff
03ff03ff03ff03ff03ff03ff03ff03ff
03ff03ff03ff03ff03ff03ff03ff03ff
03ff03ff03ff03ff03ff03ff03ff03ff
03ff03ff03ff03ff03ff03ff03ff03ff
03ff03ff03ff03ff03ff03ff03ff03ff
03ff03ff03ff03ff03ff03ff03ff03ff
03ff03ff03ff03ff03ff03ff03ff03ff
03ff03ff03ff03ff03ff03ff03ff03ff
03ff03ff03ff03ff03ff03ff03ff03ff
03ff03ff03ff03ff03ff03ff03ff03ff
03ff03ff03ff03ff03ff03ff03ff03ff
03ff03ff03ff03ff03ff03ff03ff03ff
03ff03ff03ff03ff03ff03ff03ff03ff
03ff03ff03ff03ff03ff03ff03ff03ff
03ff03ff03ff03ff03ff03ff03ff03ff
03ff03ff03ff03ff03ff03ff03ff03ff
03ff03ff03ff03ff03ff03ff03ff03ff
03ff03ff03ff03ff03ff03ff03ff03ff
03ff03ff03ff03ff03ff03ff03ff03ff
03ff03ff03ff03ff03ff03ff03ff03ff
03ff03ff03ff03ff03ff03ff03ff03ff
03ff03ff03ff03ff03ff03ff03ff03ff
03ff03ff03ff03ff03ff03ff03ff03ff
03ff03ff03ff03ff03ff03ff03ff03ff
03ff03ff03ff03ff03ff03ff03ff03ff
03ff03ff03ff03ff03ff03ff03ff03ff
03ff03ff03ff03ff03ff03ff03ff03ff
03ff03ff03ff03ff03ff03ff03ff03ff
03ff03ff03ff03ff03ff03ff03ff03ff
03ff03ff03ff03ff03ff03ff03ff03ff
03ff03ff03ff03ff03ff03ff03ff03ff
03ff03ff03ff03ff03ff03ff03ff03ff
03ff03ff03ff03ff03ff03ff03ff03ff
03ff03ff03ff03ff03ff03ff03ff03ff
03ff03ff03ff03ff03ff03ff03ff03ff
03ff03ff03ff03ff03ff03ff03ff03ff
03ff03ff03ff03ff03ff03ff03ff03ff
03ff03ff03ff03ff03ff03ff03ff03ff
03ff03ff03ff03ff03ff03ff03ff03ff
03ff03ff03ff03ff03ff03ff03ff03ff
03ff03ff03ff03ff03ff03ff03ff03ff
03ff03ff03ff03ff03ff03ff03ff03ff
03ff03ff03ff03ff03ff03ff03ff03ff
03ff03ff03ff03ff03ff03ff03ff03ff
03ff03ff03ff03ff03ff03ff03ff03ff
03ff03ff03ff03ff03ff03ff03ff03ff
03ff03ff03ff03ff03ff03ff03ff03ff
03ff03ff03ff03ff03ff03ff03ff03ff
03ff03ff03ff03ff03ff03ff03ff03ff
03ff03ff03ff03ff03ff03ff03ff03ff
03ff03ff03ff03ff03ff03ff03ff03ff
03ff03ff03ff03ff03ff03ff03ff03ff
03ff03ff03ff03ff03ff03ff03ff03ff
03ff03ff03ff03ff03ff03ff03ff03ff
03ff03ff03ff03ff03ff03ff03ff03ff
03ff03ff03ff03ff03ff03ff03ff03ff
03ff03ff03ff03ff03ff03ff03ff03ff
03ff03ff03ff03ff03ff03ff03ff03ff
03ff03ff03ff03ff03ff03ff03ff03ff
03ff03ff03ff03ff03ff03ff03ff03ff
03ff03ff03ff03ff03ff03ff03ff03ff
03ff03ff03ff03ff03ff03ff03ff03ff
03ff03ff03ff03ff03ff03ff03ff03ff
03ff03ff03ff03ff03ff03ff03ff03ff
03ff03ff03ff03ff03ff03ff03ff03ff
03ff03ff03ff03ff03ff03ff03ff03ff
03ff03ff03ff03ff03ff03ff03ff03ff
03ff03ff03ff03ff03ff03ff03ff03ff
03ff03ff03ff03ff03ff03ff03ff03ff
03ff03ff03ff03ff03ff03ff03ff03ff
03ff03ff03ff03ff03ff03ff03ff03ff
03ff03ff03ff03ff03ff03ff03ff03ff
03ff03ff03ff03ff03ff03ff03ff03ff
03ff03ff03ff03ff03ff03ff03ff03ff
03ff03ff03ff03ff03ff03ff03ff03ff
03ff03ff03ff03ff03ff03ff03ff03ff
03ff03ff03ff03ff03ff03ff03ff03ff
03ff03ff03ff03ff03ff03ff03ff03ff
03ff03ff03ff03ff03ff03ff03ff03ff
03ff03ff03ff03ff03ff03ff03ff03ff
03ff03ff03ff03ff03ff03ff03ff03ff
03ff03ff03ff03ff03ff03ff03ff03ff
03ff03ff03ff03ff03ff03ff03ff03ff
03ff03ff03ff03ff03ff03ff03ff03ff
03ff03ff03ff03ff03ff03ff03ff03ff
03ff03ff03ff03ff03ff03ff03ff03ff
00000000000000000000000000000000
00000000000000000000000000000000
00000000000000000000000000000000
00000000000000000000000000000000
00000000000000000000000000000000
00000000000000000000000000000000
00000000000000000000000000000000
00000000000000000000000000000000
00000000000000000000000000000000
00000000000000000000000000000000
00000000000000000000000000000000
00000000000000000000000000000000
00000000000000000000000000000000
00000000000000000000000000000000
00000000000000000000000000000000
00000000000000000000000000000000
00000000000000000000000000000000
00000000000000000000000000000000
00000000000000000000000000000000
00000000000000000000000000000000
00000000000000000000000000000000
00000000000000000000000000000000
00000000000000000000000000000000
00000000000000000000000000000000
00000000000000000000000000000000
00000000000000000000000000000000
00000000000000000000000000000000
00000000000000000000000000000000
00000000000000000000000000000000
00000000000000000000000000000000
00000000000000000000000000000000
00000000000000000000000000000000
00000000000000000000000000000000
00000000000000000000000000000000
00000000000000000000000000000000
00000000000000000000000000000000
00000000000000000000000000000000
00000000000000000000000000000000
00000000000000000000000000000000
00000000000000000000000000000000
00000000000000000000000000000000
00000000000000000000000000000000
00000000000000000000000000000000
00000000000000000000000000000000
00000000000000000000000000000000
00000000000000000000000000000000
00000000000000000000000000000000
00000000000000000000000000000000
00000000000000000000000000000000
00000000000000000000000000000000
00000000000000000000000000000000
00000000000000000000000000000000
00000000000000000000000000000000
00000000000000000000000000000000
00000000000000000000000000000000
00000000000000000000000000000000
00000000000000000000000000000000
00000000000000000000000000000000
00000000000000000000000000000000
00000000000000000000000000000000
00000000000000000000000000000000
00000000000000000000000000000000
00000000000000000000000000000000
00000000000000000000000000000000
00000000000000000000000000000000
00000000000000000000000000000000
00000000000000000000000000000000
00000000000000000000000000000000
00000000000000000000000000000000
00000000000000000000000000000000
00000000000000000000000000000000
00000000000000000000000000000000
00000000000000000000000000000000
00000000000000000000000000000000
00000000000000000000000000000000
00000000000000000000000000000000
00000000000000000000000000000000
00000000000000000000000000000000
00000000000000000000000000000000
00000000000000000000000000000000
00000000000000000000000000000000
00000000000000000000000000000000
00000000000000000000000000000000
00000000000000000000000000000000
00000000000000000000000000000000
00000000000000000000000000000000
00000000000000000000000000000000
00000000000000000000000000000000
00000000000000000000000000000000
00000000000000000000000000000000
00000000000000000000000000000000
00000000000000000000000000000000
00000000000000000000000000000000
00000000000000000000000000000000
00000000000000000000000000000000
00000000000000000000000000000000
00000000000000000000000000000000
00000000000000000000000000000000
00000000000000000000000000000000
00000000000000000000000000000000
00000000000000000000000000000000
00000000000000000000000000000000
00000000000000000000000000000000
00000000000000000000000000000000
00000000000000000000000000000000
00000000000000000000000000000000
00000000000000000000000000000000
00000000000000000000000000000000
00000000000000000000000000000000
00000000000000000000000000000000
00000000000000000000000000000000
00000000000000000000000000000000
00000000000000000000000000000000
00000000000000000000000000000000
00000000000000000000000000000000
00000000000000000000000000000000
00000000000000000000000000000000
00000000000000000000000000000000
00000000000000000000000000000000
00000000000000000000000000000000
00000000000000000000000000000000
00000000000000000000000000000000
00000000000000000000000000000000
00000000000000000000000000000000
00000000000000000000000000000000
00000000000000000000000000000000
00000000000000000000000000000000
00000000000000000000000000000000
00010001000100010001000100010001
00010001000100010001000100010001
00010001000100010001000100010001
00010001000100010001000100010001
00010001000100010001000100010001
00010001000100010001000100010001
00010001000100010001000100010001
00010001000100010001000100010001
00010001000100010001000100010001
00010001000100010001000100010001
00010001000100010001000100010001
00010001000100010001000100010001
00010001000100010001000100010001
00010001000100010001000100010001
00010001000100010001000100010001
00010001000100010001000100010001
00010001000100010001000100010001
00010001000100010001000100010001
00010001000100010001000100010001
00010001000100010001000100010001
00010001000100010001000100010001
00010001000100010001000100010001
00010001000100010001000100010001
00010001000100010001000100010001
00010001000100010001000100010001
00010001000100010001000100010001
00010001000100010001000100010001
00010001000100010001000100010001
00010001000100010001000100010001
00010001000100010001000100010001
00010001000100010001000100010001
00010001000100010001000100010001
00010001000100010001000100010001
00010001000100010001000100010001
00010001000100010001000100010001
00010001000100010001000100010001
00010001000100010001000100010001
00010001000100010001000100010001
00010001000100010001000100010001
00010001000100010001000100010001
00010001000100010001000100010001
00010001000100010001000100010001
00010001000100010001000100010001
00010001000100010001000100010001
00010001000100010001000100010001
00010001000100010001000100010001
00010001000100010001000100010001
00010001000100010001000100010001
00010001000100010001000100010001
00010001000100010001000100010001
00010001000100010001000100010001
00010001000100010001000100010001
00010001000100010001000100010001
00010001000100010001000100010001
00010001000100010001000100010001
00010001000100010001000100010001
00010001000100010001000100010001
00010001000100010001000100010001
00010001000100010001000100010001
00010001000100010001000100010001
00010001000100010001000100010001
00010001000100010001000100010001
00010001000100010001000100010001
00010001000100010001000100010001
00010001000100010001000100010001
00010001000100010001000100010001
00010001000100010001000100010001
00010001000100010001000100010001
00010001000100010001000100010001
00010001000100010001000100010001
00010001000100010001000100010001
00010001000100010001000100010001
00010001000100010001000100010001
00010001000100010001000100010001
00010001000100010001000100010001
00010001000100010001000100010001
00010001000100010001000100010001
00010001000100010001000100010001
00010001000100010001000100010001
00010001000100010001000100010001
00010001000100010001000100010001
00010001000100010001000100010001
00010001000100010001000100010001
00010001000100010001000100010001
00010001000100010001000100010001
00010001000100010001000100010001
00010001000100010001000100010001
00010001000100010001000100010001
00010001000100010001000100010001
00010001000100010001000100010001
00010001000100010001000100010001
00010001000100010001000100010001
00010001000100010001000100010001
00010001000100010001000100010001
00010001000100010001000100010001
00010001000100010001000100010001
00010001000100010001000100010001
00010001000100010001000100010001
00010001000100010001000100010001
00010001000100010001000100010001
00010001000100010001000100010001
00010001000100010001000100010001
00010001000100010001000100010001
00010001000100010001000100010001
00010001000100010001000100010001
00010001000100010001000100010001
00010001000100010001000100010001
00010001000100010001000100010001
00010001000100010001000100010001
00010001000100010001000100010001
00010001000100010001000100010001
00010001000100010001000100010001
00010001000100010001000100010001
00010001000100010001000100010001
00010001000100010001000100010001
00010001000100010001000100010001
00010001000100010001000100010001
00010001000100010001000100010001
00010001000100010001000100010001
00010001000100010001000100010001
00010001000100010001000100010001
00010001000100010001000100010001
00010001000100010001000100010001
00010001000100010001000100010001
00010001000100010001000100010001
00010001000100010001000100010001
00010001000100010001000100010001
00010001000100010001000100010001
00020002000200020002000200020002
00020002000200020002000200020002
00020002000200020002000200020002
00020002000200020002000200020002
00020002000200020002000200020002
00020002000200020002000200020002
00020002000200020002000200020002
00020002000200020002000200020002
00020002000200020002000200020002
00020002000200020002000200020002
00020002000200020002000200020002
00020002000200020002000200020002
00020002000200020002000200020002
00020002000200020002000200020002
00020002000200020002000200020002
00020002000200020002000200020002
00020002000200020002000200020002
00020002000200020002000200020002
00020002000200020002000200020002
00020002000200020002000200020002
00020002000200020002000200020002
00020002000200020002000200020002
00020002000200020002000200020002
00020002000200020002000200020002
00020002000200020002000200020002
00020002000200020002000200020002
00020002000200020002000200020002
00020002000200020002000200020002
00020002000200020002000200020002
00020002000200020002000200020002
00020002000200020002000200020002
00020002000200020002000200020002
00020002000200020002000200020002
00020002000200020002000200020002
00020002000200020002000200020002
00020002000200020002000200020002
00020002000200020002000200020002
00020002000200020002000200020002
00020002000200020002000200020002
00020002000200020002000200020002
00020002000200020002000200020002
00020002000200020002000200020002
00020002000200020002000200020002
00020002000200020002000200020002
00020002000200020002000200020002
00020002000200020002000200020002
00020002000200020002000200020002
00020002000200020002000200020002
00020002000200020002000200020002
00020002000200020002000200020002
00020002000200020002000200020002
00020002000200020002000200020002
00020002000200020002000200020002
00020002000200020002000200020002
00020002000200020002000200020002
00020002000200020002000200020002
00020002000200020002000200020002
00020002000200020002000200020002
00020002000200020002000200020002
00020002000200020002000200020002
00020002000200020002000200020002
00020002000200020002000200020002
00020002000200020002000200020002
00020002000200020002000200020002
00020002000200020002000200020002
00020002000200020002000200020002
00020002000200020002000200020002
00020002000200020002000200020002
00020002000200020002000200020002
00020002000200020002000200020002
00020002000200020002000200020002
00020002000200020002000200020002
00020002000200020002000200020002
00020002000200020002000200020002
00020002000200020002000200020002
00020002000200020002000200020002
00020002000200020002000200020002
00020002000200020002000200020002
00020002000200020002000200020002
00020002000200020002000200020002
00020002000200020002000200020002
00020002000200020002000200020002
00020002000200020002000200020002
00020002000200020002000200020002
00020002000200020002000200020002
00020002000200020002000200020002
00020002000200020002000200020002
00020002000200020002000200020002
00020002000200020002000200020002
00020002000200020002000200020002
00020002000200020002000200020002
00020002000200020002000200020002
00020002000200020002000200020002
00020002000200020002000200020002
00020002000200020002000200020002
00020002000200020002000200020002
00020002000200020002000200020002
00020002000200020002000200020002
00020002000200020002000200020002
00020002000200020002000200020002
00020002000200020002000200020002
00020002000200020002000200020002
00020002000200020002000200020002
00020002000200020002000200020002
00020002000200020002000200020002
00020002000200020002000200020002
00020002000200020002000200020002
00020002000200020002000200020002
00020002000200020002000200020002
00020002000200020002000200020002
00020002000200020002000200020002
00020002000200020002000200020002
00020002000200020002000200020002
00020002000200020002000200020002
00020002000200020002000200020002
00020002000200020002000200020002
00020002000200020002000200020002
00020002000200020002000200020002
00020002000200020002000200020002
00020002000200020002000200020002
00020002000200020002000200020002
00020002000200020002000200020002
00020002000200020002000200020002
00020002000200020002000200020002
00020002000200020002000200020002
00020002000200020002000200020002
00020002000200020002000200020002
00020002000200020002000200020002
000f000f000f000f000f000f000f000f
000f000f000f000f000f000f000f000f
000f000f000f000f000f000f000f000f
000f000f000f000f000f000f000f000f
000f000f000f000f000f000f000f000f
000f000f000f000f000f000f000f000f
000f000f000f000f000f000f000f000f
000f000f000f000f000f000f000f000f
000f000f000f000f000f000f000f000f
000f000f000f000f000f000f000f000f
000f000f000f000f000f000f000f000f
000f000f000f000f000f000f000f000f
000f000f000f000f000f000f000f000f
000f000f000f000f000f000f000f000f
000f000f000f000f000f000f000f000f
000f000f000f000f000f000f000f000f
000f000f000f000f000f000f000f000f
000f000f000f000f000f000f000f000f
000f000f000f000f000f000f000f000f
000f000f000f000f000f000f000f000f
000f000f000f000f000f000f000f000f
000f000f000f000f000f000f000f000f
000f000f000f000f000f000f000f000f
000f000f000f000f000f000f000f000f
000f000f000f000f000f000f000f000f
000f000f000f000f000f000f000f000f
000f000f000f000f000f000f000f000f
000f000f000f000f000f000f000f000f
000f000f000f000f000f000f000f000f
000f000f000f000f000f000f000f000f
000f000f000f000f000f000f000f000f
000f000f000f000f000f000f000f000f
000f000f000f000f000f000f000f000f
000f000f000f000f000f000f000f000f
000f000f000f000f000f000f000f000f
000f000f000f000f000f000f000f000f
000f000f000f000f000f000f000f000f
000f000f000f000f000f000f000f000f
000f000f000f000f000f000f000f000f
000f000f000f000f000f000f000f000f
000f000f000f000f000f000f000f000f
000f000f000f000f000f000f000f000f
000f000f000f000f000f000f000f000f
000f000f000f000f000f000f000f000f
000f000f000f000f000f000f000f000f
000f000f000f000f000f000f000f000f
000f000f000f000f000f000f000f000f
000f000f000f000f000f000f000f000f
000f000f000f000f000f000f000f000f
000f000f000f000f000f000f000f000f
000f000f000f000f000f000f000f000f
000f000f000f000f000f000f000f000f
000f000f000f000f000f000f000f000f
000f000f000f000f000f000f000f000f
000f000f000f000f000f000f000f000f
000f000f000f000f000f000f000f000f
000f000f000f000f000f000f000f000f
000f000f000f000f000f000f000f000f
000f000f000f000f000f000f000f000f
000f000f000f000f000f000f000f000f
000f000f000f000f000f000f000f000f
000f000f000f000f000f000f000f000f
000f000f000f000f000f000f000f000f
000f000f000f000f000f000f000f000f
000f000f000f000f000f000f000f000f
000f000f000f000f000f000f000f000f
000f000f000f000f000f000f000f000f
000f000f000f000f000f000f000f000f
000f000f000f000f000f000f000f000f
000f000f000f000f000f000f000f000f
000f000f000f000f000f000f000f000f
000f000f000f000f000f000f000f000f
000f000f000f000f000f000f000f000f
000f000f000f000f000f000f000f000f
000f000f000f000f000f000f000f000f
000f000f000f000f000f000f000f000f
000f000f000f000f000f000f000f000f
000f000f000f000f000f000f000f000f
000f000f000f000f000f000f000f000f
000f000f000f000f000f000f000f000f
000f000f000f000f000f000f000f000f
000f000f000f000f000f000f000f000f
000f000f000f000f000f000f000f000f
000f000f000f000f000f000f000f000f
000f000f000f000f000f000f000f000f
000f000f000f000f000f000f000f000f
000f000f000f000f000f000f000f000f
000f000f000f000f000f000f000f000f
000f000f000f000f000f000f000f000f
000f000f000f000f000f000f000f000f
000f000f000f000f000f000f000f000f
000f000f000f000f000f000f000f000f
000f000f000f000f000f000f000f000f
000f000f000f000f000f000f000f000f
000f000f000f000f000f000f000f000f
000f000f000f000f000f000f000f000f
000f000f000f000f000f000f000f000f
000f000f000f000f000f000f000f000f
000f000f000f000f000f000f000f000f
000f000f000f000f000f000f000f000f
000f000f000f000f000f000f000f000f
000f000f000f000f000f000f000f000f
000f000f000f000f000f000f000f000f
000f000f000f000f000f000f000f000f
000f000f000f000f000f000f000f000f
000f000f000f000f000f000f000f000f
000f000f000f000f000f000f000f000f
000f000f000f000f000f000f000f000f
000f000f000f000f000f000f000f000f
000f000f000f000f000f000f000f000f
000f000f000f000f000f000f000f000f
000f000f000f000f000f000f000f000f
000f000f000f000f000f000f000f000f
000f000f000f000f000f000f000f000f
000f000f000f000f000f000f000f000f
000f000f000f000f000f000f000f000f
000f000f000f000f000f000f000f000f
000f000f000f000f000f000f000f000f
000f000f000f000f000f000f000f000f
000f000f000f000f000f000f000f000f
000f000f000f000f000f000f000f000f
000f000f000f000f000f000f000f000f
000f000f000f000f000f000f000f000f
000f000f000f000f000f000f000f000f
000f000f000f000f000f000f000f000f
000f000f000f000f000f000f000f000f
000f000f000f000f000f000f000f000f
000f000f000f000f000f000f000f000f
00100010001000100010001000100010
00100010001000100010001000100010
00100010001000100010001000100010
00100010001000100010001000100010
00100010001000100010001000100010
00100010001000100010001000100010
00100010001000100010001000100010
00100010001000100010001000100010
00100010001000100010001000100010
00100010001000100010001000100010
00100010001000100010001000100010
00100010001000100010001000100010
00100010001000100010001000100010
00100010001000100010001000100010
00100010001000100010001000100010
00100010001000100010001000100010
00100010001000100010001000100010
00100010001000100010001000100010
00100010001000100010001000100010
00100010001000100010001000100010
00100010001000100010001000100010
00100010001000100010001000100010
00100010001000100010001000100010
00100010001000100010001000100010
00100010001000100010001000100010
00100010001000100010001000100010
00100010001000100010001000100010
00100010001000100010001000100010
00100010001000100010001000100010
00100010001000100010001000100010
00100010001000100010001000100010
00100010001000100010001000100010
00100010001000100010001000100010
00100010001000100010001000100010
00100010001000100010001000100010
00100010001000100010001000100010
00100010001000100010001000100010
00100010001000100010001000100010
00100010001000100010001000100010
00100010001000100010001000100010
00100010001000100010001000100010
00100010001000100010001000100010
00100010001000100010001000100010
00100010001000100010001000100010
00100010001000100010001000100010
00100010001000100010001000100010
00100010001000100010001000100010
00100010001000100010001000100010
00100010001000100010001000100010
00100010001000100010001000100010
00100010001000100010001000100010
00100010001000100010001000100010
00100010001000100010001000100010
00100010001000100010001000100010
00100010001000100010001000100010
00100010001000100010001000100010
00100010001000100010001000100010
00100010001000100010001000100010
00100010001000100010001000100010
00100010001000100010001000100010
00100010001000100010001000100010
00100010001000100010001000100010
00100010001000100010001000100010
00100010001000100010001000100010
00100010001000100010001000100010
00100010001000100010001000100010
00100010001000100010001000100010
00100010001000100010001000100010
00100010001000100010001000100010
00100010001000100010001000100010
00100010001000100010001000100010
00100010001000100010001000100010
00100010001000100010001000100010
00100010001000100010001000100010
00100010001000100010001000100010
00100010001000100010001000100010
00100010001000100010001000100010
00100010001000100010001000100010
00100010001000100010001000100010
00100010001000100010001000100010
00100010001000100010001000100010
00100010001000100010001000100010
00100010001000100010001000100010
00100010001000100010001000100010
00100010001000100010001000100010
00100010001000100010001000100010
00100010001000100010001000100010
00100010001000100010001000100010
00100010001000100010001000100010
00100010001000100010001000100010
00100010001000100010001000100010
00100010001000100010001000100010
00100010001000100010001000100010
00100010001000100010001000100010
00100010001000100010001000100010
00100010001000100010001000100010
00100010001000100010001000100010
00100010001000100010001000100010
00100010001000100010001000100010
00100010001000100010001000100010
00100010001000100010001000100010
00100010001000100010001000100010
00100010001000100010001000100010
00100010001000100010001000100010
00100010001000100010001000100010
00100010001000100010001000100010
00100010001000100010001000100010
00100010001000100010001000100010
00100010001000100010001000100010
00100010001000100010001000100010
00100010001000100010001000100010
00100010001000100010001000100010
00100010001000100010001000100010
00100010001000100010001000100010
00100010001000100010001000100010
00100010001000100010001000100010
00100010001000100010001000100010
00100010001000100010001000100010
00100010001000100010001000100010
00100010001000100010001000100010
00100010001000100010001000100010
00100010001000100010001000100010
00100010001000100010001000100010
00100010001000100010001000100010
00100010001000100010001000100010
00100010001000100010001000100010
00100010001000100010001000100010
00100010001000100010001000100010
00110011001100110011001100110011
00110011001100110011001100110011
00110011001100110011001100110011
00110011001100110011001100110011
00110011001100110011001100110011
00110011001100110011001100110011
00110011001100110011001100110011
00110011001100110011001100110011
00110011001100110011001100110011
00110011001100110011001100110011
00110011001100110011001100110011
00110011001100110011001100110011
00110011001100110011001100110011
00110011001100110011001100110011
00110011001100110011001100110011
00110011001100110011001100110011
00110011001100110011001100110011
00110011001100110011001100110011
00110011001100110011001100110011
00110011001100110011001100110011
00110011001100110011001100110011
00110011001100110011001100110011
00110011001100110011001100110011
00110011001100110011001100110011
00110011001100110011001100110011
00110011001100110011001100110011
00110011001100110011001100110011
00110011001100110011001100110011
00110011001100110011001100110011
00110011001100110011001100110011
00110011001100110011001100110011
00110011001100110011001100110011
00110011001100110011001100110011
00110011001100110011001100110011
00110011001100110011001100110011
00110011001100110011001100110011
00110011001100110011001100110011
00110011001100110011001100110011
00110011001100110011001100110011
00110011001100110011001100110011
00110011001100110011001100110011
00110011001100110011001100110011
00110011001100110011001100110011
00110011001100110011001100110011
00110011001100110011001100110011
00110011001100110011001100110011
00110011001100110011001100110011
00110011001100110011001100110011
00110011001100110011001100110011
00110011001100110011001100110011
00110011001100110011001100110011
00110011001100110011001100110011
00110011001100110011001100110011
00110011001100110011001100110011
00110011001100110011001100110011
00110011001100110011001100110011
00110011001100110011001100110011
00110011001100110011001100110011
00110011001100110011001100110011
00110011001100110011001100110011
00110011001100110011001100110011
00110011001100110011001100110011
00110011001100110011001100110011
00110011001100110011001100110011
00110011001100110011001100110011
00110011001100110011001100110011
00110011001100110011001100110011
00110011001100110011001100110011
00110011001100110011001100110011
00110011001100110011001100110011
00110011001100110011001100110011
00110011001100110011001100110011
00110011001100110011001100110011
00110011001100110011001100110011
00110011001100110011001100110011
00110011001100110011001100110011
00110011001100110011001100110011
00110011001100110011001100110011
00110011001100110011001100110011
00110011001100110011001100110011
00110011001100110011001100110011
00110011001100110011001100110011
00110011001100110011001100110011
00110011001100110011001100110011
00110011001100110011001100110011
00110011001100110011001100110011
00110011001100110011001100110011
00110011001100110011001100110011
00110011001100110011001100110011
00110011001100110011001100110011
00110011001100110011001100110011
00110011001100110011001100110011
00110011001100110011001100110011
00110011001100110011001100110011
00110011001100110011001100110011
00110011001100110011001100110011
00110011001100110011001100110011
00110011001100110011001100110011
00110011001100110011001100110011
00110011001100110011001100110011
00110011001100110011001100110011
00110011001100110011001100110011
00110011001100110011001100110011
00110011001100110011001100110011
00110011001100110011001100110011
00110011001100110011001100110011
00110011001100110011001100110011
00110011001100110011001100110011
00110011001100110011001100110011
00110011001100110011001100110011
00110011001100110011001100110011
00110011001100110011001100110011
00110011001100110011001100110011
00110011001100110011001100110011
00110011001100110011001100110011
00110011001100110011001100110011
00110011001100110011001100110011
00110011001100110011001100110011
00110011001100110011001100110011
00110011001100110011001100110011
00110011001100110011001100110011
00110011001100110011001100110011
00110011001100110011001100110011
00110011001100110011001100110011
00110011001100110011001100110011
00110011001100110011001100110011
00110011001100110011001100110011
00110011001100110011001100110011
01fe01fe01fe01fe01fe01fe01fe01fe
01fe01fe01fe01fe01fe01fe01fe01fe
01fe01fe01fe01fe01fe01fe01fe01fe
01fe01fe01fe01fe01fe01fe01fe01fe
01fe01fe01fe01fe01fe01fe01fe01fe
01fe01fe01fe01fe01fe01fe01fe01fe
01fe01fe01fe01fe01fe01fe01fe01fe
01fe01fe01fe01fe01fe01fe01fe01fe
01fe01fe01fe01fe01fe01fe01fe01fe
01fe01fe01fe01fe01fe01fe01fe01fe
01fe01fe01fe01fe01fe01fe01fe01fe
01fe01fe01fe01fe01fe01fe01fe01fe
01fe01fe01fe01fe01fe01fe01fe01fe
01fe01fe01fe01fe01fe01fe01fe01fe
01fe01fe01fe01fe01fe01fe01fe01fe
01fe01fe01fe01fe01fe01fe01fe01fe
01fe01fe01fe01fe01fe01fe01fe01fe
01fe01fe01fe01fe01fe01fe01fe01fe
01fe01fe01fe01fe01fe01fe01fe01fe
01fe01fe01fe01fe01fe01fe01fe01fe
01fe01fe01fe01fe01fe01fe01fe01fe
01fe01fe01fe01fe01fe01fe01fe01fe
01fe01fe01fe01fe01fe01fe01fe01fe
01fe01fe01fe01fe01fe01fe01fe01fe
01fe01fe01fe01fe01fe01fe01fe01fe
01fe01fe01fe01fe01fe01fe01fe01fe
01fe01fe01fe01fe01fe01fe01fe01fe
01fe01fe01fe01fe01fe01fe01fe01fe
01fe01fe01fe01fe01fe01fe01fe01fe
01fe01fe01fe01fe01fe01fe01fe01fe
01fe01fe01fe01fe01fe01fe01fe01fe
01fe01fe01fe01fe01fe01fe01fe01fe
01fe01fe01fe01fe01fe01fe01fe01fe
01fe01fe01fe01fe01fe01fe01fe01fe
01fe01fe01fe01fe01fe01fe01fe01fe
01fe01fe01fe01fe01fe01fe01fe01fe
01fe01fe01fe01fe01fe01fe01fe01fe
01fe01fe01fe01fe01fe01fe01fe01fe
01fe01fe01fe01fe01fe01fe01fe01fe
01fe01fe01fe01fe01fe01fe01fe01fe
01fe01fe01fe01fe01fe01fe01fe01fe
01fe01fe01fe01fe01fe01fe01fe01fe
01fe01fe01fe01fe01fe01fe01fe01fe
01fe01fe01fe01fe01fe01fe01fe01fe
01fe01fe01fe01fe01fe01fe01fe01fe
01fe01fe01fe01fe01fe01fe01fe01fe
01fe01fe01fe01fe01fe01fe01fe01fe
01fe01fe01fe01fe01fe01fe01fe01fe
01fe01fe01fe01fe01fe01fe01fe01fe
01fe01fe01fe01fe01fe01fe01fe01fe
01fe01fe01fe01fe01fe01fe01fe01fe
01fe01fe01fe01fe01fe01fe01fe01fe
01fe01fe01fe01fe01fe01fe01fe01fe
01fe01fe01fe01fe01fe01fe01fe01fe
01fe01fe01fe01fe01fe01fe01fe01fe
01fe01fe01fe01fe01fe01fe01fe01fe
01fe01fe01fe01fe01fe01fe01fe01fe
01fe01fe01fe01fe01fe01fe01fe01fe
01fe01fe01fe01fe01fe01fe01fe01fe
01fe01fe01fe01fe01fe01fe01fe01fe
01fe01fe01fe01fe01fe01fe01fe01fe
01fe01fe01fe01fe01fe01fe01fe01fe
01fe01fe01fe01fe01fe01fe01fe01fe
01fe01fe01fe01fe01fe01fe01fe01fe
01fe01fe01fe01fe01fe01fe01fe01fe
01fe01fe01fe01fe01fe01fe01fe01fe
01fe01fe01fe01fe01fe01fe01fe01fe
01fe01fe01fe01fe01fe01fe01fe01fe
01fe01fe01fe01fe01fe01fe01fe01fe
01fe01fe01fe01fe01fe01fe01fe01fe
01fe01fe01fe01fe01fe01fe01fe01fe
01fe01fe01fe01fe01fe01fe01fe01fe
01fe01fe01fe01fe01fe01fe01fe01fe
01fe01fe01fe01fe01fe01fe01fe01fe
01fe01fe01fe01fe01fe01fe01fe01fe
01fe01fe01fe01fe01fe01fe01fe01fe
01fe01fe01fe01fe01fe01fe01fe01fe
01fe01fe01fe01fe01fe01fe01fe01fe
01fe01fe01fe01fe01fe01fe01fe01fe
01fe01fe01fe01fe01fe01fe01fe01fe
01fe01fe01fe01fe01fe01fe01fe01fe
01fe01fe01fe01fe01fe01fe01fe01fe
01fe01fe01fe01fe01fe01fe01fe01fe
01fe01fe01fe01fe01fe01fe01fe01fe
01fe01fe01fe01fe01fe01fe01fe01fe
01fe01fe01fe01fe01fe01fe01fe01fe
01fe01fe01fe01fe01fe01fe01fe01fe
01fe01fe01fe01fe01fe01fe01fe01fe
01fe01fe01fe01fe01fe01fe01fe01fe
01fe01fe01fe01fe01fe01fe01fe01fe
01fe01fe01fe01fe01fe01fe01fe01fe
01fe01fe01fe01fe01fe01fe01fe01fe
01fe01fe01fe01fe01fe01fe01fe01fe
01fe01fe01fe01fe01fe01fe01fe01fe
01fe01fe01fe01fe01fe01fe01fe01fe
01fe01fe01fe01fe01fe01fe01fe01fe
01fe01fe01fe01fe01fe01fe01fe01fe
01fe01fe01fe01fe01fe01fe01fe01fe
01fe01fe01fe01fe01fe01fe01fe01fe
01fe01fe01fe01fe01fe01fe01fe01fe
01fe01fe01fe01fe01fe01fe01fe01fe
01fe01fe01fe01fe01fe01fe01fe01fe
01fe01fe01fe01fe01fe01fe01fe01fe
01fe01fe01fe01fe01fe01fe01fe01fe
01fe01fe01fe01fe01fe01fe01fe01fe
01fe01fe01fe01fe01fe01fe01fe01fe
01fe01fe01fe01fe01fe01fe01fe01fe
01fe01fe01fe01fe01fe01fe01fe01fe
01fe01fe01fe01fe01fe01fe01fe01fe
01fe01fe01fe01fe01fe01fe01fe01fe
01fe01fe01fe01fe01fe01fe01fe01fe
01fe01fe01fe01fe01fe01fe01fe01fe
01fe01fe01fe01fe01fe01fe01fe01fe
01fe01fe01fe01fe01fe01fe01fe01fe
01fe01fe01fe01fe01fe01fe01fe01fe
01fe01fe01fe01fe01fe01fe01fe01fe
01fe01fe01fe01fe01fe01fe01fe01fe
01fe01fe01fe01fe01fe01fe01fe01fe
01fe01fe01fe01fe01fe01fe01fe01fe
01fe01fe01fe01fe01fe01fe01fe01fe
01fe01fe01fe01fe01fe01fe01fe01fe
01fe01fe01fe01fe01fe01fe01fe01fe
01fe01fe01fe01fe01fe01fe01fe01fe
01fe01fe01fe01fe01fe01fe01fe01fe
01fe01fe01fe01fe01fe01fe01fe01fe
01fe01fe01fe01fe01fe01fe01fe01fe
01fe01fe01fe01fe01fe01fe01fe01fe
01fe01fe01fe01fe01fe01fe01fe01fe
01ff01ff01ff01ff01ff01ff01ff01ff
01ff01ff01ff01ff01ff01ff01ff01ff
01ff01ff01ff01ff01ff01ff01ff01ff
01ff01ff01ff01ff01ff01ff01ff01ff
01ff01ff01ff01ff01ff01ff01ff01ff
01ff01ff01ff01ff01ff01ff01ff01ff
01ff01ff01ff01ff01ff01ff01ff01ff
01ff01ff01ff01ff01ff01ff01ff01ff
01ff01ff01ff01ff01ff01ff01ff01ff
01ff01ff01ff01ff01ff01ff01ff01ff
01ff01ff01ff01ff01ff01ff01ff01ff
01ff01ff01ff01ff01ff01ff01ff01ff
01ff01ff01ff01ff01ff01ff01ff01ff
01ff01ff01ff01ff01ff01ff01ff01ff
01ff01ff01ff01ff01ff01ff01ff01ff
01ff01ff01ff01ff01ff01ff01ff01ff
01ff01ff01ff01ff01ff01ff01ff01ff
01ff01ff01ff01ff01ff01ff01ff01ff
01ff01ff01ff01ff01ff01ff01ff01ff
01ff01ff01ff01ff01ff01ff01ff01ff
01ff01ff01ff01ff01ff01ff01ff01ff
01ff01ff01ff01ff01ff01ff01ff01ff
01ff01ff01ff01ff01ff01ff01ff01ff
01ff01ff01ff01ff01ff01ff01ff01ff
01ff01ff01ff01ff01ff01ff01ff01ff
01ff01ff01ff01ff01ff01ff01ff01ff
01ff01ff01ff01ff01ff01ff01ff01ff
01ff01ff01ff01ff01ff01ff01ff01ff
01ff01ff01ff01ff01ff01ff01ff01ff
01ff01ff01ff01ff01ff01ff01ff01ff
01ff01ff01ff01ff01ff01ff01ff01ff
01ff01ff01ff01ff01ff01ff01ff01ff
01ff01ff01ff01ff01ff01ff01ff01ff
01ff01ff01ff01ff01ff01ff01ff01ff
01ff01ff01ff01ff01ff01ff01ff01ff
01ff01ff01ff01ff01ff01ff01ff01ff
01ff01ff01ff01ff01ff01ff01ff01ff
01ff01ff01ff01ff01ff01ff01ff01ff
01ff01ff01ff01ff01ff01ff01ff01ff
01ff01ff01ff01ff01ff01ff01ff01ff
01ff01ff01ff01ff01ff01ff01ff01ff
01ff01ff01ff01ff01ff01ff01ff01ff
01ff01ff01ff01ff01ff01ff01ff01ff
01ff01ff01ff01ff01ff01ff01ff01ff
01ff01ff01ff01ff01ff01ff01ff01ff
01ff01ff01ff01ff01ff01ff01ff01ff
01ff01ff01ff01ff01ff01ff01ff01ff
01ff01ff01ff01ff01ff01ff01ff01ff
01ff01ff01ff01ff01ff01ff01ff01ff
01ff01ff01ff01ff01ff01ff01ff01ff
01ff01ff01ff01ff01ff01ff01ff01ff
01ff01ff01ff01ff01ff01ff01ff01ff
01ff01ff01ff01ff01ff01ff01ff01ff
01ff01ff01ff01ff01ff01ff01ff01ff
01ff01ff01ff01ff01ff01ff01ff01ff
01ff01ff01ff01ff01ff01ff01ff01ff
01ff01ff01ff01ff01ff01ff01ff01ff
01ff01ff01ff01ff01ff01ff01ff01ff
01ff01ff01ff01ff01ff01ff01ff01ff
01ff01ff01ff01ff01ff01ff01ff01ff
01ff01ff01ff01ff01ff01ff01ff01ff
01ff01ff01ff01ff01ff01ff01ff01ff
01ff01ff01ff01ff01ff01ff01ff01ff
01ff01ff01ff01ff01ff01ff01ff01ff
01ff01ff01ff01ff01ff01ff01ff01ff
01ff01ff01ff01ff01ff01ff01ff01ff
01ff01ff01ff01ff01ff01ff01ff01ff
01ff01ff01ff01ff01ff01ff01ff01ff
01ff01ff01ff01ff01ff01ff01ff01ff
01ff01ff01ff01ff01ff01ff01ff01ff
01ff01ff01ff01ff01ff01ff01ff01ff
01ff01ff01ff01ff01ff01ff01ff01ff
01ff01ff01ff01ff01ff01ff01ff01ff
01ff01ff01ff01ff01ff01ff01ff01ff
01ff01ff01ff01ff01ff01ff01ff01ff
01ff01ff01ff01ff01ff01ff01ff01ff
01ff01ff01ff01ff01ff01ff01ff01ff
01ff01ff01ff01ff01ff01ff01ff01ff
01ff01ff01ff01ff01ff01ff01ff01ff
01ff01ff01ff01ff01ff01ff01ff01ff
01ff01ff01ff01ff01ff01ff01ff01ff
01ff01ff01ff01ff01ff01ff01ff01ff
01ff01ff01ff01ff01ff01ff01ff01ff
01ff01ff01ff01ff01ff01ff01ff01ff
01ff01ff01ff01ff01ff01ff01ff01ff
01ff01ff01ff01ff01ff01ff01ff01ff
01ff01ff01ff01ff01ff01ff01ff01ff
01ff01ff01ff01ff01ff01ff01ff01ff
01ff01ff01ff01ff01ff01ff01ff01ff
01ff01ff01ff01ff01ff01ff01ff01ff
01ff01ff01ff01ff01ff01ff01ff01ff
01ff01ff01ff01ff01ff01ff01ff01ff
01ff01ff01ff01ff01ff01ff01ff01ff
01ff01ff01ff01ff01ff01ff01ff01ff
01ff01ff01ff01ff01ff01ff01ff01ff
01ff01ff01ff01ff01ff01ff01ff01ff
01ff01ff01ff01ff01ff01ff01ff01ff
01ff01ff01ff01ff01ff01ff01ff01ff
01ff01ff01ff01ff01ff01ff01ff01ff
01ff01ff01ff01ff01ff01ff01ff01ff
01ff01ff01ff01ff01ff01ff01ff01ff
01ff01ff01ff01ff01ff01ff01ff01ff
01ff01ff01ff01ff01ff01ff01ff01ff
01ff01ff01ff01ff01ff01ff01ff01ff
01ff01ff01ff01ff01ff01ff01ff01ff
01ff01ff01ff01ff01ff01ff01ff01ff
01ff01ff01ff01ff01ff01ff01ff01ff
01ff01ff01ff01ff01ff01ff01ff01ff
01ff01ff01ff01ff01ff01ff01ff01ff
01ff01ff01ff01ff01ff01ff01ff01ff
01ff01ff01ff01ff01ff01ff01ff01ff
01ff01ff01ff01ff01ff01ff01ff01ff
01ff01ff01ff01ff01ff01ff01ff01ff
01ff01ff01ff01ff01ff01ff01ff01ff
01ff01ff01ff01ff01ff01ff01ff01ff
01ff01ff01ff01ff01ff01ff01ff01ff
01ff01ff01ff01ff01ff01ff01ff01ff
01ff01ff01ff01ff01ff01ff01ff01ff
01ff01ff01ff01ff01ff01ff01ff01ff
01ff01ff01ff01ff01ff01ff01ff01ff
01ff01ff01ff01ff01ff01ff01ff01ff
01ff01ff01ff01ff01ff01ff01ff01ff
01ff01ff01ff01ff01ff01ff01ff01ff
01ff01ff01ff01ff01ff01ff01ff01ff
01ff01ff01ff01ff01ff01ff01ff01ff
01ff01ff01ff01ff01ff01ff01ff01ff
01ff01ff01ff01ff01ff01ff01ff01ff
01ff01ff01ff01ff01ff01ff01ff01ff
02080207020602050204020302020201
0210020f020e020d020c020b020a0209
02180217021602150214021302120211
0220021f021e021d021c021b021a0219
02280227022602250224022302220221
0230022f022e022d022c022b022a0229
02380237023602350234023302320231
0240023f023e023d023c023b023a0239
02480247024602450244024302420241
0250024f024e024d024c024b024a0249
02580257025602550254025302520251
0260025f025e025d025c025b025a0259
02680267026602650264026302620261
0270026f026e026d026c026b026a0269
02780277027602750274027302720271
0280027f027e027d027c027b027a0279
02880287028602850284028302820281
0290028f028e028d028c028b028a0289
02980297029602950294029302920291
02a0029f029e029d029c029b029a0299
02a802a702a602a502a402a302a202a1
02b002af02ae02ad02ac02ab02aa02a9
02b802b702b602b502b402b302b202b1
02c002bf02be02bd02bc02bb02ba02b9
02c802c702c602c502c402c302c202c1
02d002cf02ce02cd02cc02cb02ca02c9
02d802d702d602d502d402d302d202d1
02e002df02de02dd02dc02db02da02d9
02e802e702e602e502e402e302e202e1
02f002ef02ee02ed02ec02eb02ea02e9
02f802f702f602f502f402f302f202f1
030002ff02fe02fd02fc02fb02fa02f9
03080307030603050304030303020301
0310030f030e030d030c030b030a0309
03180317031603150314031303120311
0320031f031e031d031c031b031a0319
03280327032603250324032303220321
0330032f032e032d032c032b032a0329
03380337033603350334033303320331
0340033f033e033d033c033b033a0339
03480347034603450344034303420341
0350034f034e034d034c034b034a0349
03580357035603550354035303520351
0360035f035e035d035c035b035a0359
03680367036603650364036303620361
0370036f036e036d036c036b036a0369
03780377037603750374037303720371
0380037f037e037d037c037b037a0379
03880387038603850384038303820381
0390038f038e038d038c038b038a0389
03980397039603950394039303920391
03a0039f039e039d039c039b039a0399
03a803a703a603a503a403a303a203a1
03b003af03ae03ad03ac03ab03aa03a9
03b803b703b603b503b403b303b203b1
03c003bf03be03bd03bc03bb03ba03b9
03c803c703c603c503c403c303c203c1
03d003cf03ce03cd03cc03cb03ca03c9
03d803d703d603d503d403d303d203d1
03e003df03de03dd03dc03db03da03d9
03e803e703e603e503e403e303e203e1
03f003ef03ee03ed03ec03eb03ea03e9
03f803f703f603f503f403f303f203f1
000003ff03fe03fd03fc03fb03fa03f9
00080007000600050004000300020001
0010000f000e000d000c000b000a0009
00180017001600150014001300120011
0020001f001e001d001c001b001a0019
00280027002600250024002300220021
0030002f002e002d002c002b002a0029
00380037003600350034003300320031
0040003f003e003d003c003b003a0039
00480047004600450044004300420041
0050004f004e004d004c004b004a0049
00580057005600550054005300520051
0060005f005e005d005c005b005a0059
00680067006600650064006300620061
0070006f006e006d006c006b006a0069
00780077007600750074007300720071
0080007f007e007d007c007b007a0079
00880087008600850084008300820081
0090008f008e008d008c008b008a0089
00980097009600950094009300920091
00a0009f009e009d009c009b009a0099
00a800a700a600a500a400a300a200a1
00b000af00ae00ad00ac00ab00aa00a9
00b800b700b600b500b400b300b200b1
00c000bf00be00bd00bc00bb00ba00b9
00c800c700c600c500c400c300c200c1
00d000cf00ce00cd00cc00cb00ca00c9
00d800d700d600d500d400d300d200d1
00e000df00de00dd00dc00db00da00d9
00e800e700e600e500e400e300e200e1
00f000ef00ee00ed00ec00eb00ea00e9
00f800f700f600f500f400f300f200f1
010000ff00fe00fd00fc00fb00fa00f9
01080107010601050104010301020101
0110010f010e010d010c010b010a0109
01180117011601150114011301120111
0120011f011e011d011c011b011a0119
01280127012601250124012301220121
0130012f012e012d012c012b012a0129
01380137013601350134013301320131
0140013f013e013d013c013b013a0139
01480147014601450144014301420141
0150014f014e014d014c014b014a0149
01580157015601550154015301520151
0160015f015e015d015c015b015a0159
01680167016601650164016301620161
0170016f016e016d016c016b016a0169
01780177017601750174017301720171
0180017f017e017d017c017b017a0179
01880187018601850184018301820181
0190018f018e018d018c018b018a0189
01980197019601950194019301920191
01a0019f019e019d019c019b019a0199
01a801a701a601a501a401a301a201a1
01b001af01ae01ad01ac01ab01aa01a9
01b801b701b601b501b401b301b201b1
01c001bf01be01bd01bc01bb01ba01b9
01c801c701c601c501c401c301c201c1
01d001cf01ce01cd01cc01cb01ca01c9
01d801d701d601d501d401d301d201d1
01e001df01de01dd01dc01db01da01d9
01e801e701e601e501e401e301e201e1
01f001ef01ee01ed01ec01eb01ea01e9
01f801f701f601f501f401f301f201f1
020101ff01fe01fd01fc01fb01fa01f9
