00000000000000000000000000000000000000000000000000000000000000000000000000000000000000000000000000000000000000000000000000000000
00000000000000000000000000000000000000000000000000000000000000000000000000000000000000000000000000000000000000000000000000000000
00000000000000000000000000000000000000000000000000000000000000000000000000000000000000000000000000000000000000000000000000000000
00000000000000000000000000000000000000000000000000000000000000000000000000000000000000000000000000000000000000000000000000000000
00000000000000000000000000000000000000000000000000000000000000000000000000000000000000000000000000000000000000000000000000000000
00000000000000000000000000000000000000000000000000000000000000000000000000000000000000000000000000000000000000000000000000000000
00000000000000000000000000000000000000000000000000000000000000000000000000000000000000000000000000000000000000000000000000000000
00000000000000000000000000000000000000000000000000000000000000000000000000000000000000000000000000000000000000000000000000000000
00000000000000000000000000000000000000000000000000000000000000000000000000000000000000000000000000000000000000000000000000000000
00000000000000000000000000000000000000000000000000000000000000000000000000000000000000000000000000000000000000000000000000000000
00000000000000000000000000000000000000000000000000000000000000000000000000000000000000000000000000000000000000000000000000000000
00000000000000000000000000000000000000000000000000000000000000000000000000000000000000000000000000000000000000000000000000000000
00000000000000000000000000000000000000000000000000000000000000000000000000000000000000000000000000000000000000000000000000000000
00000000000000000000000000000000000000000000000000000000000000000000000000000000000000000000000000000000000000000000000000000000
00000000000000000000000000000000000000000000000000000000000000000000000000000000000000000000000000000000000000000000000000000000
00000000000000000000000000000000000000000000000000000000000000000000000000000000000000000000000000000000000000000000000000000000
00000000000000000000000000000000000000000000000000000000000000000000000000000000000000000000000000000000000000000000000000000000
00000000000000000000000000000000000000000000000000000000000000000000000000000000000000000000000000000000000000000000000000000000
00000000000000000000000000000000000000000000000000000000000000000000000000000000000000000000000000000000000000000000000000000000
00000000000000000000000000000000000000000000000000000000000000000000000000000000000000000000000000000000000000000000000000000000
00000000000000000000000000000000000000000000000000000000000000000000000000000000000000000000000000000000000000000000000000000000
00000000000000000000000000000000000000000000000000000000000000000000000000000000000000000000000000000000000000000000000000000000
00000000000000000000000000000000000000000000000000000000000000000000000000000000000000000000000000000000000000000000000000000000
00000000000000000000000000000000000000000000000000000000000000000000000000000000000000000000000000000000000000000000000000000000
00000000000000000000000000000000000000000000000000000000000000000000000000000000000000000000000000000000000000000000000000000000
00000000000000000000000000000000000000000000000000000000000000000000000000000000000000000000000000000000000000000000000000000000
00000000000000000000000000000000000000000000000000000000000000000000000000000000000000000000000000000000000000000000000000000000
00000000000000000000000000000000000000000000000000000000000000000000000000000000000000000000000000000000000000000000000000000000
00000000000000000000000000000000000000000000000000000000000000000000000000000000000000000000000000000000000000000000000000000000
00000000000000000000000000000000000000000000000000000000000000000000000000000000000000000000000000000000000000000000000000000000
00000000000000000000000000000000000000000000000000000000000000000000000000000000000000000000000000000000000000000000000000000000
00000000000000000000000000000000000000000000000000000000000000000000000000000000000000000000000000000000000000000000000000000000
02010201020102010201020102010201020102010201020102010201020102010201020102010201020102010201020102010201020102010201020102010201
02010201020102010201020102010201020102010201020102010201020102010201020102010201020102010201020102010201020102010201020102010201
02010201020102010201020102010201020102010201020102010201020102010201020102010201020102010201020102010201020102010201020102010201
02010201020102010201020102010201020102010201020102010201020102010201020102010201020102010201020102010201020102010201020102010201
02010201020102010201020102010201020102010201020102010201020102010201020102010201020102010201020102010201020102010201020102010201
02010201020102010201020102010201020102010201020102010201020102010201020102010201020102010201020102010201020102010201020102010201
02010201020102010201020102010201020102010201020102010201020102010201020102010201020102010201020102010201020102010201020102010201
02010201020102010201020102010201020102010201020102010201020102010201020102010201020102010201020102010201020102010201020102010201
02010201020102010201020102010201020102010201020102010201020102010201020102010201020102010201020102010201020102010201020102010201
02010201020102010201020102010201020102010201020102010201020102010201020102010201020102010201020102010201020102010201020102010201
02010201020102010201020102010201020102010201020102010201020102010201020102010201020102010201020102010201020102010201020102010201
02010201020102010201020102010201020102010201020102010201020102010201020102010201020102010201020102010201020102010201020102010201
02010201020102010201020102010201020102010201020102010201020102010201020102010201020102010201020102010201020102010201020102010201
02010201020102010201020102010201020102010201020102010201020102010201020102010201020102010201020102010201020102010201020102010201
02010201020102010201020102010201020102010201020102010201020102010201020102010201020102010201020102010201020102010201020102010201
02010201020102010201020102010201020102010201020102010201020102010201020102010201020102010201020102010201020102010201020102010201
02010201020102010201020102010201020102010201020102010201020102010201020102010201020102010201020102010201020102010201020102010201
02010201020102010201020102010201020102010201020102010201020102010201020102010201020102010201020102010201020102010201020102010201
02010201020102010201020102010201020102010201020102010201020102010201020102010201020102010201020102010201020102010201020102010201
02010201020102010201020102010201020102010201020102010201020102010201020102010201020102010201020102010201020102010201020102010201
02010201020102010201020102010201020102010201020102010201020102010201020102010201020102010201020102010201020102010201020102010201
02010201020102010201020102010201020102010201020102010201020102010201020102010201020102010201020102010201020102010201020102010201
02010201020102010201020102010201020102010201020102010201020102010201020102010201020102010201020102010201020102010201020102010201
02010201020102010201020102010201020102010201020102010201020102010201020102010201020102010201020102010201020102010201020102010201
02010201020102010201020102010201020102010201020102010201020102010201020102010201020102010201020102010201020102010201020102010201
02010201020102010201020102010201020102010201020102010201020102010201020102010201020102010201020102010201020102010201020102010201
02010201020102010201020102010201020102010201020102010201020102010201020102010201020102010201020102010201020102010201020102010201
02010201020102010201020102010201020102010201020102010201020102010201020102010201020102010201020102010201020102010201020102010201
02010201020102010201020102010201020102010201020102010201020102010201020102010201020102010201020102010201020102010201020102010201
02010201020102010201020102010201020102010201020102010201020102010201020102010201020102010201020102010201020102010201020102010201
02010201020102010201020102010201020102010201020102010201020102010201020102010201020102010201020102010201020102010201020102010201
02010201020102010201020102010201020102010201020102010201020102010201020102010201020102010201020102010201020102010201020102010201
01ff01ff01ff01ff01ff01ff01ff01ff01ff01ff01ff01ff01ff01ff01ff01ff01ff01ff01ff01ff01ff01ff01ff01ff01ff01ff01ff01ff01ff01ff01ff01ff
01ff01ff01ff01ff01ff01ff01ff01ff01ff01ff01ff01ff01ff01ff01ff01ff01ff01ff01ff01ff01ff01ff01ff01ff01ff01ff01ff01ff01ff01ff01ff01ff
01ff01ff01ff01ff01ff01ff01ff01ff01ff01ff01ff01ff01ff01ff01ff01ff01ff01ff01ff01ff01ff01ff01ff01ff01ff01ff01ff01ff01ff01ff01ff01ff
01ff01ff01ff01ff01ff01ff01ff01ff01ff01ff01ff01ff01ff01ff01ff01ff01ff01ff01ff01ff01ff01ff01ff01ff01ff01ff01ff01ff01ff01ff01ff01ff
01ff01ff01ff01ff01ff01ff01ff01ff01ff01ff01ff01ff01ff01ff01ff01ff01ff01ff01ff01ff01ff01ff01ff01ff01ff01ff01ff01ff01ff01ff01ff01ff
01ff01ff01ff01ff01ff01ff01ff01ff01ff01ff01ff01ff01ff01ff01ff01ff01ff01ff01ff01ff01ff01ff01ff01ff01ff01ff01ff01ff01ff01ff01ff01ff
01ff01ff01ff01ff01ff01ff01ff01ff01ff01ff01ff01ff01ff01ff01ff01ff01ff01ff01ff01ff01ff01ff01ff01ff01ff01ff01ff01ff01ff01ff01ff01ff
01ff01ff01ff01ff01ff01ff01ff01ff01ff01ff01ff01ff01ff01ff01ff01ff01ff01ff01ff01ff01ff01ff01ff01ff01ff01ff01ff01ff01ff01ff01ff01ff
01ff01ff01ff01ff01ff01ff01ff01ff01ff01ff01ff01ff01ff01ff01ff01ff01ff01ff01ff01ff01ff01ff01ff01ff01ff01ff01ff01ff01ff01ff01ff01ff
01ff01ff01ff01ff01ff01ff01ff01ff01ff01ff01ff01ff01ff01ff01ff01ff01ff01ff01ff01ff01ff01ff01ff01ff01ff01ff01ff01ff01ff01ff01ff01ff
01ff01ff01ff01ff01ff01ff01ff01ff01ff01ff01ff01ff01ff01ff01ff01ff01ff01ff01ff01ff01ff01ff01ff01ff01ff01ff01ff01ff01ff01ff01ff01ff
01ff01ff01ff01ff01ff01ff01ff01ff01ff01ff01ff01ff01ff01ff01ff01ff01ff01ff01ff01ff01ff01ff01ff01ff01ff01ff01ff01ff01ff01ff01ff01ff
01ff01ff01ff01ff01ff01ff01ff01ff01ff01ff01ff01ff01ff01ff01ff01ff01ff01ff01ff01ff01ff01ff01ff01ff01ff01ff01ff01ff01ff01ff01ff01ff
01ff01ff01ff01ff01ff01ff01ff01ff01ff01ff01ff01ff01ff01ff01ff01ff01ff01ff01ff01ff01ff01ff01ff01ff01ff01ff01ff01ff01ff01ff01ff01ff
01ff01ff01ff01ff01ff01ff01ff01ff01ff01ff01ff01ff01ff01ff01ff01ff01ff01ff01ff01ff01ff01ff01ff01ff01ff01ff01ff01ff01ff01ff01ff01ff
01ff01ff01ff01ff01ff01ff01ff01ff01ff01ff01ff01ff01ff01ff01ff01ff01ff01ff01ff01ff01ff01ff01ff01ff01ff01ff01ff01ff01ff01ff01ff01ff
01ff01ff01ff01ff01ff01ff01ff01ff01ff01ff01ff01ff01ff01ff01ff01ff01ff01ff01ff01ff01ff01ff01ff01ff01ff01ff01ff01ff01ff01ff01ff01ff
01ff01ff01ff01ff01ff01ff01ff01ff01ff01ff01ff01ff01ff01ff01ff01ff01ff01ff01ff01ff01ff01ff01ff01ff01ff01ff01ff01ff01ff01ff01ff01ff
01ff01ff01ff01ff01ff01ff01ff01ff01ff01ff01ff01ff01ff01ff01ff01ff01ff01ff01ff01ff01ff01ff01ff01ff01ff01ff01ff01ff01ff01ff01ff01ff
01ff01ff01ff01ff01ff01ff01ff01ff01ff01ff01ff01ff01ff01ff01ff01ff01ff01ff01ff01ff01ff01ff01ff01ff01ff01ff01ff01ff01ff01ff01ff01ff
01ff01ff01ff01ff01ff01ff01ff01ff01ff01ff01ff01ff01ff01ff01ff01ff01ff01ff01ff01ff01ff01ff01ff01ff01ff01ff01ff01ff01ff01ff01ff01ff
01ff01ff01ff01ff01ff01ff01ff01ff01ff01ff01ff01ff01ff01ff01ff01ff01ff01ff01ff01ff01ff01ff01ff01ff01ff01ff01ff01ff01ff01ff01ff01ff
01ff01ff01ff01ff01ff01ff01ff01ff01ff01ff01ff01ff01ff01ff01ff01ff01ff01ff01ff01ff01ff01ff01ff01ff01ff01ff01ff01ff01ff01ff01ff01ff
01ff01ff01ff01ff01ff01ff01ff01ff01ff01ff01ff01ff01ff01ff01ff01ff01ff01ff01ff01ff01ff01ff01ff01ff01ff01ff01ff01ff01ff01ff01ff01ff
01ff01ff01ff01ff01ff01ff01ff01ff01ff01ff01ff01ff01ff01ff01ff01ff01ff01ff01ff01ff01ff01ff01ff01ff01ff01ff01ff01ff01ff01ff01ff01ff
01ff01ff01ff01ff01ff01ff01ff01ff01ff01ff01ff01ff01ff01ff01ff01ff01ff01ff01ff01ff01ff01ff01ff01ff01ff01ff01ff01ff01ff01ff01ff01ff
01ff01ff01ff01ff01ff01ff01ff01ff01ff01ff01ff01ff01ff01ff01ff01ff01ff01ff01ff01ff01ff01ff01ff01ff01ff01ff01ff01ff01ff01ff01ff01ff
01ff01ff01ff01ff01ff01ff01ff01ff01ff01ff01ff01ff01ff01ff01ff01ff01ff01ff01ff01ff01ff01ff01ff01ff01ff01ff01ff01ff01ff01ff01ff01ff
01ff01ff01ff01ff01ff01ff01ff01ff01ff01ff01ff01ff01ff01ff01ff01ff01ff01ff01ff01ff01ff01ff01ff01ff01ff01ff01ff01ff01ff01ff01ff01ff
01ff01ff01ff01ff01ff01ff01ff01ff01ff01ff01ff01ff01ff01ff01ff01ff01ff01ff01ff01ff01ff01ff01ff01ff01ff01ff01ff01ff01ff01ff01ff01ff
01ff01ff01ff01ff01ff01ff01ff01ff01ff01ff01ff01ff01ff01ff01ff01ff01ff01ff01ff01ff01ff01ff01ff01ff01ff01ff01ff01ff01ff01ff01ff01ff
01ff01ff01ff01ff01ff01ff01ff01ff01ff01ff01ff01ff01ff01ff01ff01ff01ff01ff01ff01ff01ff01ff01ff01ff01ff01ff01ff01ff01ff01ff01ff01ff
01ff020101ff020101ff020101ff020101ff020101ff020101ff020101ff020101ff020101ff020101ff020101ff020101ff020101ff020101ff020101ff0201
01ff020101ff020101ff020101ff020101ff020101ff020101ff020101ff020101ff020101ff020101ff020101ff020101ff020101ff020101ff020101ff0201
01ff020101ff020101ff020101ff020101ff020101ff020101ff020101ff020101ff020101ff020101ff020101ff020101ff020101ff020101ff020101ff0201
01ff020101ff020101ff020101ff020101ff020101ff020101ff020101ff020101ff020101ff020101ff020101ff020101ff020101ff020101ff020101ff0201
01ff020101ff020101ff020101ff020101ff020101ff020101ff020101ff020101ff020101ff020101ff020101ff020101ff020101ff020101ff020101ff0201
01ff020101ff020101ff020101ff020101ff020101ff020101ff020101ff020101ff020101ff020101ff020101ff020101ff020101ff020101ff020101ff0201
01ff020101ff020101ff020101ff020101ff020101ff020101ff020101ff020101ff020101ff020101ff020101ff020101ff020101ff020101ff020101ff0201
01ff020101ff020101ff020101ff020101ff020101ff020101ff020101ff020101ff020101ff020101ff020101ff020101ff020101ff020101ff020101ff0201
01ff020101ff020101ff020101ff020101ff020101ff020101ff020101ff020101ff020101ff020101ff020101ff020101ff020101ff020101ff020101ff0201
01ff020101ff020101ff020101ff020101ff020101ff020101ff020101ff020101ff020101ff020101ff020101ff020101ff020101ff020101ff020101ff0201
01ff020101ff020101ff020101ff020101ff020101ff020101ff020101ff020101ff020101ff020101ff020101ff020101ff020101ff020101ff020101ff0201
01ff020101ff020101ff020101ff020101ff020101ff020101ff020101ff020101ff020101ff020101ff020101ff020101ff020101ff020101ff020101ff0201
01ff020101ff020101ff020101ff020101ff020101ff020101ff020101ff020101ff020101ff020101ff020101ff020101ff020101ff020101ff020101ff0201
01ff020101ff020101ff020101ff020101ff020101ff020101ff020101ff020101ff020101ff020101ff020101ff020101ff020101ff020101ff020101ff0201
01ff020101ff020101ff020101ff020101ff020101ff020101ff020101ff020101ff020101ff020101ff020101ff020101ff020101ff020101ff020101ff0201
01ff020101ff020101ff020101ff020101ff020101ff020101ff020101ff020101ff020101ff020101ff020101ff020101ff020101ff020101ff020101ff0201
01ff020101ff020101ff020101ff020101ff020101ff020101ff020101ff020101ff020101ff020101ff020101ff020101ff020101ff020101ff020101ff0201
01ff020101ff020101ff020101ff020101ff020101ff020101ff020101ff020101ff020101ff020101ff020101ff020101ff020101ff020101ff020101ff0201
01ff020101ff020101ff020101ff020101ff020101ff020101ff020101ff020101ff020101ff020101ff020101ff020101ff020101ff020101ff020101ff0201
01ff020101ff020101ff020101ff020101ff020101ff020101ff020101ff020101ff020101ff020101ff020101ff020101ff020101ff020101ff020101ff0201
01ff020101ff020101ff020101ff020101ff020101ff020101ff020101ff020101ff020101ff020101ff020101ff020101ff020101ff020101ff020101ff0201
01ff020101ff020101ff020101ff020101ff020101ff020101ff020101ff020101ff020101ff020101ff020101ff020101ff020101ff020101ff020101ff0201
01ff020101ff020101ff020101ff020101ff020101ff020101ff020101ff020101ff020101ff020101ff020101ff020101ff020101ff020101ff020101ff0201
01ff020101ff020101ff020101ff020101ff020101ff020101ff020101ff020101ff020101ff020101ff020101ff020101ff020101ff020101ff020101ff0201
01ff020101ff020101ff020101ff020101ff020101ff020101ff020101ff020101ff020101ff020101ff020101ff020101ff020101ff020101ff020101ff0201
01ff020101ff020101ff020101ff020101ff020101ff020101ff020101ff020101ff020101ff020101ff020101ff020101ff020101ff020101ff020101ff0201
01ff020101ff020101ff020101ff020101ff020101ff020101ff020101ff020101ff020101ff020101ff020101ff020101ff020101ff020101ff020101ff0201
01ff020101ff020101ff020101ff020101ff020101ff020101ff020101ff020101ff020101ff020101ff020101ff020101ff020101ff020101ff020101ff0201
01ff020101ff020101ff020101ff020101ff020101ff020101ff020101ff020101ff020101ff020101ff020101ff020101ff020101ff020101ff020101ff0201
01ff020101ff020101ff020101ff020101ff020101ff020101ff020101ff020101ff020101ff020101ff020101ff020101ff020101ff020101ff020101ff0201
01ff020101ff020101ff020101ff020101ff020101ff020101ff020101ff020101ff020101ff020101ff020101ff020101ff020101ff020101ff020101ff0201
01ff020101ff020101ff020101ff020101ff020101ff020101ff020101ff020101ff020101ff020101ff020101ff020101ff020101ff020101ff020101ff0201
00000000000000000000000000000000000000000000000000000000000000000000000000000000000000000000000000000000000000000000000000000001
00000000000000000000000000000000000000000000000000000000000000000000000000000000000000000000000000000000000000000000000000000000
00000000000000000000000000000000000000000000000000000000000000000000000000000000000000000000000000000000000000000000000000000000
00000000000000000000000000000000000000000000000000000000000000000000000000000000000000000000000000000000000000000000000000000000
00000000000000000000000000000000000000000000000000000000000000000000000000000000000000000000000000000000000000000000000000000000
00000000000000000000000000000000000000000000000000000000000000000000000000000000000000000000000000000000000000000000000000000000
00000000000000000000000000000000000000000000000000000000000000000000000000000000000000000000000000000000000000000000000000000000
00000000000000000000000000000000000000000000000000000000000000000000000000000000000000000000000000000000000000000000000000000000
00000000000000000000000000000000000000000000000000000000000000000000000000000000000000000000000000000000000000000000000000000000
00000000000000000000000000000000000000000000000000000000000000000000000000000000000000000000000000000000000000000000000000000000
00000000000000000000000000000000000000000000000000000000000000000000000000000000000000000000000000000000000000000000000000000000
00000000000000000000000000000000000000000000000000000000000000000000000000000000000000000000000000000000000000000000000000000000
00000000000000000000000000000000000000000000000000000000000000000000000000000000000000000000000000000000000000000000000000000000
00000000000000000000000000000000000000000000000000000000000000000000000000000000000000000000000000000000000000000000000000000000
00000000000000000000000000000000000000000000000000000000000000000000000000000000000000000000000000000000000000000000000000000000
00000000000000000000000000000000000000000000000000000000000000000000000000000000000000000000000000000000000000000000000000000000
00000000000000000000000000000000000000000000000000000000000000000000000000000000000000000000000000000000000000000000000000000000
00000000000000000000000000000000000000000000000000000000000000000000000000000000000000000000000000000000000000000000000000000000
00000000000000000000000000000000000000000000000000000000000000000000000000000000000000000000000000000000000000000000000000000000
00000000000000000000000000000000000000000000000000000000000000000000000000000000000000000000000000000000000000000000000000000000
00000000000000000000000000000000000000000000000000000000000000000000000000000000000000000000000000000000000000000000000000000000
00000000000000000000000000000000000000000000000000000000000000000000000000000000000000000000000000000000000000000000000000000000
00000000000000000000000000000000000000000000000000000000000000000000000000000000000000000000000000000000000000000000000000000000
00000000000000000000000000000000000000000000000000000000000000000000000000000000000000000000000000000000000000000000000000000000
00000000000000000000000000000000000000000000000000000000000000000000000000000000000000000000000000000000000000000000000000000000
00000000000000000000000000000000000000000000000000000000000000000000000000000000000000000000000000000000000000000000000000000000
00000000000000000000000000000000000000000000000000000000000000000000000000000000000000000000000000000000000000000000000000000000
00000000000000000000000000000000000000000000000000000000000000000000000000000000000000000000000000000000000000000000000000000000
00000000000000000000000000000000000000000000000000000000000000000000000000000000000000000000000000000000000000000000000000000000
00000000000000000000000000000000000000000000000000000000000000000000000000000000000000000000000000000000000000000000000000000000
00000000000000000000000000000000000000000000000000000000000000000000000000000000000000000000000000000000000000000000000000000000
00000000000000000000000000000000000000000000000000000000000000000000000000000000000000000000000000000000000000000000000000000000
00000000000000000000000000000000000000000000000000000000000000000000000000000000000000000000000000000000000003ff0000000000000000
00000000000000000000000000000000000000000000000000000000000000000000000000000000000000000000000000000000000000000000000000000000
00000000000000000000000000000000000000000000000000000000000000000000000000000000000000000000000000000000000000000000000000000000
00000000000000000000000000000000000000000000000000000000000000000000000000000000000000000000000000000000000000000000000000000000
00000000000000000000000000000000000000000000000000000000000000000000000000000000000000000000000000000000000000000000000000000000
00000000000000000000000000000000000000000000000000000000000000000000000000000000000000000000000000000000000000000000000000000000
00000000000000000000000000000000000000000000000000000000000000000000000000000000000000000000000000000000000000000000000000000000
00000000000000000000000000000000000000000000000000000000000000000000000000000000000000000000000000000000000000000000000000000000
00000000000000000000000000000000000000000000000000000000000000000000000000000000000000000000000000000000000000000000000000000000
00000000000000000000000000000000000000000000000000000000000000000000000000000000000000000000000000000000000000000000000000000000
00000000000000000000000000000000000000000000000000000000000000000000000000000000000000000000000000000000000000000000000000000000
00000000000000000000000000000000000000000000000000000000000000000000000000000000000000000000000000000000000000000000000000000000
00000000000000000000000000000000000000000000000000000000000000000000000000000000000000000000000000000000000000000000000000000000
00000000000000000000000000000000000000000000000000000000000000000000000000000000000000000000000000000000000000000000000000000000
00000000000000000000000000000000000000000000000000000000000000000000000000000000000000000000000000000000000000000000000000000000
00000000000000000000000000000000000000000000000000000000000000000000000000000000000000000000000000000000000000000000000000000000
00000000000000000000000000000000000000000000000000000000000000000000000000000000000000000000000000000000000000000000000000000000
00000000000000000000000000000000000000000000000000000000000000000000000000000000000000000000000000000000000000000000000000000000
00000000000000000000000000000000000000000000000000000000000000000000000000000000000000000000000000000000000000000000000000000000
00000000000000000000000000000000000000000000000000000000000000000000000000000000000000000000000000000000000000000000000000000000
00000000000000000000000000000000000000000000000000000000000000000000000000000000000000000000000000000000000000000000000000000000
00000000000000000000000000000000000000000000000000000000000000000000000000000000000000000000000000000000000000000000000000000000
00000000000000000000000000000000000000000000000000000000000000000000000000000000000000000000000000000000000000000000000000000000
00000000000000000000000000000000000000000000000000000000000000000000000000000000000000000000000000000000000000000000000000000000
00000000000000000000000000000000000000000000000000000000000000000000000000000000000000000000000000000000000000000000000000000000
00000000000000000000000000000000000000000000000000000000000000000000000000000000000000000000000000000000000000000000000000000000
00000000000000000000000000000000000000000000000000000000000000000000000000000000000000000000000000000000000000000000000000000000
00000000000000000000000000000000000000000000000000000000000000000000000000000000000000000000000000000000000000000000000000000000
00000000000000000000000000000000000000000000000000000000000000000000000000000000000000000000000000000000000000000000000000000000
00000000000000000000000000000000000000000000000000000000000000000000000000000000000000000000000000000000000000000000000000000000
00000000000000000000000000000000000000000000000000000000000000000000000000000000000000000000000000000000000000000000000000000000
00000000000000000000000000000000000000000000000000000000000000000000000000000000000000000000000000000000000000000000000000000000
00000000000000000000000000000000000000000000000000000000000000000000000000000000000000000000000100000000000000000000000000000000
00000000000000000000000000000000000000000000000000000000000000000000000000000000000000000000000000000000000000000000000000000000
00000000000000000000000000000000000000000000000000000000000000000000000000000000000000000000000000000000000000000000000000000000
00000000000000000000000000000000000000000000000000000000000000000000000000000000000000000000000000000000000000000000000000000000
00000000000000000000000000000000000000000000000000000000000000000000000000000000000000000000000000000000000000000000000000000000
00000000000000000000000000000000000000000000000000000000000000000000000000000000000000000000000000000000000000000000000000000000
00000000000000000000000000000000000000000000000000000000000000000000000000000000000000000000000000000000000000000000000000000000
00000000000000000000000000000000000000000000000000000000000000000000000000000000000000000000000000000000000000000000000000000000
00000000000000000000000000000000000000000000000000000000000000000000000000000000000000000000000000000000000000000000000000000000
00000000000000000000000000000000000000000000000000000000000000000000000000000000000000000000000000000000000000000000000000000000
00000000000000000000000000000000000000000000000000000000000000000000000000000000000000000000000000000000000000000000000000000000
00000000000000000000000000000000000000000000000000000000000000000000000000000000000000000000000000000000000000000000000000000000
00000000000000000000000000000000000000000000000000000000000000000000000000000000000000000000000000000000000000000000000000000000
00000000000000000000000000000000000000000000000000000000000000000000000000000000000000000000000000000000000000000000000000000000
00000000000000000000000000000000000000000000000000000000000000000000000000000000000000000000000000000000000000000000000000000000
00000000000000000000000000000000000000000000000000000000000000000000000000000000000000000000000000000000000000000000000000000000
00000000000000000000000000000000000000000000000000000000000000000000000000000000000000000000000000000000000000000000000000000000
00000000000000000000000000000000000000000000000000000000000000000000000000000000000000000000000000000000000000000000000000000000
00000000000000000000000000000000000000000000000000000000000000000000000000000000000000000000000000000000000000000000000000000000
00000000000000000000000000000000000000000000000000000000000000000000000000000000000000000000000000000000000000000000000000000000
00000000000000000000000000000000000000000000000000000000000000000000000000000000000000000000000000000000000000000000000000000000
00000000000000000000000000000000000000000000000000000000000000000000000000000000000000000000000000000000000000000000000000000000
00000000000000000000000000000000000000000000000000000000000000000000000000000000000000000000000000000000000000000000000000000000
00000000000000000000000000000000000000000000000000000000000000000000000000000000000000000000000000000000000000000000000000000000
00000000000000000000000000000000000000000000000000000000000000000000000000000000000000000000000000000000000000000000000000000000
00000000000000000000000000000000000000000000000000000000000000000000000000000000000000000000000000000000000000000000000000000000
00000000000000000000000000000000000000000000000000000000000000000000000000000000000000000000000000000000000000000000000000000000
00000000000000000000000000000000000000000000000000000000000000000000000000000000000000000000000000000000000000000000000000000000
00000000000000000000000000000000000000000000000000000000000000000000000000000000000000000000000000000000000000000000000000000000
00000000000000000000000000000000000000000000000000000000000000000000000000000000000000000000000000000000000000000000000000000000
00000000000000000000000000000000000000000000000000000000000000000000000000000000000000000000000000000000000000000000000000000000
00000000000000000000000000000000000000000000000000000000000000000000000000000000000000000000000000000000000000000000000000000000
00000000000000000000000000000000000000000000000000000000000000000000000000000000000000000000000000000000000000000000000000000000
00000000000000000000000000000000000000000000000000000000000000000000000000000000000000000000000000000000000000000000000000000000
00000000000000000000000000000000000000000000000000000000000000000000000000000000000000000000000000000000000000000000000000000000
00000000000000000000000000000000000000000000000000000000000000000000000000000000000000000000000000000000000000000000000000000000
00000000000000000000000000000000000000000000000000000000000000000000000000000000000000000000000000000000000000000000000000000000
00000000000000000000000000000000000000000000000000000000000000000000000000000000000000000000000000000000000000000000000000000000
00000000000000000000000000000000000000000000000000000000000000000000000000000000000000000000000000000000000000000000000000000000
00000000000000000000000000000000000000000000000000000000000000000000000000000000000000000000000000000000000000000000000000000000
00000000000000000000000000000000000000000000000000000000000000000000000000000000000000000000000000000000000000000000000000000000
00000000000000000000000000000000000000000000000000000000000000000000000000000000000000000000000000000000000000000000000000000000
00000000000000000000000000000000000000000000000000000000000000000000000000000000000000000000000000000000000000000000000000000000
00000000000000000000000000000000000000000000000000000000000000000000000000000000000000000000000000000000000000000000000000000000
00000000000000000000000000000000000000000000000000000000000000000000000000000000000000000000000000000000000000000000000000000000
00000000000000000000000000000000000000000000000000000000000000000000000000000000000000000000000000000000000000000000000000000000
00000000000000000000000000000000000000000000000000000000000000000000000000000000000000000000000000000000000000000000000000000000
00000000000000000000000000000000000000000000000000000000000000000000000000000000000000000000000000000000000000000000000000000000
00000000000000000000000000000000000000000000000000000000000000000000000000000000000000000000000000000000000000000000000000000000
00000000000000000000000000000000000000000000000000000000000000000000000000000000000000000000000000000000000000000000000000000000
00000000000000000000000000000000000000000000000000000000000000000000000000000000000000000000000000000000000000000000000000000000
00000000000000000000000000000000000000000000000000000000000000000000000000000000000000000000000000000000000000000000000000000000
00000000000000000000000000000000000000000000000000000000000000000000000000000000000000000000000000000000000000000000000000000000
00000000000000000000000000000000000000000000000000000000000000000000000000000000000000000000000000000000000000000000000000000000
00000000000000000000000000000000000000000000000000000000000000000000000000000000000000000000000000000000000000000000000000000000
00000000000000000000000000000000000000000000000000000000000000000000000000000000000000000000000000000000000000000000000000000000
00000000000000000000000000000000000000000000000000000000000000000000000000000000000000000000000000000000000000000000000000000000
00000000000000000000000000000000000000000000000000000000000000000000000000000000000000000000000000000000000000000000000000000000
00000000000000000000000000000000000000000000000000000000000000000000000000000000000000000000000000000000000000000000000000000000
00000000000000000000000000000000000000000000000000000000000000000000000000000000000000000000000000000000000000000000000000000000
00000000000000000000000000000000000000000000000000000000000000000000000000000000000000000000000000000000000000000000000000000000
00000000000000000000000000000000000000000000000000000000000000000000000000000000000000000000000000000000000000000000000000000000
00000000000000000000000000000000000000000000000000000000000000000000000000000000000000000000000000000000000000000000000000000000
0000000000000000000000000000000000000000000003ff00000000000000000000000000000000000000000000000000000000000000000000000000000000
00000000000000000000000000000000000000000000000000000000000000000000000000000000000000000000000000000000000000000000000000000000
00000000000000000000000000000000000000000000000000000000000000000000000000000000000000000000000000000000000000000000000000000000
00000000000000000000000000000000000000000000000000000000000000000000000000000000000000000000000000000000000000000000000000000000
00000000000000000000000000000000000000000000000000000000000000000000000000000000000000000000000000000000000000000000000000000000
00000000000000000000000000000000000000000000000000000000000000000000000000000000000000000000000000000000000000000000000000000000
00000000000000000000000000000000000000000000000000000000000000000000000000000000000000000000000000000000000000000000000000000000
00000000000000000000000000000000000000000000000000000000000000000000000000000000000000000000000000000000000000000000000000000000
00000000000000000000000000000000000000000000000000000000000000000000000000000000000000000000000000000000000000000000000000000000
00000000000000000000000000000000000000000000000000000000000000000000000000000000000000000000000000000000000000000000000000000000
00000000000000000000000000000000000000000000000000000000000000000000000000000000000000000000000000000000000000000000000000000000
00000000000000000000000000000000000000000000000000000000000000000000000000000000000000000000000000000000000000000000000000000000
00000000000000000000000000000000000000000000000000000000000000000000000000000000000000000000000000000000000000000000000000000000
00000000000000000000000000000000000000000000000000000000000000000000000000000000000000000000000000000000000000000000000000000000
00000000000000000000000000000000000000000000000000000000000000000000000000000000000000000000000000000000000000000000000000000000
00000000000000000000000000000000000000000000000000000000000000000000000000000000000000000000000000000000000000000000000000000000
00000000000000000000000000000000000000000000000000000000000000000000000000000000000000000000000000000000000000000000000000000000
00000000000000000000000000000000000000000000000000000000000000000000000000000000000000000000000000000000000000000000000000000000
00000000000000000000000000000000000000000000000000000000000000000000000000000000000000000000000000000000000000000000000000000000
00000000000000000000000000000000000000000000000000000000000000000000000000000000000000000000000000000000000000000000000000000000
00000000000000000000000000000000000000000000000000000000000000000000000000000000000000000000000000000000000000000000000000000000
00000000000000000000000000000000000000000000000000000000000000000000000000000000000000000000000000000000000000000000000000000000
00000000000000000000000000000000000000000000000000000000000000000000000000000000000000000000000000000000000000000000000000000000
00000000000000000000000000000000000000000000000000000000000000000000000000000000000000000000000000000000000000000000000000000000
00000000000000000000000000000000000000000000000000000000000000000000000000000000000000000000000000000000000000000000000000000000
00000000000000000000000000000000000000000000000000000000000000000000000000000000000000000000000000000000000000000000000000000000
00000000000000000000000000000000000000000000000000000000000000000000000000000000000000000000000000000000000000000000000000000000
00000000000000000000000000000000000000000000000000000000000000000000000000000000000000000000000000000000000000000000000000000000
00000000000000000000000000000000000000000000000000000000000000000000000000000000000000000000000000000000000000000000000000000000
00000000000000000000000000000000000000000000000000000000000000000000000000000000000000000000000000000000000000000000000000000000
00000000000000000000000000000000000000000000000000000000000000000000000000000000000000000000000000000000000000000000000000000000
00000000000000000000000000000000000000000000000000000000000000000000000000000000000000000000000000000000000000000000000000000000
00000000000000000000000000000001000000000000000000000000000000000000000000000000000000000000000000000000000000000000000000000000
00000000000000000000000000000000000000000000000000000000000000000000000000000000000000000000000000000000000000000000000000000000
00000000000000000000000000000000000000000000000000000000000000000000000000000000000000000000000000000000000000000000000000000000
00000000000000000000000000000000000000000000000000000000000000000000000000000000000000000000000000000000000000000000000000000000
00000000000000000000000000000000000000000000000000000000000000000000000000000000000000000000000000000000000000000000000000000000
00000000000000000000000000000000000000000000000000000000000000000000000000000000000000000000000000000000000000000000000000000000
00000000000000000000000000000000000000000000000000000000000000000000000000000000000000000000000000000000000000000000000000000000
00000000000000000000000000000000000000000000000000000000000000000000000000000000000000000000000000000000000000000000000000000000
00000000000000000000000000000000000000000000000000000000000000000000000000000000000000000000000000000000000000000000000000000000
00000000000000000000000000000000000000000000000000000000000000000000000000000000000000000000000000000000000000000000000000000000
00000000000000000000000000000000000000000000000000000000000000000000000000000000000000000000000000000000000000000000000000000000
00000000000000000000000000000000000000000000000000000000000000000000000000000000000000000000000000000000000000000000000000000000
00000000000000000000000000000000000000000000000000000000000000000000000000000000000000000000000000000000000000000000000000000000
00000000000000000000000000000000000000000000000000000000000000000000000000000000000000000000000000000000000000000000000000000000
00000000000000000000000000000000000000000000000000000000000000000000000000000000000000000000000000000000000000000000000000000000
00000000000000000000000000000000000000000000000000000000000000000000000000000000000000000000000000000000000000000000000000000000
00000000000000000000000000000000000000000000000000000000000000000000000000000000000000000000000000000000000000000000000000000000
00000000000000000000000000000000000000000000000000000000000000000000000000000000000000000000000000000000000000000000000000000000
00000000000000000000000000000000000000000000000000000000000000000000000000000000000000000000000000000000000000000000000000000000
00000000000000000000000000000000000000000000000000000000000000000000000000000000000000000000000000000000000000000000000000000000
00000000000000000000000000000000000000000000000000000000000000000000000000000000000000000000000000000000000000000000000000000000
00000000000000000000000000000000000000000000000000000000000000000000000000000000000000000000000000000000000000000000000000000000
00000000000000000000000000000000000000000000000000000000000000000000000000000000000000000000000000000000000000000000000000000000
00000000000000000000000000000000000000000000000000000000000000000000000000000000000000000000000000000000000000000000000000000000
00000000000000000000000000000000000000000000000000000000000000000000000000000000000000000000000000000000000000000000000000000000
00000000000000000000000000000000000000000000000000000000000000000000000000000000000000000000000000000000000000000000000000000000
00000000000000000000000000000000000000000000000000000000000000000000000000000000000000000000000000000000000000000000000000000000
00000000000000000000000000000000000000000000000000000000000000000000000000000000000000000000000000000000000000000000000000000000
00000000000000000000000000000000000000000000000000000000000000000000000000000000000000000000000000000000000000000000000000000000
00000000000000000000000000000000000000000000000000000000000000000000000000000000000000000000000000000000000000000000000000000000
00000000000000000000000000000000000000000000000000000000000000000000000000000000000000000000000000000000000000000000000000000000
00000000000000000000000000000000000000000000000000000000000000000000000000000000000000000000000000000000000000000000000000000000
00000000000003ff0000000000000000000000000000000000000000000000000000000000000000000000000000000000000000000000000000000000000000
00000000000000000000000000000000000000000000000000000000000000000000000000000001000000000000000000000000000000000000000000000000
00000000000000000000000000000000000000000000000000000000000000000000000000000000000000000000000000000000000000000000000000000000
00000000000000000000000000000000000000000000000000000000000000000000000000000000000000000000000000000000000000000000000000000000
00000000000000000000000000000000000000000000000000000000000000000000000000000000000000000000000000000000000000000000000000000000
00000000000000000000000000000000000000000000000000000000000000000000000000000000000000000000000000000000000000000000000000000000
00000000000000000000000000000000000000000000000000000000000000000000000000000000000000000000000000000000000000000000000000000000
00000000000000000000000000000000000000000000000000000000000000000000000000000000000000000000000000000000000000000000000000000000
00000000000000000000000000000000000000000000000000000000000000000000000000000000000000000000000000000000000000000000000000000000
00000000000000000000000000000000000000000000000000000000000000000000000000000000000000000000000000000000000000000000000000000000
00000000000000000000000000000000000000000000000000000000000000000000000000000000000000000000000000000000000000000000000000000000
00000000000000000000000000000000000000000000000000000000000000000000000000000000000000000000000000000000000000000000000000000000
00000000000000000000000000000000000000000000000000000000000000000000000000000000000000000000000000000000000000000000000000000000
00000000000000000000000000000000000000000000000000000000000000000000000000000000000000000000000000000000000000000000000000000000
00000000000000000000000000000000000000000000000000000000000000000000000000000000000000000000000000000000000000000000000000000000
00000000000000000000000000000000000000000000000000000000000000000000000000000000000000000000000000000000000000000000000000000000
00000000000000000000000000000000000000000000000000000000000000000000000000000000000000000000000000000000000000000000000000000000
00000000000000000000000000000000000000000000000000000000000000000000000000000000000000000000000000000000000000000000000000000000
00000000000000000000000000000000000000000000000000000000000000000000000000000000000000000000000000000000000000000000000000000000
00000000000000000000000000000000000000000000000000000000000000000000000000000000000000000000000000000000000000000000000000000000
00000000000000000000000000000000000000000000000000000000000000000000000000000000000000000000000000000000000000000000000000000000
00000000000000000000000000000000000000000000000000000000000000000000000000000000000000000000000000000000000000000000000000000000
00000000000000000000000000000000000000000000000000000000000000000000000000000000000000000000000000000000000000000000000000000000
00000000000000000000000000000000000000000000000000000000000000000000000000000000000000000000000000000000000000000000000000000000
00000000000000000000000000000000000000000000000000000000000000000000000000000000000000000000000000000000000000000000000000000000
00000000000000000000000000000000000000000000000000000000000000000000000000000000000000000000000000000000000000000000000000000000
00000000000000000000000000000000000000000000000000000000000000000000000000000000000000000000000000000000000000000000000000000000
00000000000000000000000000000000000000000000000000000000000000000000000000000000000000000000000000000000000000000000000000000000
00000000000000000000000000000000000000000000000000000000000000000000000000000000000000000000000000000000000000000000000000000000
00000000000000000000000000000000000000000000000000000000000000000000000000000000000000000000000000000000000000000000000000000000
00000000000000000000000000000000000000000000000000000000000000000000000000000000000000000000000000000000000000000000000000000000
00000000000000000000000000000000000000000000000000000000000000000000000000000000000000000000000000000000000000000000000000000000
00000000000000000000000000000000000000000000000000000000000000000000000000000000000000000000000000000000000000000000000000000000
00000000000000000000000000000000000000000000000000000000000003ff0000000000000000000000000000000000000000000000000000000000000000
00000000000000000000000000000000000000000000000000000000000000000000000000000000000000000000000000000000000000000000000000000000
00000000000000000000000000000000000000000000000000000000000000000000000000000000000000000000000000000000000000000000000000000000
00000000000000000000000000000000000000000000000000000000000000000000000000000000000000000000000000000000000000000000000000000000
00000000000000000000000000000000000000000000000000000000000000000000000000000000000000000000000000000000000000000000000000000000
00000000000000000000000000000000000000000000000000000000000000000000000000000000000000000000000000000000000000000000000000000000
00000000000000000000000000000000000000000000000000000000000000000000000000000000000000000000000000000000000000000000000000000000
00000000000000000000000000000000000000000000000000000000000000000000000000000000000000000000000000000000000000000000000000000000
00000000000000000000000000000000000000000000000000000000000000000000000000000000000000000000000000000000000000000000000000000000
00000000000000000000000000000000000000000000000000000000000000000000000000000000000000000000000000000000000000000000000000000000
00000000000000000000000000000000000000000000000000000000000000000000000000000000000000000000000000000000000000000000000000000000
00000000000000000000000000000000000000000000000000000000000000000000000000000000000000000000000000000000000000000000000000000000
00000000000000000000000000000000000000000000000000000000000000000000000000000000000000000000000000000000000000000000000000000000
00000000000000000000000000000000000000000000000000000000000000000000000000000000000000000000000000000000000000000000000000000000
00000000000000000000000000000000000000000000000000000000000000000000000000000000000000000000000000000000000000000000000000000000
00000000000000000000000000000000000000000000000000000000000000000000000000000000000000000000000000000000000000000000000000000000
00000000000000000000000000000000000000000000000000000000000000000000000000000000000000000000000000000000000000000000000000000000
00000000000000000000000000000000000000000000000000000000000000000000000000000000000000000000000000000000000000000000000000000000
00000000000000000000000000000000000000000000000000000000000000000000000000000000000000000000000000000000000000000000000000000000
00000000000000000000000000000000000000000000000000000000000000000000000000000000000000000000000000000000000000000000000000000000
00000000000000000000000000000000000000000000000000000000000000000000000000000000000000000000000000000000000000000000000000000000
00000000000000000000000000000000000000000000000000000000000000000000000000000000000000000000000000000000000000000000000000000000
00000000000000000000000000000000000000000000000000000000000000000000000000000000000000000000000000000000000000000000000000000000
00000000000000000000000000000000000000000000000000000000000000000000000000000000000000000000000000000000000000000000000000000000
00000000000000000000000000000000000000000000000000000000000000000000000000000000000000000000000000000000000000000000000000000000
00000000000000000000000000000000000000000000000000000000000000000000000000000000000000000000000000000000000000000000000000000000
00000000000000000000000000000000000000000000000000000000000000000000000000000000000000000000000000000000000000000000000000000000
00000000000000000000000000000000000000000000000000000000000000000000000000000000000000000000000000000000000000000000000000000000
00000000000000000000000000000000000000000000000000000000000000000000000000000000000000000000000000000000000000000000000000000000
00000000000000000000000000000000000000000000000000000000000000000000000000000000000000000000000000000000000000000000000000000000
00000000000000000000000000000000000000000000000000000000000000000000000000000000000000000000000000000000000000000000000000000000
00000000000000000000000000000000000000000000000000000000000000000000000000000000000000000000000000000000000000000000000000000000
0045030703fb0214029d01a800f1034602e101b700b70371021802fb011a035d01520292033101640266020f0253002403be0009005f0198018400bf00cb0138
01b600370257016e029a02070315030e00cd02cd00c6034801a20076032700770089033502ef0118035c0094002502a701d2038a038d01ba00890119015900a9
017e00ae02eb01730287024902fc02340013023f02cf0239030b026301e7008d00df01f80286011d030b02a903d60016037101a100c001fa009801f6005b0329
017203c2003b00f9000403da01e8016f00b7007f0379034e024d003d00a400ac00d903ac00d4004d03ad01c4023000c5013d017903750119034e004f01f80372
02b0032e012c01be03ce01ea02a0009103f80326019b00b800f1007d030101f0032503ca0076025402ea037d006b000f03b302ee02f403e800a500f602b202c4
003a037a020f000900eb0166032102a102f20153009e02cd028e01d001d4018201f103dd02ba029c00fe00aa01c9015400b7014a00f400340183011602c10133
000a0016017e015c02b40299000f01780263009800d703f9023603a302e1030903b600f80355039803120083032b02e201fe00af031e02290099004d01dd01e0
027b0216017a0160018503d301a203ff011f00d5015102160075032300c50033037e015b0387013e038d031202d4031601d300990127015400c002cb003d014d
021903810214024a004800d70044026f01b4037e02bf0107009202b80156030f025902d40321016e0090028c028a015e015900fe023d03ff036b02cd030a031a
039e01fc0296030e036e0004025e034901de0124031003d7000f00e5023700ab01660272001303ea02ab02ab014900fd001d035000360071038f01ba025c0307
020e03f8021801f6031902d0039a0108002c02b5026b020102d801a0010d009002a00198023400440177014d02d403820165014f03a80204023a0053011702ea
039d03cc0177016a016c02e8024d0139021f0065006b02e0010a007e00e700f3010e019f035d01e9000c029f01b503e2036102f6022d009a037e00bb035d001d
03d101a2037501cc02b7013403d6036f03e4009103a6010702d5008e01d5012f0321026f034d01400391000c038a02f403d501210115013e009302f801a80347
001300b9025c015b03d5006f004d0201008e00d303fa02fc02db0297033800bf03a0036501e102c40366023302cc004f016e02ea024a03740262027e037f001f
007400540249019b02f0028402b700be009c00ff0286007f02f603d901fe0150021e028c03030330036e00be0253017b017e026201ad023300ed018b02d5012b
0251031503cd00d6012d008d022a00e3027802a90126035301a000b003530192014503f102e001e202ff02e4019400900090027c0326022a00ae027400d102da
022603ae021202e80267023203ed001001a101d6008b011801ad00a10178017e007c005d00a30312015800e1000c001c001801b100da017a0215001f018702d0
03e90391020a01fc0238000800340083038e037801c800e4037a02ee03fb021503330080008200ee01d200a7039f037701e2017a023703a50290005001d7023c
027f020f019a01c5020502bd039401ba028800ec026502d003c4000c0291021102ee02e4024b034301d7011602a102cd00d702e2038103c3038c011f03100055
02b800af011e004402da005800f2000a03ce0287037a02c00176027b02a6005600fc0297030403bb00120240011d000a03d602eb0397007f01a300de03360352
01180351023100e90063030d027002c3002a017b039c01c3014401f3000001070195032803e802a50206003a02700095036e02ce0237014a0380034a0354001e
0034011e008f01af00ab0264021f019c02aa0056030e004102c6038c0098002102ff02fb00f7000901580128033000e3039f00430203015b00da01fa00dc0214
00a6038a003a01e2012302e20005023502a500d8022803d2014500f8032e0155022503190056010f025600b4031d02eb014a01ff014d03ba03f603f500b70342
03ab00b5032501220287034403f202e2026a0015016b024d00eb01d1024703ef00c803da009b02ad02740079033e0238017a03bc03ac019b002e018903b402e5
01f1002f009e02d900dc033500270265014503a80380015800280389037c03db03f203f601340302024e00360034008d00f0010c024c001d03f9000c01ff03b2
02e40079002402a8021e027402f7029303570263001d02ff021601d800c9029901bd00e2034301a302fd020601a5021f0263029900860277029a0115022101c4
024302cc034f03c3035701ef004b03ed0350014402e80390005702b80322015d0372038e004d01f102eb03d403a300ab02b4032f005703eb018d014b013803a5
031902d30130039300e7025d01e4018902dc00eb00b800ea0207006103c7011c03b102cb0399008e010701fe038b0344036a01e5022b03ca015302e9023f0023
0262033d03320030016501a7006201d203b700c700a900e2023e02d6017602f703d602be039e021603ef015c022e019502eb03d001810009004303a103c9029e
00b7034f02bd012402ea007f03cf001e00f803fa008f030c024d02ef030b00f301fd037301dc01fe0256011c02820078013c01ab00d103f803cb00d603960359
0015015201620066005e027401ea00100399026b0100008f012900e9010903df0347005a01620036011f02be03d9034301a7021e02b901f802740195036203a6
01680153006900a701c30170003a0041029402d20240001100fd03f5029101b3032d008a032803f40222036c01e302fa0116035e031a00b203890230034d012a
01b8010500970228001a01af008c018c036200020342028200150156014f025d012103b900fb02180079019302a8036901030106013e02ea019b029500c10347
01700216039400db0292002d03c6017d00c4022202ba002f038403ce0054030401a100dc00980236036e01f70148000203b903ba00d9001f014f011d01ea00e9
01c902bc0199002f017703b7038301a700b003de0124001a03f003f9017f007902d800b902bf00c500d9007c0330015a036401a6020c032f01a8025c01af00b7
023c029b0301009f02ff03cb009e02fc0377021b013e03170388025d00410187026e032a000b02c1017a0155039f03970235007a002002a801dd03660368023d
0196037b0041025a01fa023802e1001f0232011f03c501a402b101ad001302c602c10023014e03b302d5009f010903ff0362010f025a015602ab03a60256019b
009c0346019d00ce0130009f02a5010303a401b400cd016800f2039e02c8009803bb00c10068011900d601ed000201aa02290263032e02bf036c01e7038003db
02c901aa0084021b03060263038600a500f200260055015a01fb02cc0119035b03db004900c0022102c0012801ff039e03f40121033703b8019a021703e402e6
019e02d300be00b001f303eb00e902ea002402de00d8021b021e021100bc025a038302a1005f018901a502f701ac02e8033201bd0232036e03d303da00ca0231
002f00c9021503c3039000f503720163034200a0013a02c50248002a023b0195012c023b015d03bc024f0053025301100192011901f6011701c9020e039f02b7
0046038602b7011b02b003e6005600a100e7018e003a038f0386037702ed010c03eb00f5021e002f00f102d10161004101d302e40263000d009501a00277007b
03cb025f02820372023e037102d600fd01250224013602c902d7038401560009006e025c00e900f7002602fb03fb032e015d024802b400eb0084021d030e0311
010a034a02f200aa027c01c2010401e202af026d0033018302440169033d01d301fb03630277037f013a0282009a03d203b3019c03ec01fa02ed03420036005b
0015039002e500ff008b0377032b01bb031a033d0384001402be03e9019d005f00cb002e0248019a001d03b7006701b500cf00a60124038c038b02fb01b601d6
024403ff034e01fa027d03050139002a037101ef00fc02f70063003203c601b8023003c60128033c0234024902f002ef02c3030400cb03240293020f01cc0278
014a02de00cd00d5019700ef038302eb0316031403a9016b006800090288035201be02e502fc01bc0238003b004a00da03cc033e0342010a00330097024e02fd
0281015503b503e901ac035401c2036e023b0209007e03a900f9024402d201c4011401f802cb0363011f01da002802ca010801380348029a025003b0039b0315
03d10059018b03bd0108006103b800f3001c038602c3017a028c01ed00f7037403400363003300bb00630205013e03c80372008b02f8023103a00281037203ca
01fd02c0027d010e00d303930183026b00ed005c01e2034600ff035602f40164002300dc02fd03fb0329039902c0009203cc002c019403400225019b0233036b
03ad005a00a7027c03640378007702ee034602c20219028902f7030e028800f501f602b100e60116013101c500d3031c033d03de01b5027601bc02fb015800d3
013b00cb00e902b50165021c02b1027b037b02c0016e001701a703b102d9014f03d103a6010c019600ca001903ee01b5033603c702f700d200d701d50275025a
01e001a900a10018039100fb038c03a400ab038901080272039203460241039f01fe0357034402af01e101d202ab01ab015102f7024b031f016900c803f9009d
02d40334007e0399027b00f102c70158014b02e6018a00b201e0014803060226006003f502cb031d024302b201f700cb0106019800f3013503fa03ac03b0036e
011b0274002a03c500c302bf015e027d025703aa03640298000f002f034701c1003a01a000c1030003020182016d015a009f030701a2029b028400f9008101bd
032801a802ff01a20084018f011b00cb008301d7013c02a403380232024a025b026a0381039402ca019203d3005602e1028202e9021403b2002a02820323001c
010c03c8017b010c03900137012b03d002c303750331005401d00282002c033002c200910010034e030c027001150234034903b7027d0143026f022402e7012a
021803ca037b0378017603860232032401b5033303910152012001f800500055017e00f203a60190036b0194015d029500f501f0011a0222035400ca03c10080
0222022202e0034003c3031c007302c90152038001fe015001250295010d012b00bc01fc03c002cd00660354004a021a00ef010301ef005b011802f901c101e1
00640201035a0110027a025101f2021001920297030f001600ba006901ab01930105004b006302ad036000c50187032300d8011c027702120116036100b502da
035000e702990241025903ef008702ad01620172023b02aa015002af03ad01820279010e00e6023f02dd035c02d1000500dd00df013f02dc005c02f5025503cb
0143015801b00093033b014f008b0277036600020081010302d501a202a900cf030d007b016f00b302aa03cd01a1036f02cb012501d2022002aa020f038f03f6
031203a702e002fc000f008a02300141007b0181016b027f001b00d101a0018b02ab03d000610345002800d702ff015e034b035400cb02be007f038e00c00051
00e9012f01f9012c03ee01b401d803600311022200e002ef0271035202f1030300d301e4007903a000d102440293020600ef004b009d022e018d03d101890320
01d4015600c3020a001d026900ac01c1020801e70038017500f7036d008602f1008c002b00b600d3015200370218028c03af020d01a3001c01c0030a02360394
011f00c103010049005000960232005f009b038502150282016b00db00c900d6028600c700f1006301b6022c000101bc030d0373002200e7021b02ad03f702da
02f603a202db00450281038202ed02e602e70230003402c102a5021f0320017002bc01dc038802b702c70399032d0244005903bd033402f70020026103920184
001901ce03f6007e001000db0272033e037e026b0154019d032700db013300fc011f003d025a023700fd028601720330000002ff021300b800a602d501f002a6
03ff02650102025e013e0170031001bb0185034501130371022b01d203a800d0029d032902d8000c038103910125035101b3003303060305028b029d039700c6
03250058005e020803870306028902c1029b0327027400c00278009c00170113026e039b003f034902ca00e301bc020203e2035403ef02b903f303190196001f
0143014f01d203bf03bb0080007e029902010061006501ea035b035a0036015d034103a8007701b0004801b601a9035601080310000d03ce02d20115022700da
01ad0256039a024002bd001502e702b9031701de00d302050388026803e40167011e03160252025401bd0230019b012601c0037001a7020b02fe032c03d70142
00cf03c90371015c010902c803f2006b02f0035901fb02a5007d031f0329032c009901a502f0006200e30158021c030400db03bc00f9013d03c302d3013a0147
032d00b9022d03e700500178009f036503e0022f00f8025a03b00279014202da0348023e027a03f7013201d5007a00430179028e016e037f002903d6019b02d8
01cd01b300990154026d0236000f00df021003d002ce026c00ad035c011e008d01d6017d02bc00740057023d026f004203f6030f03f7013b004a028e02a300d0
0166039c031c037003de03fa00be034002ed038d002e020a019e009a01fa000c02e0034101e8028a033402670228014402e8034703d9011a017f0096013102c4
01c700b90186021b00d201cd019301fa016f027702f901d402e9014901c401e202cb02180025028c0220038b00a7031e020c018801e601f0011b01a503de0269
0091039f00f0000202af03c6023b000e024902af00a4003c00050088024102de02a503ff01b20092029c012d0104028e00e800d5032102ff034f02e7024e02c2
021f03ad02b4023402fd036501dc029b0237011203430199003d02fd01fc01b5013b003a00c2001902dd025c000b000a028d0355022c0323031202d8015c0128
033200e9025e01bb029a01e801d7021f00d2002200690005004a0191004a03ce035701c9025002fc01a601da039d039703b803c0026703830291029e001601a2
01cd012400a3037e005502f7032f0180005301b703c201a6031600dd0174008400f1028f03fa0130011201730078013f03100028001801d4027f02e1017b00fa
032800920170010a03be025101e0027e037e0353006603cb03c10090000e03e902dc003a019500ef01b100ac017a03bc02870084025d03c803b0019900d5037d
013303e7002d023b01de00aa00f403e8037100a90063000d00fc02ef03bb0033006e029e032d021f02d00119026f01a5034f008400890087007f0004020d00f6
0336000c0374029203690106008d005a024e019603010109005700c20332036a030f02730043015c03b000fd01a1010b03bd033802a101c901e503d400ca031b
01cb037a02df00ca03a60375001d02c4020e010102b3019f012303d402c50228013c017003e500a1015f02ed0347038d008903ce0293025a0395039d024003cb
00da039a00de00dc0292039001c200ce005e003201dc00bf03ca03e70264025a03a2019001f800ee0261000f02fa01d802a9030a023601b3016c00e2004f0050
03be034501b902c70258028001810089026b02db01fa029900a5032e034b01df034900f6013e0396002a01cf0173020f001402a603b0001d02fd007c002700e2
02e202de00de0272000602e701d1008b01e802f3015c02bf0104009601ab029a03780050025900a2009f024a014c01a503b401000360000303bc034803bb03ea
02d60194027102c601ed01ce002e019b01d7027003d6023703b302c6003703970275010302d202f40245015000ef0318005e00a0027c00d900ec03bf03f3007a
024100a201160026037a023301f1009e002000360032034c02a7032a023201a1018a0204026500c10047012200d2013d011502f101de0115026f03ed02d901b1
01a80254000b030e0045035a0229015103cd0369029102f000bf034403f2010700980301009b00ba03b000cd029a0166019903ec0189003c01ba02dd02240136
01d4020b00b700d6010b019103a901f202a1028c00830377032b027400870274002602f401de022d029e0274015e02aa015e016701c9036001dd0267024f0019
029e03ab0374008903e001dc008f03be00940311006d01c302520042033c0288036901b30317002001cb01370055025c031a03130137022c033d03b202a2009f
03d801b7010b003e030e034503c000d001da00eb02f7032f02e403f702510102029702e7013400d102ad03bc0222039d0037005d009c03ae022802b2004f018b
02ca00da0265004201210283018d01aa01f90138030301c5000d03ed009f038e01e201eb00d40097028f012601ca0242013400370261035700950153003b008d
0190039101c3034f021402c000ab034502dd014d00ad023100e102930142020a03d90141024f01f302ec003700a600bb029f03cb0070028202b6031003e40048
01af02d100790337002903d8027701e7037e0186010f02a3039301e2029f034d00ce03f5011500fa00da00c5028c01540011000b02d003e101a601d402840001
02fb02aa01d500df01c6013f03c3036d02800066036b0193025f038a01e400420303006c00df0317036a0202006e00a20042023d0249010301ec023502ab01d3
017c00be01bc00cd03ad019503c200ee021c02c900d10288027602f0011501fc001a02d601cc0070033301e802e001e30206026802e700c1035002b1028a0132
006003cc031202d103a002b600ce023501640074003001580369015102b901ee02ce01e400b8020103d603e50315034401ee01e60294003a003f01b903e300b9
03230391000b02ad007401a4036a026b00b8033b02890046005f0058017c016500ec023f02180090033301a60212020302fd03630060025603ca01e8021700f1
010703d401f7013d00aa020d018401cd01e403a50300007f031d03e3014d03e5024b00250127018a0160015a00bf01d303f201e2007e01a903cb018a03c303dc
02a703a3023103b0023803a200b00243017e00d403090264034001e2014d025500b301f70358013501d303e1016e030c032a030b0397025a0214034d01f402d2
02ec0361011a0020026900720300001b03e7005e0369010b034202ec02ed009003b5029c00af01db0135000e03de03fd00ee030500300272035b03fa015902db
009f030900b003cf01a7020201ea007400c602ba004f010202e0008700c602a0004f00a402b10356012803c300c501820337022a03ab0370030802aa0167026b
005b036102400368034b03870100023903de018f009103310158009d01f102e602d001e101b202e90078009401c4039f00c3001b01e60037030502970276021d
01fa013e030e0045018f0013034001b102e100520056028d00aa00920016032903a7030400bf012802060378010f00060396009601fc016703e6004800f5020c
02da002c00ff0304002402bb02fc0343018203ed012300ff00f602d50020033703d100ad02e900fc004c01f1025a03d6012e01890375025c0340029301bb03f3
02b3020f01fd005c017e03d1015601e503b303c10398030202d103240254009e0125036401700041030100630303008101320398027403b5032f02ff01a900dc
022500b802cd007d01de0249016e021401b1037f03a0027e00c101fe006600100389012a024900ad0120036e03510219000903a702b703800032003d022a01dd
00df01b603f3018502ff0223009c00f0002202bb01ec00f0028801c0006001fd002901140066018e00fc0042029f03b80358023800d20296035e00e103f6028c
00970026034903ed005b009c03f70383009803fe031f0244019d00e10364011903b302ce01fc00be00500384036d00d500dd024c0029032c03cd0085011c00d1
032300df0272005600cc02ce01f5033901bd01aa028803a8001602ab022c038e023f03f001da03870308038f036302ae037501ca01dd009c02500172011f0220
00de005b0326034c0283039d014c0048018c01ad00d1006901770289027f03f50165029603d00137035b014b01fd036b021003c4020c002e01f9006703d50166
03cb016c00ff020400be02d303bb01200162015b00c203440136038601dd005a02a403fe0160017c02b6026803a7023d009c0077025403a3005400b1009101e4
0089006202b60139031a02d1010d03a300b2022801d0016a0253016c031b015603f9009f03f1001c02a703eb00e203c8023e017103f000130084038900a50057
02ec0206031e00c500df002d03bc02b102bd03ae00bc00df007f02cf019b00d000cc033400d7039f03f4034a01ca0265031f03e800d5035a00dc00bd00a2004c
0305027303c201b503c603de03ef00f001f4026d03090266017b024c028202c0026d0013011d0337004f0301021702df0249022e013e0279023b026800c1008e
024d00ac00a702ba03e703070154036d027e03bd011d03cb014f00f700a2038a02920094006302830148036b02c60015003a020503ad01dd01b603a702ca011b
0156037103cb00a202bd03e000e00115010c022201a201bd025801d0003a02dd006202c50063021c02c701280260015a037a024d039002b202f801be002703e8
03e401d6038f016c028803f8034c00c30291032502e801b103c0033a026302dc009a0286023503ba00e9010f03090231022a02a603720104034202ca03960022
010a01a500190309009301af02a701ee015c02970061018e01f40145004203b500e102ac03d8030b012603b3013100ad0391003e024b022b018b01d100920127
00a303ac029d0224037a03cb028a017502db00bb019400e0031401ff024b025a0007039e033403df004a03c6032f00e603da03ed03cc03ad035601d302fe0250
034d00670303034c038d036f0170033d03e103ac003a02c301a8009e03f1025600b602cc0272036401c8009d00b8010902db03e403ef00f603c70019029a0106
02c9039c02de02df020e00aa00680337002e00d701fc00ee032301f303b1032c02cb009203790144034c01580315019000270237025503a3013402c5025503ad
01e8037b009202ee014603e600e6010100380085017f028b0229039e011b03ed01360108007f02e803cf0363024903fb012a004402f8036401b30114010c03be
0198033a03f7013000f702ca038400e600c9017302af0354031d02d602c6034f027901a701d301a30164033f03c9026f025f027d0303029d020b007101e202c7
004100af0105025c003c01020286001a0385017d02a5007600ee00c8030401680359007c026800790229029a01b603d4021e006b01f6023a014e02a8031700fd
03ea028c013803ab007b027a026202910038016000c40203019f0150014c03d6012200a7011e01b9014a0062002603070384031903ae037e00e102f803720181
039e00c1023602bd022902bf029f01b300fd0036015900cd023a00ae01f6015800ca01b0009101f10071023d004a023f006c0167023d016e03a000fa001c027d
004c036b034f03fc0308000400cd025803f3017103c5014e03c0024c009b012b02a5003f0000015601d2015c037d035600a4029d011002aa021000b803a00014
03af012103aa008d0005033601f8018d018f01d2002102e503e602fa003d01fb038c01ca02c4029f00f2032c001602b100e403990371036002ed0016008f019b
00d6005303520347022800b301b2001f02260279034b013a02f8026501e7007e024502bb01a3003f012902ad021601e201c4016e01e2005200dc033b00d1037f
01820304025f010600730181030e02dc001a021d00ef01af03ca03560167004602de0340034602c60288020c006c01c102bf00c601990218018c02b301e60373
0108005603f7002900e302a8030202d900ec02cc039b006f000402d00380012d00ae01fb02b202fe02a90199033103f601dc02b803cc00dc01da006f027b015f
02aa039b02b5012b03cc02fa0066033902bb022201aa01d6023703d600a30080018600c80333024b005200f201e301d40230023b0050038902de036b011202f3
019e039a0382027d004c023103ee03da0135005301ce02a20395019a01950194009203ba01e8001d00ef038a012e00ee0093017f016a02b302c70013024300e1
014f023f01ef025400860096005702050044007502e90073011901a903a50253001b022f02ff01780106009b006b02f701cf004e01da0109031d01bc025b021d
006902cf026403c702a2000a039e020b03c8000803e4017e02830038021d0345038d0304014f0301023701c4017e031000bc015602ac011003200007019a02db
03780307017d01a502b402f3012f019103010051033400af035503020108015900df01c402c4027600ab00b502d8039002ea020800fd011d022d029a03f800ff
03bb03d2034900d103f702920372024a034f03b3025c034200490022028d031c00de018000210044011f00ed018802d2028a005303cb00b501ed024d0246032f
00a9015a003502e400ea021a02a1026f01c801f901450339037300f50186010f01050399027c01ae01fd03020230021a0397015e017f017b021e0270036a02f0
036e03f2017a022a03d203a303e401840299015501c003ee01500104036a01f401b7008b019b018f0148033c0147003200fb03600214036e02e001d300060383
028c0125032201060286017701c300890267033a00550249008101eb03da02dc00b0033501230169001c0302020e006b0053031f01bd00b102a0039e02b500bc
03f203cf0178032d0202011c03a30072002f002d02ee0089009c019f001602fc030b01fc02cd013f032f033600ab0199025c03ae02ef020800d900e2001401de
03a200dc028201e900eb01f403e400af033c03db029b03e500e001b3011703e9000c00810294016e011f02420217006e00d5031700f702cd000c00d5007a0319
003b015d035e01a001da0104029102d200da033800af019b0172015b026903e7022c0218034d03c1014802530192030d033b03c5009d02f202a303c703d8001c
00320284033903d600e803430203037f030d033a015301f00067030903d503b102fc03b6006803d6024e03ba003f00b103a400c1026f02ee00ab015a00d100d9
00ff004202c10164004401a101e400c200540153022701510148014e017d02870371006102bb018601d401e7018703ca01fa03f5001e03f60077018a0029009f
0388033d037001e4033202d302b4029c03ec035702770282014b029c03780257027c023d02c30395038f03d20269003600da031e00b40214005803e6033f0395
038c033301a4013c0007003a013002a4003900d003f3019102ad006d0381007200f403fa026400b503c602d101d2027500aa005703b30374026e00fa033003f5
00ce01de030000ad0230031f006a00380176009402f40202038f0139034000290066016f014903bd03e4011f00be01390359027f01270360019d036402f1013d
0079038602dd026a011b00cc00510091028003ae033001ab01c403a603cb0219011f01860179004c00f803f8025e00f802cd01cb00350023024101b800de0148
014400fd03830091019702870162007a014500ba0221038902e5018b008900b4007b003102e1009a00db020402b101f301660047034901eb0277002e03ac0066
03a8001f0113035f021b0087017a01f201d001a503a10109018401cb01ab03a502e900ac002502ed039d028300ea027800b000e801ce03bc022f01f7029d00a6
02d3006c00cb028a016c02b101b1024d0130037200ab03b301d202dd007401c402dd005a015401530245025d03f4025f022002d0008203d8013703a100680023
037403ab006502b6033c016a017502b9011b01b8025e029a033f029901dd02bf023600f903a8022400cd02570009010901c5021e016b014b02ff031c01cf0304
03250036019e00f902da005b029601b001020109007300c101ff0023022101ae008d0143004c0356025d0150013c0379019501f50350013802c401dd0153031a
0191008202d0031501d900f901f8035102c90020029e038501b102f30194013f00fa02d7006e034d036d03c2036c01310240020902fe007d015c0237026103b4
0370009202fa01f303c303f20335011a029701600172000a03a60178007a03ec03ba00a203cf0199034f01cf02df02b000230005007e0229033900ef010f030a
017300c100cf00a80144036203a1008c03c40338002d00ac03b601ff03e20039015302f000d801be01a20006011802ac003402f20320007101c803e90211039e
014a03fe023001e6021a000a0220025900bb02d001fb010e022403fe02b102f303580271009c00db032b0232027603ca012502560342031903e3039c00ab0314
002f01d401e90034021f01bf025003f502be001300880109006600bd026201da00470211002f03f303a8024e012e03b301a603270216024001f90128001a0229
02600281021f03b503c601a2010a03de0113022e023e01bb033f000402150085038d00fa009e014b0128030103e7032d02e803a700ab026002b5014d03eb02a2
020603c4002d01c001ed027d00ba023503c0038101db015003c901ea00480016009c02e2006403f6039b03f8030d01fe02f903b2022f029f032001bb028f0018
029e034200f701ff03e103f8007c015a01000271023200ab000b014d03fd02ae021901e30371017902f102b9014603e203d1008a03130162027f0199033402ec
036f036a01c603c203bb003502a80357017a00a801060259022c0333004e01fc00b40363025603b301ae00880226033d024402cd011a019602a403ef03530222
004100ec01340120001501e500370054014002ac03a6039f009f023f03790186022a0313027f02b701c8015b0063007f02ab03f9006003a801a7035f03d2024e
01c303f700ee029400a8001a00aa03de00f700bf0090022400df02ad01c503ad03fc02b5023500ae012e02aa020c00930077005a01a30031033f0218005e0076
02eb008002fd036603ea014c01cc033f037c000100640004010600ce03c101d601e901cd002801aa011f015101d8025e00c201a70247028d018c02a40171021d
01d20222005903ee020603b8039603f302a70382028b03c0015c008901b90188033402e500b2033d00710300012b00e3035602a20339019503b703570048022d
01460162023b0220033a02f901ea000600990067031200af00fe01120034022701f9038501ad0269010b021700fc0102010f020c01a90019012000a202280374
00d2039803c7000d00d8037403840236025b0213030b02a602e5021403240285027203020313019d009101f6033d0293030301c600a2000f03b1001200de00b2
028a01e803ad03bc012700b5039c007f021500ab0138010603e0022403bf0306016f0011010c0039028b00ed01870079014603540115024e0164037503060088
0064022b0255001603de026202c0016c00340195025100e500c9002700550098006f03d8014900d4036c018502e903e6031903060175001903a1017003c402b0
0252028e0286016000b70204001400b1031901f20241019000c0037200300244011901cd037b00cc019a03e600b602c601e20064029c0248031e005b01c60391
03a5024800cd008001e300b80252020901e103d60334009e02fc032703de038303c6005c01fc02d503f30297012202930245011e0180026601020034031001ec
01e40398020d01d9030303a7026f00d20232036d01dd032900080337019200f501c5025d02fc02610078036300a4037d031a01a8028a010f000f016a00fb015e
003701de003602d900fb0184020802d400bb028c01cd00e30062001a03f20087025900fe0184015b031500ff005800a8032b02970075017b009c01ea010602ed
01bd0219011a020f012903b901b2018c027f031c02560229032b01510000032b037a039600a3028f03eb02eb03b802710113021f008d0208032803c903200209
00b5031503cc00850136039a02bc03b00124027c034e01c5018d006702e000730039001201dd03550183020801a40056017900cf01b8009e023f020200ce03ff
0342007a003301f103770094000c012e016d02e7018d02d80130019600cb009a036000a60046025200b702a4000b028001ca02a9005a01f40395023501f70259
02b80232000a0232018c030101a1017b02a60170000b02f202cf019d02c6015b017302c5011403c0030b038b01c4012600ed01e90112026d00c403ac000500c7
002b03e3009a03dd0103011e01ab03f30310021b00bc001e0367006e0127032103e803480136035101aa01ae007002af0220018901db02030096002502d00249
03ba03df034001e501e802ea00b2025203c602a3005b0232017a004102c403c301e601760159026d02f703670184016f015f016401ad03f9012103640069025a
0158029103400328017400d803a2026502c301e50188020302600339022c023202e0025b007a0024016b019e008c029d0285037f038a001a0004027902ee008e
031600420394026100ef03a603f201580294006502ec00d5002d03100192018c0232000501d202ab009a037b0213005e0156032102f602d30331011e039400a5
01e00363023b006100b400a300c7005a010803e001f00267018900c400b502f7035303f1000b037e00a700f301da01f3032a01c1004803c803e303de0178018b
00d401d302c7003900fe0008018b035a026d02a3027102aa021a009803c301cb022d028a037f01720145007e02a50373004000b6032903e4031400c701260109
00250241019f021803dc0276017a038b0168006b0310008d0208019e03dc0074038a033501da01840236020800ce003900ed031d00d6022703ec013801da009a
014d028003a6010d0215000802cb02b3031a010100ad022a015402e5031a000c004c02bf0034015200df011202e402aa030b00ed033500a202fd035d01d000a3
006903db03e8006801340344032503cf0148029402b80273038c03fd03be00d201e903380101038f013102c1034403c501970342018d006103340206025001e1
03d0006a002401640039028900a40314005a0281024c028e0261020f00da011e03e700e903f40127003901d5000c0317004803e3008f000c0030037f01b90074
00b701290189035d0139005302f002bf01580391009902f702b2032601f10356039303dc03850297029003a803b802f401cb01f201eb0020016600f3034602f9
0123024202a5015f019200a0035b00e7035500b300bc032b034400430234006900c303d90204013302ef02d60056025e02d300e303e101b10063004402af003f
029b000201e4007903c50138039a018a010602cc023f015d035101b8037c029402b100b7003803d003ed015901f0030c02ac02ff032d01d6031b017202780372
01be028b011403190231016902aa013b00cd02cf036b01e303e701dc01b30233013a00fe021603d80230007f0161022d0266025102e40152031f035c0157014f
000100bf0231039f01780220008b031b013c03bb00a7015f00fb002c015603f5023300d700ea031603b60182005701fd0349030701cc03f7019c03d0009f019e
03090213033103c5003800840165010a0376031900c603fe03d4002003d800d50097010602590333039b023d0207011d026902fd01850007007a00b002720217
0164034200e4000101a402450305009e016503d4023e00dc016e001f01500021022401c103de023b0311014d01f20098015403a8020f0374026a0201022b0020
00140349023802280250021603de03d302ac0256030b01ea0310015602fb011f00bc009501d20084006c0029029d0107028200ef007d01f2002b02bf01f200af
004100f401090327015d02a003f30204007d0387031d02ee01550377035303f7015e01f10375032503aa024e01f702880097015102a70214023e0390008302d8
0052023e00e601a1004802c50394004d032e03ad008f0238001c00f100b9008a020601b2007402e0030400df027003470278031303d602f1024702ca03f10082
01c4024e01ec01a902c5019501f702dc019203df02ad01ae02a800aa0148028801e802cf000c02a0001d001d002702e4022f03e100b100fb02e703c400070134
03f900840201010702b90337003c02370054002000b200a4002a00cb01700297020b0024032e024e0238005a000f039802a601920221034500f80029008d000b
0215016401dd00a1035e0326012c032e03e400760205006d03f6013c029b01d303c203f10053001c0165013903a202c1016302ac019c017000170106037803c8
0244014500b602f8034300cf002e003102b202df021603cb039d01f600eb00dd0295002d02ce02ec0187000901490075002300da01ad01b3035602ec01a903b2
01ee0034038b019401a902be017e022e02f501ff01c9033502ab02a300a1015702f401870251037c028300cd03c300da01660248001b02a903d8030802c401c1
013b01c503d901e80148015501ab036a027e024f020701b60021024c03f90017020b01b800dc008d03d301f102480158008c00ac0213020b014f035900e1012a
014d0288003f03e3007903760031031f010c0062010103de03f3012a007c037a0032033e02c803d603b6031c0338004302d3017b02600265020f022e039a020a
02af008203950391023302900234021e037803fd004102480116019f033c01de038c0115026a004d038500ce02c1034502b3015200af01db0155020f0020002b
00a400d800bd0371028d018b03de015603ed00f50003022f035501280319029b034702f2003c007503be006d02f203ec01d800ee004401e100b200f301d703eb
00e000160257039603470349030f00ec01a800440005026f00a303ff009f02a102fe000b038d027f03870308034802720167023501c8034f0056016e00f902d7
00230024033003e700ba0326030f00a403bd0160012002f1001a0389016b024002c102d60073013f0122032e00c40078039403f50335011202da02bc023500f1
018e01be03fe011d0145017e006e00a00253019d02cd030a01fc00d1015902070385015201dd010801a40347030e0206036b03d202a60232004002ec01090367
03a7027e013203bc01cc015202ea029f018d01590342015e02ce01c1009900f203110123008100aa006e02f20148019a038003fd00d60309006e0086030e01f9
013b015900bd020d037902b5023d021a0332017800d40227017303350380036f007303b1030e018d030b000f0051019001bb029500f503a60252021b02e5038f
014c00e10279029f0316008c017003d603d401bc00cf031e02f30046035002e8000d03b800aa030801c001190046028602b400d101640353011901af00600160
03cd025801560111031d01a8033102520099013b003e01f100fa00f600f6014c02c102df02b9035f00db016b013e01c903a002c700b3020e00fb03f7021803db
00d902e300740271018702df02c8013803d50218033b01d303a201e9006401a60248011a03380113024d03ba0156015e0024038001ba018c03f4014803990124
036f0214039f0126037502850056015f03dd006703f7027d0287013502dc01150295039c00b4027803cb014101a80394017b03f7003601bd011a016001280354
033c030c001a03ce025103d9032c031e015a0375032c03f800a501b202ac022101ae0312020901f000b50156005d023402d80078021000140327001802eb0089
032602d702640170013500aa018303a9025602d700b8016a014801200369027d026e025b011401f503bf027f02bd01ff036e026a01040393012e021f02410303
02f80073008b037100bb0134002600c9004300b003cd01dd004d03e101ac02b802a203260224014c032c0109002a005d03b60391002b01ed014101ef03a003e9
00d6019902db01c9031e01b102090148021b00df03a202b8032d01f901ca023e028f028501b503bc028d007a0372005001a801bf03cb02500335036b02210322
001d017401b90153013a0215019c03bb02c203b701de022c011a008502a6038903ac022b00dd01aa029b020101e702f900f80260001c037000ff033600b8025d
00a40247003b005c0028016c03df035e01d703d1032101e200ee0375020f033c02480088014c00ec003a0326028a027b0062010e008b00cc0170000700cc01cb
00ec03a0026c0246010b035b009f02da036303af019e025201420296028c030000c40188021102c1013a0301031700f0003103e5005a0377005202cd03e80394
005701ee02b10260035300b0014e026c028800f603c503ba024e028701b4028e03d9038a00a60013028e003402a5005e02b3004d00dc0115035802c003ae030f
01c500b603d7001702e7031703ce02190296002d03e102500218025401d40272006801da01d6009902c902b1037e009c0017009c011101c8019c02c6021a00a4
01e1005c016003a4032e01a503ec00c50026007800e70057038b0304020b02d50395013e037e00300038034e011e00dd03e1025d034602ad0344038f033f0021
004c02b4004b03c200010254013c01d100a5004002f702a90153036c00a003eb03410383032f02f900e70087027b011d021503ba01a8000900c6007b001501d3
02c10164010f027202540154003c032302b001e803c00227009201eb035d035400ff02eb004600420221013600a301320137016602b100da0085017603940252
0026036f026d012f023e039101ca007800ca02d903e600cc020e02e003f2031c0298038b030e002c023c032c030200e6036900480056025f036d03a100710053
021d03d2027703670246027500b503ff00db03cc030903dc01e903ad01100265027602a401fc00b6030b010e03c103fb03e501d501ea008e03e103d4025601e3
0304034b0167000d007d036402ce004a03ea036302bc01d7015c01a302eb019a002802ef038301df012203af03aa00990221038601c902ad00b201f902fb03ba
0190026200eb013f028e0042031602b400b200300171019b01fc032c01d300220144016101a6002b000b00a2027503fd01cc0072039302860149031b02f0003e
028403d2015d03ea0306033102e700ee03970339027000cf006e02d901d2030300e4039f0318032603aa02fe00540173018700ab019303dd01b10350023e0330
023f01a8013a03cd0176034e009e03d8034103330347009701b9027a01ff02a703ec03ac025203cf02410193003c01eb034102bb008002c603b001bc029e0319
03100223011703550018007d01ff026303c50284020900dd00ef02ec01a6017801b900dd03cf02ea002903f10334013c03ee0349000f00e600c0013b02a70038
0217016101be011902be038800f001e703d701bb03be024f0125012e002b022c002d03fd013500c701240343011f010a03a3013d02ac01240308022b00900376
02e800d001f300a2031e026500eb0156037d031f013102cb01e5016b007f03390311038d00840015006e034300470141015503b7011003b701d903ee004602e0
02700303010603db018a019e03c50214010a0299017201ab031d03e403e102e40229023903a001850185005102e103da007f010802c002a6018901b8017900bc
03890007010a02550392020503db02d4029a015e032b019f03f002f101960024023c011400c1038f0090027000fc0347009503ea025901db01de0207018103e6
0389027c02c20355010502f500cf039902f000370246012e02ee00d401ee033d004a022503d2029a00c20305034a0360034800aa035d03230048018b03e30360
018800a301c600a603ed021903420076033c02df005102aa02e6004a0011031002b7002303f001a603e7001c02de02ff01e3000900d400c803a700e803b502d5
01cd00de00c50387028d026a01a3016c02bb03bd016d03e5001303820341024d015202a203f2020403cf03bb036d038002280216036202ae01f7024900ae00b6
0177001d00f402c802230204029e034201c8024b0101021201590137022d0383031501b0005200f003bf0329026602f602f700cb011203eb00bd01d6006e004b
020300f6016b01b202e5036303530339030d00e403e7038100cf02a30021021c022e03a701ca0308028503cb0312011e020c0045016300f7038301f102e401e7
010603a600f300b10383035a0366036701f0016300c502f303d602ca0184019803af019b01490147018a009e0118005403c5035a01ec03af017702b60281036f
0085038d031802cc01f1004a03d3014e0243024902cb028d02f6032900020163010d0214032b03e40299018c028402a703a7026903a0030302db019d0258007c
035400c6037b02cb03ff0217033a017303a2031002f801b3020f0172014700380259005e004a0003010c015800f80005011702b102e602a10032036203da0215
03b5017a02cd037e011300cb02a600e902ac038f00ef01450216012a012e03fd01e80301034801c302b800b1025701fc0221018803bd0178024a0181030e036f
002902c403430099033903d3013b03ea039a026b037a025a01ff03ca0133021503b003b700b20197033703d6000f0017038503a200db038f00f50096004f033c
01e80392000a01c801fc00e0036c00f9019902d8035200ad00e60128027401f303c5035c02830373016403f203c5031c01fd0322032e00e8027203cd037b00a9
028502a90353022d02c900e102fe0000015b008702ae01e10337001b010b026403dd01de0083009e018b020a03570274037d017f01280006033e03c603b40326
00fc02cb02e9039f0263025702b0009f000201460109033a0037035c015a03c2034c01a60203022f03d300b003aa024203f80247029e00d703dc02bf017f0071
023103e603b201a203a6024203b90221038002d2009b01120260002e013c016f011c000601e1027d020502de00bb03240167016c02d60086030402ab03d70072
01d902c60065032800e800f50187029f00080021001f009a03b4021c01450220028c0082036d0222006702a501a9005e00bc012f0232023b017301400273006d
00aa000802f1013a010f02cd00d70126028b0052038800c3011900f3013a02db02c403d1013000c803f8014300fa0251002a00a703b9036c0352011c011d010b
0288000f037203b50378033d026902ee03bf022e02e502e102c703c9034201ff01dc03ca00410055002103e20138033c033500de0072036500a30347005b01c3
0235036101950398008602b20195019e031902a7032f02a802d7037d033902eb03a301c50109012c000802d5010b011c00c303fd0258033d03cd02e9036e03e7
030c03a001ce01ec023500e801db00ef0391032d035b028502f202a203b80199003a005900be0320026503b40190029103d901040317018c022500a3013c0043
0294033601bd02e1006e0128037602c100e703a502060128003802d0015001f900f00340010800350064028e01b800a500a8023200e30227003301e8022501db
0103017a01cd0076002c02d100b7035500de01ca019f033f0007009701bc016d03b003310028012a034003c600c202a40323034802280184017900e501d30204
013100780144022900f50181032701ed028003cf03f9029400c4023a00650315015a00c302b6017e0398039c03f203720082022102610287016702e302190053
0086015e01640309017603d103a202ff03cd00aa01dd03750290037d0258013601e90289001f012b00680182015b02a400f001250105012801e70207033b0299
029e023b013202e30141000802b700e102c802070163017703c902ba0062033301e7008c005100970030025a010a0350009d0040026a01df017b03d4035c0399
017001af019f0313024d03580010036501180037000002b4022b00ce02d102e903320134027c022100a0028002c60038025a0384004a033b00090239037f022b
00d30348012e025203c902f003b2014c03fa03a70207002f0321028a0167035700e100e2015801f6024203a802c8026f003d003003d1000502e601f202920051
03cb0025023203550397023c01f603d80369009202160182011a00a0034c03a4030a03a201bb0134001402730127029a0368019a03b500a303b5034500bb01e9
02f3038f00f402b401dd01ec016702ea03eb017e00df00ab02b0006c014002f8018b0086017a030603cb037502ba036c02f801a8010c01ba02d6025a02de02b4
004a037f02ab00d800c2016302a4034e0009026902bb00fc006902a901f4015e02240190023c001f031403da00be035001db02d303dd020a00400307022a02b3
00c100ed015801310225028400fe002c031e003003d7028e01ed03a7011b0282036201a000d1006b016c00fb0202015001c2011d03c2010501cb033c007a0292
0067035e03cc01da015000b600530394024502bf00660213028a00d90078022602b703ea003001d801d8005b010e012d036d00190367038603c603a0012c0303
0224013f020600470282011e02b503f000c1035d031101f500ac0225002a028d014d00140088032e02f803db030d0275039a0145013a03a00037002200030116
01fd0197001c0053013b036700a20106009802fb015e01f7021502510108023b020e008602e403cd02160385006403d003dc02ef038303f500e3014803d0006c
005e00d70226014a0012028d01b7023403e302a80185003303c0038b02ca02f702a701c003490334018d007d01ca03e3002a0312020702be02e30175017903ba
0254031000c901e1000c0329025a027302a5024501b4010301010368035c021c01d4018102ef02fe024c003503bd0194018f0204018d0217014100d2017f0028
0381011703b201e402a7030602de005402a5014203f0009003570244009e037d0342007900fe003a025f004302a9002303e3034b003900dd015e03ab004d0105
0349008d011a021d03c903b100fb03740292004d032d032e002e00cf00030240037d01ce0242034c013f03a902e100a4037d014d023703f200d102c60246015c
01dd02d5005102ee00a103a903a4002f033b029701bf00fa003200460394029b00a500270162001300f200240345033103da022b0030036d02bf02ab03f00059
01a2005b037c02170212000d0118018800a9009a03400053016c02a40058003103eb009f039a0219008b039e0245012a006b029202dd0033028500d302d102ae
009a00e4028001e80378027503fb014e02f700df014a00c5011e014001b401b503bb02e600fa003603d202a6039503b9037e033403a001cc03c7011a029702b3
007103e603f9027201b202a5031303010219006201fa034c012000ff00cd013902c8017801b00102009f0244007c01c102d701ce01e603eb00710178014b0259
016f00470277003d0007023a0297006803c900b200ba013903ef035a0222007403c80090003002a101010397039c039a03fc039c01ec01bb027a00b6018b01ff
03c0011802530226030100e00075024f003d00df02e8029a01dc00d801b6004c01ed01c000e0037a03540197014f030a00ff02b2024f015802c701a702610284
023201dd024300bc01db0049036e01b500b902880026011301ac01f202df01860377005e030600b50194003200fb00de010200e5001f03f70245024b01a300fe
024002e603aa01e301a5026200c80147000901d90145025b036100d7017a02290108032c037903b703ba029c017d014503ad012a0337033000ec0057001d02e6
01f402910271001e0146012d03680033009901f402a5011103c5026e01ed03a200830337008d02740378033502d802540195026503da03fb024c015201370366
02a7017a000103aa0080016f029602740187023d014c01da03fe012301df023b0311001601ff00e0020a025502ca018d00ff03030156038602400196030700a8
0255019e0384032b02f0023f02310030024a033303ec006402a3021d002300b103500250030e03920071024301c50161035b01c003e5035d00ae019f0160035b
014702a8033d003f01bf03100378014203b801eb00f3020b02dd008700b4000f029c01fb01f7024c031b009601d6002800ff0151007f009e0263038a027e030c
03820277018c021303c70239001d024500c303f80348029803f900f601b10034009c011203d40097028c0384013e03810278035f01c001050215006101fc0057
033700ad023a0265039a0019038700a600ca0239005b01f9033c03d700b401db031300a30287032f03e9011f023d01620260024403fd009801ad03b00246027c
01de00d6030303ed00a802060269003d03af0136026d008b03df00a303e803d0023100ff03ad03f302a700380375023d013a013c0098018a01f101b5019b003e
023e034500110082031d015a03b602a202dc01a9001800d801a00227038101da0186028f03ac00180021030b00c3020b0391038d026f01ed005d03000280015d
004403ed03f701f101aa012402f5000c027f01bb01f50116003f0267006803a300050386038700d202d101ca00c2011b0251012301030363000a00b503fa0111
030b03dd03320174020d00f5012800c20232018a028d0001035600bd006f038802b5028400c002b9027f027300b9017800bc03bb00bf02c201ee0389028e0055
0132036902c203a802de006c00a002e103a900b901e3033f009302fc02dc03cd0326004903210351004a02280239000b03dc02110050035902da00df03170185
00bd0038013102ed01570393038e025d0205038600e801da037c03ca01ac03e302e7017903cd024400ac019d001f008302a001e502ef00fc008a039a016a0379
003902200120007c026101c5034e022a01c801840201001f0309001c0149029a034b0377031c014e0217028f011402ba004103050250022d01dd00d301bf029d
025600400370032103fa013a03e2024803d701e100ef034c01d501ba03db027c023a02bc032b03f101a502d400c4007d03b4038703a500c70366017501eb0024
001302b3011501b0022400c70287004f00c200df02b9016903c901fe0217011703d900660384016d01c10381013b013f0325015200c601b903e701ec00920271
00bc015100f7026c03b301f300a0003701ee00b00364028803a103880207032a008c0217036b0014017b023b03760198012e0196025b036402e7010301690298
0033005503c60191000f008e030a018b022f03e803cf01e103d001dc01cb02c602110343032c0199002f03fb039901d303570058004d01af03460112014e00ea
00d303da01fa02d202bc02eb01b4026001970103036402fb00a902e30359005e009f003703b300d702d400af0233032200440292034c01ac0044035903040321
03ad032a0221025f014a036203e2023700f70222011e012d02f300ed01d002d700450305020a021200da0363022f0219009c00e3039b03b8036e005b00ab03fb
011801f10370005f019803b50009008300b60273029f030502f7011a032f01880057026b039c013c001b0040036b02da022b02ce03ae031b0013027701fb023f
0105000d03bf020702bd00a201fd02bc0391022402d1005f0143006301c8017000a1037702fb02da0394009203eb00ef002500c8008a034c017c02b300b5017f
014401ff03b3023202cd0173017a028503cf013a03a400e1007d002a039a02bf00290063026e01cc014a03cf028a005f006a0398036901ff0211014e01d403b5
0296037e01f401b7020d034401cb02fd0082015601d3021f014e0263033e02db0385019400a9003e006301e8032602cc01ff02dc03dc034e00f8013103dd0281
003000400325035301c502990258007402ac03c7031f022a00d30187021502330274032701ec008f03340198005e01df01ea0100023e03ba016d00f7008e01d2
037800be00570286003d036c02400166000801bf021002ce011b011f017c025a00a5028400b702d301c901dc00b5011d025c00ee0265028b0190010c0122015a
015b0202037401c203fb006000290352001d030703ba03f0001200750224021e0386031e028d038e024803ba018800f801b1028f0333004e02550025027b00d0
027002480203022e03530133022f036f00370094022a0199017a001400fd02ae03aa00ad00f1015100c70163006c03b500ef00aa00ba02090026020900400184
012302730370001d01bf039901270223006d0311023903f4037c03e2032303c80190016c011303140338009a032901a602e400e4004e0032009a0171002500f4
023002d402f9010701c003f300cc015002cd0362002301aa0255002c015b03ba00e40159015d03c50081021801dc001e001400ce03760171022e026a004103f6
00dc0321016703e102c900a5014600bb005f01c803ed018802c0010c022002900273016301e101ff0220013103e6008c0395028402a403ff009f03fe008d001d
033201410099019f03ab009e0290024101af016502e202110125004300dc0034038602be038203ea00e70112019603fc01e801e800ea02af00dd034203c60063
0325019b00cc02aa030c027201b601c3002c01a60127026c02ec03400137010b018f03ac01860004007302990127003003e601cf0009015203b20336000001f4
039c024c003102b600b502d000a000ee021903f7035f02c400fa01a0023900670262011a001d000701fa0017028a01ed03e9031303b303aa02c7011d010c00f7
0124018d01ab020c02dd027903b300bf009c023702600134018f00c2014f02b100d30147027c004803ef0331032600bf025e03f6013202e202d5022c00b800ac
021f03630211012f032003bd008b033103db005100ee002d01b1038403c1037e02a8029d010b006000b500e5016400ae00be0076004101c3005a01f803b203a4
0233000b0237037f00d20346027300aa02e203f502fe02c9012d017502ed01f400ad008c031001190250039e0257030f019102f201b6028e037203fe02c4025a
0290034a008e02bd0133031902c2039b034a033d030201e203f201fd02f301bb038802f601530029016002fd028c02c3011b021000db036b0305002f02440296
0214016f02e403370376011c01d1002600fa0105002903e4039a007a016b015d027c0322031602d0015300760052019101c602b901cb0339039403dc0059012d
010402e50240024801ee00a30287037500ed021b010c039f029601b0005f036403e301be01400250033c02be0303019a007c0176000600e1024a0268002002bb
007802c00331032002d2008c00b5000a006100a40017032e0249019601b500bc01670103028e02fc01f100c600d70266004803bb000e030201d7016002d10249
004f020a0324032201a4012f034d01c002d30244020802ae0100021803a800f2012e03c900cf034b01b302950359022400ce00fa01e600e001e2016e03000237
01e1026200f703bd00040021028600dc01a0009d01d90302022e002d03a700430077023502ab0031039f031002d902bf021903e20313018601b3027700cb03c4
004701500198036001be032801e00137003802b8022202c6020102ae002802cc014800d600d501ba00dd01c303e703c801b502bc03b10364034803640336024e
028f02ec03fa02de03090153017f02a5009202170019017303d8035c0221029100620004027300c5026d01b100200292034a03fe00a901ea02dc009602940072
0053022a01db0140033e01df03a902fb03440181034c01c302790389022a027f002e02d701b2039500a5021a013c039303ec009a011c02ec027f01cf027d03cd
00a5024000c4014c02ae032a011c00400096014c03ca00d5014003700315038c03d300e50137004002cd00db030702220184006003ee001c039403c303c501fe
01f200ea031a02e501bd01df012301d900d8015c000f0084005b0347036401f201fc037703d800ed01c302a9030c01f5016d02fe01ac02c3014d016701dc00a3
006f01c203a40250010403240260019601d303260367018a011d02f7021202eb02fe0045037800f101bb0342021500ea03bb02720018027c0017032b01a40325
01cb009502e6033c0234022701b0008401a10235015a01a5018a03690333032f01380027039f00fd0105030100b4039f006a010e01c203a7032003e002ec0097
01560017039b028c0231039f013a017701fa035d004000b900aa030801c2031700730230026902b0022d028c014a0242037501cd03f3025c013e03dd01c802b6
02a1038700980096038b002b0078023302bb006d011902cb023d0271022d028a032e029c01990129038c00d8020c03dc02a8033803ad03bc03ab022201ed02cb
01e3002403da001e00d6024c02740110015b008a01f8024001970264012e0393021e01780214014603530028029e022602ed03c2013503a4003302ab028a008f
0140008f01a5003a018a03c0011001b9013e016a018a021a03050301002e02050210006c02b8013300fb0340027d001700a302a90365028b009e029300d7020a
005c03cd016301790373039703f6028302b702b00000034703bb01250202019d00ae0364035f0269029e0217007702b402420337021a03e901b4012e028602fa
019d00bb01e103430207020b03e901bf02db03a8037002010211015302f202d60305000d01d7034403810315012f0156007802c303cb028f0387026902be0073
03c5000400a101c900b0032e01db00c501a30061013703a20397010001fd01e4010100000285036703170103031403b8034801ac03f9039c034d030e00bc00dd
021a01bf0394032e01de004a0272000e037703d80258010a01d203db00710377002e03fc02b603e3034a030a0279036d001b0274022e02b5010403cf02a602f2
002000a701fd0089002201d603ec0048000c00ce03b2013f039e029503e40158025002de0326038b01630192019c0299023b03550332019b03d20082035701fb
03010340030a01c90121031402b5029201b90108030d01c602f5018200b3018a0238028401be016101f000020255023d0223034a033f020a00a20122031e032f
02d100b80161000700790222005003eb017f0353021a01fc014801a601f80130016b02e803f5011b006c039002a000a20073023801af00b003a303560334028b
007901c203d70161007302300149019403720139012a016e0160014902ae0227022c00ef00e6019d02b10325015e01f6039d0283014e006b00250015005601ea
01c102e7015b025102aa005b0159012e033500a1021a03d40362028002ee018c02da02c1021c002e037a02ee01cd01de006800750080016202d902cf02b60225
012f024d032b016c0143034a00c3015400ce03ff01b901e1020a020502a5006d02fb03ae019000d40397030b014c021a0059030c00f701200163005502f90306
007a01e500430190037400d300f8034501570018029c028303e3026b01f00138009003e701d003be007c0119018f01ae009003bc01cc024a007600a20148003a
034c0214025800fc03320031020b024f0291037703e903ae006d0224027b013c024a025e00180206000600bc038600bb019203eb023102eb033e03a500580173
021f00310335039a023d033800d000260364013a001502f40324015900e901f300fc00e9012a025a001f02e301040377004501b0030801ab030502cb01500032
02a7017901a903b403550017035301d9017300010369023601bf0027018a03a1010d025d024d009d03fd033f03660373025501d501bb015f00f20393011d03ac
018202ff029502be03d3003701b0038103130160031b0048038802ce0214015001d6026202410372019403b3005200410303011d03d30007033c0186018700fd
00510384017f0393013503b6014f032902b5039d00b70356011e0016008700530207007d00fd00bc03ed03bc009f03e0039601780206025403b6036203da03df
00650267032b0125027c037f01af0069035200a000c1004c0122015a02b9039302b200e50394028b027f00d9014d0169001c02b2010a035502e301790021022e
0317035000ba00be0389012b010801710370004b023302a30039035803d1013d01af0145028b0045023200fa0182012802a003ef03dd025d009a038501e50007
00ba02b701a7038400840213029d004e03fe03fc03d6029803f30093030e008001f803fd034902f803aa014d022e0370038802d400b2000602d8033401bf0067
01ef00a903ec00ba02ea03c6031b01d20142007d030b00e2009601ce02ac023b03d101ef02aa030301f901be0223020600cf006d020302ab0342026a00ef01d2
028f00ab02c102ba0004034a020c00c400ee0334010702fb00bd03bb0005014a036c03210309027602c8013c004803a7001c01d101b20043010e037b0386000e
00b90063004e023700fd0349012402f302bc02b703fb01d5036d01c10345014e034d00a100d20330009001df0175027a0015008403a901c002a3026f01840211
00dc031d003e03bd0270039802c302690325016102d6030e03c602b90198036f0140034c01e5023a016d024400a5028f02c003c8018c021200a1007b0356024d
026301710271034f03f601a900ef0327010000ca0370013d03b702c402d301f900fd02bb007b0068014b032700a703cc007a016c03d6022d0132013e034b03bd
03cb0098011b02b801b80253002203da003f02ff025902f602a100f701b8033401d002e30203036b012f006e002003ff00ae03f5035502bd0033016703f70220
03eb02c500b3021b015f007f0308023a02fc02dc01380093000202c9038401ba007c00a60186038e03950310036803eb02b90164012a005c003700f103610261
03bc02e703d4012902d40253000b0122033f00b2005302ba034800740086035203aa0047013401cd00b603d30266038d037903110288012f02380036018802cb
034b011a02b0008b02b3039c0149022500550194008500c5013a029503d100c80353023c00d50022034003c70328000b001b034900c4016802ac00fa02340231
016000f6018303c801fc0374000a0244013502ca0257034a0174012e0028033f021503ca03160110025b032702d6039b03d40048034e0073014202af00120291
03eb00be0206016b01f8025802fc002500f002f9030701ce032000240183022a02b1019a0305035001bf03a103c302ce021b01ca01f001b700d903a5017501e0
0293010301bd004d031b02150329014c00540014007800b3009301ba019b02f700e202ca01ee0259009f032103e803f301ec0113031502480147039902380221
0368037a029b02c802f00136025d03ab031802e6018100f3027101930387035e0095015102cb0205038200c302a502bb02aa028e002f03f30077011a004c03fa
001902a200c202d303f1039101520135015e008200a6010c010c020c009900fa02f002ac02a7012d0196026c038001bd0233008401d803480306000a037603ab
017301a4001701e5019e036700e503c602dd02dd014501030381009a0232038e025b02f602ed02890190029100d202d8037103b0019e037c008601cb022d011f
03a7028d03f600b600bd03e20197001e03e8035700a801d303c902fc032701c102db019a00400278015b02fd014103ef025e012500860368004702e601fc0279
02db0142016e010e0229016d01d303a5030e0029015300be012802d900c5018f037c01ca03b5009f022e019c03dc025a01ef001603a600f7015d02f3015c03cb
00c500eb016f017b0062016801ed00fa00b702b6009e033102180048000202fe02950342010502330306016701be027201db020702710063009501d9026f02b5
035e01e60230014802c800d4006e03a103610344011400bc003002df0030003c01a9017400bb00e601af018b024700b30279002903cd02f2027601a201d3011b
0170036702d2025e01ad023f013002770263017603b6037b03d500d401a4024f015a03be014d025d03d7014f014c000401f701cb03e700710362034f02160055
03e5036903b1037803da03f70098035c008e0330016700f6016a03a3017403c4005a028701a70313037a028f031c03ab039f0166016103e20063015e038d00b9
03b702ae00c000b702ba034e02d40238032c0077039300e7018e03ba015d031f01b40137022e002203fb03e3037d0289006601d4012201c40092002d01fe033a
02510192012d002d019e02940198027000e902960066034d0013021303d703f301610379004c02770134026a026a03dd010903150021000402e8030303e202af
004b02c502bc007b02c9003601100338038b01fc012202240148030c026902e2001a03b601c6003c003c01ad019e01aa012d02d60295030d00ce01f2020c0074
0024009302f400e0009603f5031b01a80165034e0387004502da01db017d01a303e9026c0318026f009900400055014401030024003b034200b40302039303b7
01680338017e01ff0112007b010c0002024803af006901ca01e1013000a700740103037b02860147025903b5011901bc008f01d603900399004e02d6023403ad
025b03f7016d02bf03aa02ef006000c90335018f023c01120143032b032003b300f701cf020a014400340230033c038001ed00f7004a03de0020015a026300f2
01d2016b015c005f015702ea008a0208001b0355025202f7013e033701cf01a302bb02bf03fb0021012400f200c3019e022e009b028c00b7021a01cf002402c0
00d2003b02a303c200ef0217037201e900f901180150037c00e0027700ad017d02840243025302fb031f00280381027701ee00b7037501a70132026d026d0069
02aa029400ee033400c1001f00d001d801f5013f0248013b03cd002203b100da0363012b02280233034a03f4010501e3011f03cd0008036b03cd02ae00f403f1
02b000a803ff038302050314028301bf015f03b701bf024103e60174014c008f01a1025e02320105036501dd00b700b5006e021b0348038302c0004b00b00050
02a8006501830276031d0202013c01d0024602fe0199015702460145026b01d00182032702e4012e008702300065006700c102df03f5010d038b02a603d8019f
0168015c03fc00f303f3029e00b90174034f023602f000cf03c501f1001900b900640034014d02a10381000a03bb026702080056007d011a01cb03c900b60024
02bf001602ba039601c6017c039c0125019a03ce0234038801de000301e102cc00b0035d01ab02ce01e4018d035f017b00ab01a1015d01af013903ac00810339
03d203e8038a0088012a03ae003000fd0004026701be026303eb031f01ca00680211004d0230024d0172027b039f0387021c003e012100ba03b4015e0034000a
031e01d301640334001c00f303a1028700a1037500bc0024025a03dc035d034f030c006b00420331016f018902d301f6033a02d700ac0105012400a203000216
02bf00a301070311028d010d007f0095005300ed0368019103ce02c1019f002b039a03dd017503000309003f00cd013203c202be00e5025c022901ab037000c3
01aa03c3006c03c8010100ce007b03bf030a02830176012d03cc023a00b703ca037001b902b701af018401ee014702fc02ab0320025a029c024e02ea01610198
03bc01cd00d1034e020c0256004901640099027502f1013901f402b3024c015701e6026f01c00306016e0056016002f402f703ae00e903890103000502710032
020c02ea02af020d012f00d10190018b0183010a0093013602700224015902d10052008e0195031901d303c6026201f30389002a0159014802120004028b0154
013101fa0118010f022c003d02fa031b03fc00750365009d008d03520014008003f603ee00aa0103013b00ed008800b70209018d039c031c03c9030d02d00273
0139032d00b7038f006500ab009a029103c70181020400d601da003b006501a1004303b900a801e9003d003f00da02550235006301a702c403ed02ac01370247
030801b2004d030901be031f0325030001b401b301f3001b0015011402ef003c00b401d300b40174003501f403a1032c030f031703330341017f03f100b502ba
031d015401cc01340190033603a5028f031d014201c5016f035e03730256035c00a2022f0262029201450210009e008b0111039900fa03a2014003dd008a006a
01ef00300172016301a103560310007802bf013d0158029e02d50072032f0339027e017d03fd0034037b006100e801fd00a00164010c017b028500f500c403c9
016403740052014502d403d7008e01d001b101e602ca01b802c9025d00a803630079022e006002d900c101e2032d03ab03a40324003801060111015e03d7019f
0203028f03e702c60279019a001202300125003203d8007500b60142013a007b03b602f6029602bd0219019f00b9007c003c00e103290046029e01ed01510239
02ce009c001201a80219038e00180045011a02fe0112015e020303f802ed0138001c00bc013f004c011e002d021e0335001101e50368002202d102c001cd0076
025f005500f80017010a02aa02f3009e028403d700fa034001f601b3019602c00058008201f8004a030d03550394006a039b025002cf00a903c70305028903c4
000d00ff030f0011037402e500cc00010394005401d603570311023a02cc0130005f03c5032e02a102fd006c01d303da02d50026033a03fa00ef01de02190298
016b01b5018e003100aa00d50399015d01e0028a03bd00bd03cd0252002b0109000b026c0011008d03e4030c015a03bd0164039e010b02f900b603c8000501e9
002a02c70328034401b9002802bc010a02df0041009b037701be03ae00940350038101c0001e02d50352007001cf00e3033c00f601bd006c02dc01f0011500c0
0340021a03ec011b02200219013903d901c001e0007f019a038d0041037101150370032902ab011a022f033e00b702f200fb03600160015d037900f90385025a
025700e4001003c90353012b01e001ff010e014600f600820021022600ff025d00670319005a03c40007032c0247000200f402d5027000b4009c016a022503f9
00a202bc03f5038c0173035a03d400e4012c010201d800e401d203f403e7009e0170025903490142007e03b9027103d0037301d4023c01ea036a03860372031f
010c03a002f3005c00f8006b00af006c020b0140020401c4032001e003030270003602630374017c02cf003a029a003d01fd026e03b302d001460006032e0009
03a101ce03ee01f0028601b3011401a401b30099014a00c300d301bb031d02f9034c03cd02d00059008400f60363005a015603930093023702bc004a021601b4
0268038e0355027201c60261016201b30363025001d7004a03d6004e02e801590175039b002a022501a200dd02be02bf0229029f021c00350202031400f10016
03e3039e03dc000f00170223011d0209021a024e03f1002203c8034a03cc03e502d9032000be0178019a03f30356011e033f0188016600aa02b5036d02e101d6
039c02b202b602f300a4025602fd03d400a0000f000602e2033a026800b0012b006802e1026a0317005b01dd011b01900293020b03cd03d8022502a402370251
0260010301e80198009e016c0227013a03b300d001b903b6034503b8006502ba02ce0149037a0141010d019f036e01e303b903f402fa02050151017701eb00b3
036f03ae0371036401fd0025015100be01ce0010030e00510380022800c70035023c00cc003902cb031c036b0189021401b40089038b011601ef034203aa0349
01d9022601690162038201fb0170029f00b40151034d00f800e801a20177031f029300250390025d02b4005f029f0012000002cf037800d50220031c02850242
01f10300026903c002a103ff03bf0163010f004d010c0098024203ff030701d602ca035c009b022d011c032c0258018f02c20123008703de035d0357036b01ca
0099025101f1021601f9037e03c4031501a302d90387037a0207011400ab023f024f00d5031102d103b603f003ed012d02c500950165000f00c100d103e9004e
007501b90254003600e601060080035f0135024d019203a202df023c025c0349033b02a801bc038f01b4005b01060176028801bd019c0210023902e20367028f
02f300c402d3032c0122025401f003cc01a9021203e601bd029e011301d400fe03c20152005b03cd03c3031403d60325014200da02ec02610201002100df026c
03c400ea015c03d5020402160305008700aa0178023c00ad027701b7003201a902c6033103140035024f004e00b901e6032000300027000603d901270207000e
03b6008b03140370033a00ef03fb012001ee03a800af034001c0029700e903cd025102df020f02c902af028602a3010e024d015702e801a600b302a602e00305
035301080008034b020c01ef0007034901640199012100a9027a003b019f02c700b802fc034b018201fd00a10356028e004f02c4020b00b10124000501c200e9
00ad030d00e702a100350135005a029102580312004201ac006202150313037301de02cf026f03920072021b022202f401c000da0240024701fc03ab0037030a
0087036e023003a10245019e03c0033e0136032d006d016e00ea038a008f0216006a011002310171030b0263016900a401bc02f9003a039502b40049002d02ed
036702c102e40384024100dc02250028013303260364025301f70350036c01930224025e020803630059028e00fd0173035d031b01e3012c007f02d00114009c
02af002401890059035e01d003d803f10065031103cc03930131002200a80343016c033a007e015100930122022b035802410396012b038a00e202a1023a00a4
01cf000e03bd001a02bb00bd0092006801a5031d004203df0017011602b001cb010200e300a20315038b02d3031601c000f000f301f001f3004302ba00d703e8
039703bc00ff02c801720161033401d201f700bf03c4036802ca02db03b60153016b010203bb0135014f004a02eb030300b4006a016100a501e5036f02110171
0202015f0214003e0238038a038d0239025400c7017f01c301fb0300035e02e8005a02ff01b201c803f8032002fb001902ad003a037300b000cc03dd004001c9
01e5010e029a035301c000040168023401c701f6023a03c9022401b703ef03a5016001410284013f01b20362005a0311035b024803ef0298007a031d01620361
00ba00a0004d030f0062003103f5039d0181035a0159033a02c7022a00bd00ef01bc0179008c02c2020300df0282017c013b021e0392011f036f023a027803b4
01fd00c203c003d302b6033a027c003e0149004a03d80046007c023b0255028601fe00ad008201a4032a0288036601ad03a0032701f2016702bd00ea03ec0167
01dc00a302b202b50296020e00690008022800530351025801b102d602eb037e00eb034f02f100ff0364006302ea03820362003303a7005101d40162032703a5
03a4034000c401bd000a016d026600c603c600050327028e024f038e02ef020401ba0034032300db00630047007901920116031b0347022a034d03d60204017e
0366025901e603ef02dd025c0342034102d603a402fc0369002a02b901f2026001330301028c03c003f3019f02fd0252039d003b030f000c000b019d038202f3
02a6034203da00d10133000703ad01fb001902c803e803f5038c0016026503ea029b029900c30154007102950372036000f403d801950035039600ad02b9024b
004f002f0219001e01d50141031a00e9006a007100ca01c4006c0174006c012400dd033400aa006d010b016200340060013300740122034102560037003b025c
037c0134001a035403740232009c03c302d500d9037202c3002e00f3003d00e902060208000101310013018701cb0303013b02be016000440201032e0045023b
013e03b6033b01a00167002800fe00cb00d601560063023e00f300160358025c016001cf00a5007300cb0252008e01ae01d800a8021a02330228009a029d0076
03dc0181015d006e01b0030c033c00d802d20202015f031500c402dd030901110090022e014c019a02aa03de033c003e0148019a02a50261025402bf026201d4
0018032601c2029e006a02b5007100ed027300300185004202fb0020020f02e403d6005c03a9032e0117030b024c02b000710344002e03c50366006201d402f5
01d601ae03bd03eb02c3009103bb01b8021901500352021503d5019900d90289001501160191008c002000e1016501c200ca03f903f8023c00ec0198032c0394
022800ee00ea001a03e700170049004403f70324009e028702550338014e02b8003e0308028f039901ec02a40260035d008d02f80299030f03e1015600f000fb
00de020a00c000f6018500c5001e037a017003e70028031602540388026103d403cf024d002501d503f40236013702bf028702b8022d012d007501b7034f0113
0370022d011d025103d5037f003103cf022b01e701fa026403b00245023102fe00d603c000f2035703c701c303f6037b024202dc03470342023502a4032903a3
01ec03a7034d003502ae011d03d5025702b900c003770362000800420368029503b2005900fa019600970094036d00f0035b032d008b03640393027e009c01a5
011302b300ae013200b60308019903a1001000a1035d0137008702970012010900d60066016c03fc011c009a017c03d103b903f103e601ea016b0307024b006e
0064007c036900dc0210038500db032401960298000f00cb039802370247021a02ef00d2016100b4016a031401ed03d4005f00090104010601c301a700010177
031802e402c1001501fe03c3007f01790046008303c3015f03a703dc0215038a01f5000c01740109036a01b40329016d02e20358028202cc00a7015c03ab0188
025b030e025e023201ed01ea030a01b00198028801f902d500f902c703b8006103f902e800b1029c0234028f036e03340139011402d902ae03c202ba027e0046
020b024202ba00e902950278024b031c03de036502ad006a009d01d1028b001503fb0190008d03d201e103c001f601d602c800d20230004801ba0355023701b7
020400a101d00087031903bb0270017303fe01c801240059039f03a80342038900a500ae035d0107008b03970300020901a00339005c027e0389013203f40150
018d01cd037400a900ef036001e30284017f006502cb027c016c0149036a039b000b02fa02b903b300e8015903bb0304038f036e00680149022402b202540048
01d7013a03c700810012031f02b100a302070283021103bb006d0117001b03b00201017600cb032100e101b3020203bc01fe034b023d006a009502d102720096
027d025f020501e003150054035101ca00f9009f02af025702f2007b00cb00e7004102a802c4009f03f103240295016d0226031e01d9010203fd039b009803a8
0012024800950167027f00c300c900640005007e011a01ba03a7005e008100a602240393005e02f7015e03d60119009a003a02e7015503d603c100520127009f
0321007f0244038801750097015203b9023402ee032300010065032403e602ce039502e603a702ef015a005e0314012d032f03450107030a027d026a02ea01b3
0120031f00b801fb03840327020700d8012702f802f300dc02d20288033b00380172009403d1010f010e01f701a2032b007b01e100f9030602e702ee031e035a
0224033e01f9028802ee02c500770094016702c20070025802b3002c018b014600ff0395025303fe018101ac00a8032a03b3021201f800a3029f017603d402fd
005803d4039002f70374001e01b001db01d503ed003c01de037a02da00a2037a03b102fb013e01a102e5005702fa014a034c00de024001c401c402e4033401bc
025a02b1030b01c2035803d4037103ad02ca03c8036000fb026c025d02e3012601ac0083020b02bb02bc015e0253015903e4033803ff02d2031a014a01bc0025
013c020a00db02ee02b701c500b7024a00bd0372006f03a702b801af0071012c01dd0225003203fb023b00ac00be01ab031d028502b600420343025402470173
018c03c30219023a02ee025003a4003d009300c8016a01ca001c014202eb012403a003ed00be00dd0302034102780065032d01b80077021103ee03a9029a01b8
01280233010903d2005e037f03b90158039e039c028000ad02d1036901610300034f029900a903fd022c01e600c501cc03f9031301c9002d001d021c02c80124
008e015f03ec017c003501a6026003cd003300750377033d018e008d00cd02df016c026603ef00dd02700248013403b9028503be03e5005f036300b200d60305
025c00540347026b0164010f0129030101b50263030a0163032a021402c5039f01ba00b50020027a013600d703e6010802920080027a0212007e01100163016c
028803a30190021102ef01fd02a603c50000001f03ee031702e30353008f03de02d4027001000234022501e303c603bc00e603ab03ba005502a40038014f03d8
00cd025f013f016a03a301d5009f027900f302af008e01710390022802e40282017b02f802600209012301bd01b201b8000901e10322038003ed026502a30038
005e0047018903fe03eb01a4007d0072003c012a00c300d600ca0068023401f900bf032803e203c203f30397009a02590175029a007c024201bb00db02f80309
038a036f0168035203d202f203530170027b0222004201070327001701ee0214034f019703e101b2013d00ac03fc01bb025500ba00ba039401de03c9020802af
0179005a02bb031a0043020d016902ce0312013a01a6033701cf010d00b7036d00d10102004b024603e801a500da011401b202e00091017b010f027300f603d4
025e01a40313032e0398023c025e015403d4038e019c021c0010026f028900c5009501fc019303ed02f3039503d2009b021b00ac001e03140090023101da02f3
0036026903f1017403a7011000710161007d0238009d004301a802d603b103c4003503aa03ca02bd0094023700d803a5025802f601f90312018703ad00a40320
02c20106013d02bb018b020c004e039700b4000b00bc0139017a02320106025f001200cf016c026c008b01ff006c033401970388039000eb03c400a500bc0036
03d903070042015a030502a5029c025701fd00c803c90186005e00cd03fb0343013903630075037702e7025303e9029900f802a60253035f0356038101d302d5
02ce023400ea0174009d03c8033f00b902480201000d01f103cc014d013101bf023703f1029e027601410182026c002e03f601930117015603bc0210010e019f
00da03d7021400ce0158030a008e004d02bf01f2010f00f1024e0161018b0206022301be027603a9013700f703b201cc035803460313028300d103a4005300ca
012b014f03cc026901d40127023e007201b902b90185017202ec002302c6002502f1016200d602fb014c036b03620197003b0388024700cb00cd03dc02fd02c2
02e5038c03ce02cf017700ef02fe0059024c010802c301db01e103ac032e00ba00d4017c0097015301fa0133015d00650292025401f403e003e7008503f70275
008e03a601c90202011001f9001c0208013e003b03e301c7019303c101fc029002e503d70078013902ca00be0334018002ce027e03f0027002fe02f80092011f
03f103e7016803c20026007203cd004501fb01fc024a003a015403a2027501f501ae006502ad037b038200a700b90298037d0359011d00f502b0008501ba0399
009903eb0156027602e60244018702550100035b02c502de01bc03e3006f019d01410166006a03f4001503b7024200a10002028f01b401cb002f0066027d0106
010b01dd0177016b015b00350196000b01b402b2009d02bf007101a701ac0326022d0301012c00650352030800c6033c013302100280036d035503ce01a9012e
03c3008f00c601e40173022500bd03d1030202b6000902d80222026402310249007c02cb006c031f025f00a50109015401b801d1007600ac03c10102036c010d
034202ec03a0011b011403f801ad01ab036a01dc00b3004803f9028c02f2020102110041004a031103cf0031010b00a500710063029402cf01e503cd025c004e
01c6021002f5002301ea00c60233032203d0019e03a4022000a3031003e4035d01b600670284009b037003ec03f0011501b1001f02ff01fb009d03e002210170
00e6020500a90211001a022e0370026b02c50388013100bd03d802170010009e027100da03e102a5000c02830220001c0043003100e60259014c01d200b60337
00e8031500d70173006d01ff03fa00e9014a038602a80013026d029b00e5037702670318007402030111011d0286033a01b003d6012200dd00a701ca0396027b
0052035003fc020d00e003d002af01f6007d01e903de022301a900610324036401bc024b0147015e0112017103aa010e0161010801e003fd01b2004c005200ce
021801e4035f01cd0230039a0159023800e403720266001b020b01b6002b030901cd035503ba026c014802a2015e037103b5008800d7007e03fa03ab0392013a
0393026900bc029e023d01ae008a03940367008f029901cd03fd010903ff012402ce036a0082010101eb03cf001d037a02b800b5006003a30182005001b901b9
024900610215022e0237000e023903aa024b02050130000301740281029d0067009302e003840079032b0336003602ad03c50008011b00e700aa0222028e0293
00d6005c03a303ea001900bb03840106033a00860359021600bf019402a800f3015700af035d03bc029200d20344037e00f503220375005b018f00b1008b0173
01f7018b015e02d002b502b000ae011e006a01b3009102b800b500140076004c017903ad03bf02a4001c0393010f03f6001c02ab034c00dd00ef013503fb0301
028b005f03e2025901fc007300fd003e017d009f000a00e8001502ea013403090193027800b303d502fe0165007002db0379012003dd01c600e00023002e0102
00ac024d011901cc0211022b029a037d003903180384029401a801b801f2002503ce032c00f20388007601c4036d00a6028203d801e503cb037b0328016202ad
03bc0032012f010900e8019f036e008f00ce021103e101c5029e01cc009302aa03db016200f6032700a000710330025201de015400e002d303ca01d400a0013b
026b03240230031f004b024701190054033e013a03d400a702dc020a00b801b501ae0103038b0291025f006b03d602bd024d009601830282015f00d501290082
012401f601af012002e501340268004a0329003d0118014f023c02e0003300d0003500c803d101b3001b00210281005b03e4016b010e009c0381006f01ec00bb
00ba01a403570193014500a002a4036802d101810181038a0102033501b400a20322004d038802630347001d01cd025002ec02ea016802b001b001b300580088
03b90135002603db019c020803df02dc036b00ae0164020c01940277014e0100030501eb0225005700d6016f01ad037c01ed034100960004024103ac0288025f
00f503110164009703160102009b003403a0015e007400ef011d03b802690201019402a4039e001403ef0346035501cc028a0362003200dc00a500a9035102a5
01d60369023e00d1014f02280029017901230271039901f900d103c002de00d2022502d603e100bc033102ef00a2024f030200fe02390114014800c701d100ab
031a00b4038303420100028c00d901bf0086026c03be0085024701ff033f0173012e030a0066030a0280037f0241018c01ad03bd02380084003a01bf025c00da
0307013c02b3000a00ce00ef011803b7025d039e01d400220371034600a601d502d401310296008b03630128019e038201bf02cf00090176023f0191019201f8
003901fa01c602b802a60309017c036602cc01b6009e02bf02af03f5036a014500eb0218021c01f4000502f400b40265018103b7035301ec0199023502bc0220
0066016401e70269003600bc016f03b503fc00c901170310023b0141002201b200310299039a038e01f902aa0051010d008000d600010376033903a602f500c3
02180018023802240294008d00ff025101db03c9002502e3024a012001a5005800220104003b021d0373001701d3025303bd023101c600350246032d02050169
0206037403e5028b00400158000002b2018400fd016303df03af004a01a5022f009d024d036a022603a503f60260019701f2008e00d103b603e903df03ff02da
0190021103ca0161005c031000e5004f024900aa03480151027f0112018a018901480001015401a802ee027d01d50084006001c501aa0022014903d70001039e
01b90338038603c503a60021033403ce030402ed0253022d01e00311023902d002bb0304036102650245036b00de0282035701c4012c0182036d025102c101a4
00dd011c037101e102ef024402bd034e01c401c703c003c5007d0043023401d7038b00dc03d8026102aa02dc038b003c028c0099012c02d900c7028900d9021a
01a0038903f1008c02ac026d026803d50367012002b803d100f6025c02770071010201ef03d500d303d6034101b70219007200a8004700f0038b01e900ed03a7
01f9006e02150082022900f201d9038202480385032d01df0084036f01d6030903a6008503da02cc02ec034200a200b601ae02e9034d01990338037e02500000
00f402240331008a013800d9000e020d012501a702c6023903eb034b011701fc0159002901730301023903a703b400f2018b005f012900e6021d010b01aa0134
00ba002f008400b300d70374013d03c9034c019c03fa0144017802a500c600f603e7029403a9036a0275025002dc0345030100d10051007201c303a802af03de
03a5019201e30088015e00b301f3024203ae037201e7023900d9036502de0010036e01d6011b0233023c0380021902bc01fb01db02c0022103ae0142000302d6
018302c5008f031c003802330031015500c50292029203100367013e035603ed03f103dc00b7000001980232004b027b03f002c40274013801f2006503380325
004a01ca00d4033d028d002803ce012a00da03a503bb035c03d1000101f6020c036e021c038b019901a5020b031603c103fc024401e301b4015a015c004e0068
007001800393009e024e034602de036e03a90250007d006702ae03d101f503a102b1039303f50107024e02920088019802b802f80271029901fd017f0395008f
02800204015903a0036602f201260090032102820374029300680203036c034c037703a1037d03a502f8009d01d2002b014a000f01fb017700b5021702d20198
019c004c033901b301510112025e02c3009a028503a0033700800243025700e803b3035c027403f1004200c801c403cc00ec02ae03d20274023c0034017b0021
038302f6028402b7002500b2035600cd00a90089034b0363015f02d70105020600540205009902fa01cb03d60219019f01d403db01b9027500420176019b02f9
032a02ad033d010d03ff0170026c0023002a03410201023f039503d2003e03c7003b03ee02460268037b018f01a000f9015d0031025b019103fb033303bc015e
039a03f700cd01c202d5030801b7035903f6005a018c003700eb03640295023502b70262030c01a3011c022402bb03a9017a02c8028c000003ac014401d0032f
03fb00a901bd02a5023a01bb0306035303020218038d004b012e01c702d700fc00530212020f0158023002ef0160011503f0001a0065007101120226015d002d
0137010a01c803880005037600e503ef00e0004f02f9037e027700df000e022c025303ff0072028c010a03ea019002e1011b03fc02550126031f032d034803b5
039d037d010201e50155012901100169005c00150129020b0199023b027000fd01f3024102f1004101bf00e903660137035f00ab03d6008e00790202036903be
00a40373009c03fd01970130037b00b502f1009303d9009a0080012d0182038c038a00e001a9031703c4025c00d30074021502e7034a013203b10239039e02d6
0324033e01f502c6006a023a0206019a00d4033502b802f7036d01c600bb01920027007a01af023e00ea025d003002b5033c03d50019021f007f009d013502ff
01f0026b00a2037f03a102e3023c037c0245014d008702a901450112023800ee00eb0147034e032d01a303e60106002b0167025601f9038e02da012c030a011c
02af035a02a10192033c004b02480320022a0303035102a702c0010e03ff03c500e200a602f003b6004b01f301f4028001cf020900a6025d023302f8030200e4
02fc01e70000032f009202970015038b0348009d035801d002e201cd03ac037f013e00c200c9006600fc03080335038b036b012b03ef016500fc01b4026403ed
0355039d031503920362005803f4034d019502d4023d03ac0242002b010000a7008a0059003e01220032038a00e103c102e50291036c03ae02e202d302720048
006a01530108015100bc012203e2027703f002a3004603a6034401da03b601fd00200331010601ee00840344033a033c011c017803470357021a007d02310161
017201800320022c03f701d00069036701c10063008c03e0015800a600c3027f03e90072034903f503cb02ba017e032a01f001c401ee012f030e0353038500e2
010c020b00b302ef001d037102380228036202ea0112034b008601bd0034014f01fd02c10210032003c801e80265039b02a1016302ac01b603f1004300dd01b6
02cf015f0086026e03b60366036403c003f80387025a011e019a017d034d016303400142013c03ee018701be037b0253029b026d00f1015e03e103b000720201
03c700e303e1031200dd0066011a01eb037b03c60153039000ea03af01370324010500e203a20335020d03a8006a03fc03d8001601b802820069008c02540089
03be034702a4012700f50096014f01a6002602700284017902cd01750111022f02e3021e030a0028012f025b034502c7015d015b0000024c03d002ac017f0231
016a008b012d016c022b01d402b703a400ac01bd02ed015301e6011803df024502620310005a02eb011400620055004d019e01dd031a006603ab006f023202d3
021a01de026601cb004d007203980222006c036402c90339031f00a901e702bd00a20027005d03ca018e00a402a7035f0087033a02c0007f03ac02e3020e033d
00de027503b5015c029c03030398000801da02e9022900bf004801be0078012d0371024702c4038903550152013c00ac02ad01680012003703330069019501b5
0286001e00c6011d017e0079022900c803da008603b803f601d7025f00d8000e014102a902480099004401e100d7000f0052039503b300f100f2021403ff032b
03e103b5011d01c000da026002b1007700ad03ba015b02950301002202c702a8026502520318019c00b70100032301ac03d402c002fa031b01cc019f032f0303
02b30100017403d00354028f02fe00a200b201c003d9000500e0030001f300c601c603b301bb0248003601680122034b02f9010b01c3004e0383017602e5016a
02ef032200190344011d002d016903c000730001001d0023003e00090366038000b20231036c003603ca02e50268017103f103da01fd023c0015016401690039
01cb01ef01bf02b801d00162026d00ac00b70061036b001202490131002f01ab01a0019002f903ab009200490079030403eb01c401ca00ca011c033f00770272
01f803d703f4019e03e5006a023100c903b70385009200170024025001ea03cc014b020a024301e0034802ff004400d902e7023b02be021e0134004700eb03f8
032a0178009402a402cb00b0026700c4004301c1035d03d7015802cf030f0172021a020601fd01d802f102560017030901d902bc02e9028602c9028c03a90082
017b007d0364039c01e9038f03a0025c03290269014e002a030b00940146005d039c03b8034f020b03b00087009f026d02b203a0030e009c03ad034e031e0081
03e503a3016a018b014003f5021100a7027a00f502f3020600930058011f0210035e02ed005202a002380338012002f301080071026800320325028b01a40275
03ce020703c10139013200bd0195000c0360015e03b102c900900378004d030601700044033800f6022f0208039c013b004402a4012801b903ce00660143002a
00470092039e035200a2003601f9031a01ae01870370018f022a03b103c9035b00e600d1017e01b102750074039500fb01f0029703160319033c00fa0132008a
03250204038d015f03210019023202b80040026c00e4033d023b032902f10297000e00bc03a0006702d6030e036200f903d301f50303015501ff007303ea02c0
020d002b00fb028601750296008e008e035e029e000d02dd008e026f019102b4021801cb02d403b302f8039d0056033002fd000f03940216017202f3030d02d7
020b02a7006503f701a103fe034503a202b5016a039f037d03bf00c9032301a200e603f1035c032b026600b701070149035c02f60071019e00830073029d0162
002d025700b0009b0328022b015a027f026301d40204015703d503da020f01650357036e015b039b02c30298030b02e802aa02a103ca03f1014302b1035501b6
01b403e800c00208011e02240047037f028e009903df01160147008b02da002200f4030300af02fd0273036701790181014f02cf00ad03b000b1031001660027
027c011d01e503680358026602ef003e01ec00a801720247027c017601b9027501af018e020e02bd00f9011901fb01be01bb028b029503fa00f6010901f9002b
02130046004c01ed03d201b2012203c0033f01e0003c00630303021f001c032000500285014701b0008003de018402ed0314028c00bd03d102e002860001037c
029501a20085019503af01950194012c016c006802740349007a023e0201037e022501b80239037b00d201750163012d03a9018602a900ec0069008000880010
02d50114007302e902b702a40032008102230087019c02ba0315013f01e2034a01fb029e000f033b032b0329006b035c02fe01d3000c0332018b0345038803e1
02a00283008e02860118029f02dc01c5000203d4027f00d303f5013b039300f400af0316017801bf00fb01810364038101db0244010d0302039b031601090298
038203c0026602fd0010026902050108023b002f007900d003c002a70222000900fa0265030602530281026a03cb00b20315016701f5030b009a026800150126
01cd0045010b03010055006b00c501b701a9037e01fe0164009b0204026c006d006a022e01a20131025f013d02d4024a023d036f02390219002103e3024902d4
001702cd0040001502dc006c006e007503210339033f006b023d03f903020042003f016403ec03a90131004d01aa008a00490018032b024000810207038d01c5
00e4004d021c038401b5012103b000a700da00b202b6022f01d100c6020e03b401fa02f60326030a02dd01cc03a6001601fc014003c70069005401bf00c50148
0244035d00d40184011e00b502a402a700a20391005e021c023c00cc037a02a100a103f002ac03630263005901b00055004600550086022f010e02c6017b0297
0106012b019803c8037f024d006b03520292010500dd028d0114021f0102038e01e8015f031f032a0391039e026502c40033008603b5003001bd02c802fb03e0
021800790019021c0313022e037d00d100f20056024b008500ba0195014d01b702b003a3007202d400b8037701c703ce02a5018b0026028a03d40379010003f5
03780286018701e300d003e703fa0381010d028c0315011703ee03fc0395013d0391031b014b03b700d601d4024203d4014b00460399009a008f03150135037a
03f3000b025f02ce00b000af03d6004000ee01ec01f400a500ad013e018f002e018c009d029e0219006e00f300840257019003ed0026029e039500000110006d
000c023600690186013301ac01ab030e03d4013603f202710295012e03ef0398021a034a013d036801a0022c02d102ad03b000ef00020254028c0179019702a4
03eb0259021700ae0192004f033f022c019802d1018f006a00be017703510234007402ff002700a4005702da022a039303ce014002cf02fd038702f4023402a5
009c035700e300630259009d012100d902450195008302a40014037603a402c5011401e100b900bc01220278007200d1011b00b700f400ca03d0027f007d01cf
014b015003dc0215018e01650122034801d5005c017d0082017201ae027a00880113030b01d600ef01f7020f0156016200d300c1008800150398034201f302a4
016001ed02820276026303a202a801d3018d01ff02f80106000702ac02f2009801bc020100c401af03eb009803760144018d0060037d02ad0365019a005503bb
0388010f0310021102af012c001c01ef016c01d80379000d03cc023402600061036002ee0185029b03e401ee032b03a302e2029900d401c1025b03fc024b037c
011700120137026503d00040024103d200cb005d0052015f000901720034016900600117022b028b0008021200af03ef03a203b903610174023c00770253024f
03f600d003d302ca032c031e03de002b0224026b0116014401ce02f103c50362002303510085034b021300d900d002cb017f032802d3006a021c015700b90128
015100a4001602c10273029f013c02a9025a01cd032e0005031000e301cf03e0035f017e02b800f60363014e00a50304002a037c005d0131023e027c02c30108
010f032103d301c202bf035502b2031d011d01ed00a001e8000a0076021d03000148015a0336024c005e038c02e90047016102e10289026700b6031903040389
023003b1033502c000f9036e00a20255023502c000cf00c0000602ef034a0009012302a70035017f00c40248031300fc032e030f03580113026c0390038f020f
0168002502e6020b038c02d003b9030d00da0181022500430398006d031600440002014403c7001b026f0132021b00c503f8021f034d014401e00018022e0036
026d020901210283001601720073002200d5007b02f402ea028203770137023602dd01d70181013002c70092026f009c008e02e801b5003a0343023c0241000a
03440210023f031e008a0279009a03c002c502b2007002ce012c004901e1022e00e8031f01cb010c005103dd02bb012f027103cc0138030400760114029900d6
028e006b0382037700ac0387016302fa0381032403f803e3031e037801e102fd000e03fc0071010903ee005501100030031f004501550177024702af020301f8
0187028002c0014603bb01e601620343012402240180036d03ba03f6022b01c6022a010803f5030902a1018701bd038d02a703e2036400a601c8022902c9036a
00bd02cf01c5027e00ec01c8017c02d7006a02b701fc0285003e03b4007b032100f60000009b01d3025200f102200053008501c90277023e000c03ad00df00ff
026a021b00dc013a0221006a03e001600273002e0336014801c102df01a802fc029403010361025b0188026a0162009a0238002401b200f2032803d103f902ed
036f013c00b8018402f30270001f0319033301c0035e01ae036e00c600f4026a0138008d002300c1002e020b0100000501100246019403f603ee0191008303d6
03220201034d008b0190037601b403c2002d010603ce001c033f002c03ce01e602a401a70037035f03db0158031c010b023801ee021e0240036c00c60160005f
0084004100ff030300ec022201ab00c9018e03830324031f015e038e02ec028f014c0281015e036300210324025e026000df020d01b80111011a006902950347
026f0052023401fa031b02e10108029903bc0286038703bb0092021301c0017f004e01e3029d008200cb03b600bd03e90119037603e40010003f013d0395012c
03fa00e0036e0068023c0102022400f8020d0251006a017302e60199023103fb0360003300a203ec020801c5021b03210298039b005901be01f3001800940127
008d023000a603c7011b0182036f02fa004800bf015401a5030b0030007203cb02e600c100f600a8030b012e0009012200ae02280154029202e801d703dd0309
024a010d034a02b1012200c3013301bc037501e603ba0205032403e90198019803450205037c0315036600e701a3026403cf02b400e9016d01bf02bc0373039c
03450259018901720305010d008f00cb01f5039a01d30376033e003f01eb0233036c013f02ba019500a60333000b02bc02d400db03ec0324024901970043023b
023502960343030003a40127003801d2010d0058010a03d7017400b1031d00f800de009e03c501cd013b027902f7031503cd033900f5024b02ee03f601cb0296
027502b1021702a501580143034d007103b7018a03f30369014003bd01ed037202d1027201110329032802dc03660028031902430324019001dc0091010b0266
024e00f501b703f901770025031100a70173024a002f031000e400a400e6018c034303d203db03c401b8028800e901a8019103cd008301b3035900db029d00d1
025201e002020285012d035200ad021c01e6024b00ee01fd01940289024c017d033202420366028e000301100183035f029001f8039e0395011003c900af020e
028e004a01dc038c031b03bf005a01d40110010a012c008a034201a902b1012603f50142021f0024035d008c032d021101c301db03af006a028e03e101d2015a
02e3007802d603830271038603d000d000a902b401d7007300a103ec01e1003603210094031b01d3002400e8024e0339012000c200830193012a038e033c03d7
031801b600f0015b00e9017600f500b200850163035f028b01df0225005902fc00e7006a02b30095004b037801de02a903cd00760059031501c8025002b4018a
006d014c023700cd00670267010d029e0210009702140196001b01bf020a027f03ad020700e903d30085002f02e0017b024601370362026001d402490398028d
0287015d005a015600cc036d0042002b0280008d018e0049021900d8029c022f0261027c028c01180100032d017000ce013302a703ca03480244022d033202c0
01da032d004802af02c9006f03480155012401a802010012020300de003b01790126033a00b80278009c02590050011a03bb03eb000901d1012d01ee021b0163
027001aa0136022600bc00b8013a011f003803fc003e022a03280099002800750236036501cd021500ff03e7028e01d5039702f2017d011d01aa001d03cd02c5
005401d50164033f00fb03a402bc01be0307006200b80328024f0282024c0226032403ff016702ad03ce0153030503c101f60083029f00560065026501b601f5
033b0059012901ad030900ec022803dc027a031d030601e90055004e00c202e50253030901cb025401a301430167032703f4032501ac011101880334037b029b
00fc026d0175001d00e70251029000bf00dd034c0153034a01f2019f00370386032d02ef0350034101f1023c032a03c6009903210262026e009300d100120383
0007036a034c013d015c02ea01c2003303f50085039f02460079038d004203e500d903a202ca03e7026c031a035d021c037202b10190002602b200390057020b
02e7024503cf000d00d10386017a01ed026603a6006003bb006e014a039502d201a9003700fe028603b003ac029c00ae03470333027103940189000102f6032d
01e40070003902bd00d6035200760165001300a6028a02b300200016006a0374006002bf006502d2003a025d015501d5036500d7029900c901f7021202200398
011703010042036403bf01db008f00780183019f002c00e400a602e0029603eb0290000f010603c403c90309023d021001600338000000d8006201d8033200d3
00ff036f03fd004e027102e3031e01dc000402a0003f02de02f6010703ce013a03210045039b0310038b019103da02e503d7026f023c008b00ce035403da00b2
03d30265007700ea032c0309039b02c802fc01a302d10343022f025b030c020d032f0132029502b20384021a0270000b031300a101f00257007602c000530069
03c70266021700db03f1012e02e800a1028901a3003400b900cf017f02c2026d0271022a0348015a0345018e03d502d3037b019001f70032037c00ba00a901f8
0283003501ce01cd030a00ae008500f101ad03c9019001d50184028e0121016602dd008a03bc02d9013e004f00ad035900c2002002cd011902fb03cc028203bf
038f006503fc01bf014600a70385027d013603d2039c03ba0008025a039103d4006101a60101001b0247018a005a0049020900a5011501a5006901d002c40181
014d003a0050002001820192012b008501d902840121002600a300a8039000e102f801200211029700e501e6013a000f000b006200a1005500360160019a025c
00e302bb02ef003102c1037100e9029b009b0324039b010f02ce01fd00880128009002cb0193001803bc0247012f01fd003c03f5033f00f700f2035f007e007e
001301a00321039b0046019502dc03f70190030f009a0157000003ae033501e30206013e00ae01ae034d00bb011101b00214028800f90192000b024600fa0033
016800c803fa013b01b901a4016202b803bc01bf00c90078036a00d2038e03e40289015203a201b5023f00f301f203e502e9004d011d033002d70272000b0228
00c6017d018f0312022a01d303a200f601f1023c0241001e00c503ba002c0304016502b60255036301ce003c014d022b02d902d40032034e031201eb023801f3
03c501790237019901c9011d039703da02f50108038b017f02ef009300d4025d0151011a0348003a000501ce03090029038a00930089017302c40043030702d8
01ae006900c80011002b039400a500ff028201ab015400aa0045012401c901d301040251025901be03f501bb017702bf01f8031203b2024002e70065039701e7
02d702a50308034a0391002b02ab03790164006901b2011d008d009c0260025f03180232020902bd0172024b02df02f7038703d9022b03190007031b010f0348
03ad003f038603ad02790302031a02af01b90021034602fe008301d90233016a002a02cd00930216014a004a007f019d0343002f03b002e3028601ab03b2011f
000000000000000000000000000000000000000000000000000000000000000000000000000000000000000000000000000000000000000000000000000001ff
00000000000000000000000000000000000000000000000000000000000000000000000000000000000000000000000000000000000000000000000000000000
00000000000000000000000000000000000000000000000000000000000000000000000000000000000000000000000000000000000000000000000000000000
00000000000000000000000000000000000000000000000000000000000000000000000000000000000000000000000000000000000000000000000000000000
00000000000000000000000000000000000000000000000000000000000000000000000000000000000000000000000000000000000000000000000000000000
00000000000000000000000000000000000000000000000000000000000000000000000000000000000000000000000000000000000000000000000000000000
00000000000000000000000000000000000000000000000000000000000000000000000000000000000000000000000000000000000000000000000000000000
00000000000000000000000000000000000000000000000000000000000000000000000000000000000000000000000000000000000000000000000000000000
00000000000000000000000000000000000000000000000000000000000000000000000000000000000000000000000000000000000000000000000000000000
00000000000000000000000000000000000000000000000000000000000000000000000000000000000000000000000000000000000000000000000000000000
00000000000000000000000000000000000000000000000000000000000000000000000000000000000000000000000000000000000000000000000000000000
00000000000000000000000000000000000000000000000000000000000000000000000000000000000000000000000000000000000000000000000000000000
00000000000000000000000000000000000000000000000000000000000000000000000000000000000000000000000000000000000000000000000000000000
00000000000000000000000000000000000000000000000000000000000000000000000000000000000000000000000000000000000000000000000000000000
00000000000000000000000000000000000000000000000000000000000000000000000000000000000000000000000000000000000000000000000000000000
00000000000000000000000000000000000000000000000000000000000000000000000000000000000000000000000000000000000000000000000000000000
00000000000000000000000000000000000000000000000000000000000000000000000000000000000000000000000000000000000000000000000000000000
00000000000000000000000000000000000000000000000000000000000000000000000000000000000000000000000000000000000000000000000000000000
00000000000000000000000000000000000000000000000000000000000000000000000000000000000000000000000000000000000000000000000000000000
00000000000000000000000000000000000000000000000000000000000000000000000000000000000000000000000000000000000000000000000000000000
00000000000000000000000000000000000000000000000000000000000000000000000000000000000000000000000000000000000000000000000000000000
00000000000000000000000000000000000000000000000000000000000000000000000000000000000000000000000000000000000000000000000000000000
00000000000000000000000000000000000000000000000000000000000000000000000000000000000000000000000000000000000000000000000000000000
00000000000000000000000000000000000000000000000000000000000000000000000000000000000000000000000000000000000000000000000000000000
00000000000000000000000000000000000000000000000000000000000000000000000000000000000000000000000000000000000000000000000000000000
00000000000000000000000000000000000000000000000000000000000000000000000000000000000000000000000000000000000000000000000000000000
00000000000000000000000000000000000000000000000000000000000000000000000000000000000000000000000000000000000000000000000000000000
00000000000000000000000000000000000000000000000000000000000000000000000000000000000000000000000000000000000000000000000000000000
00000000000000000000000000000000000000000000000000000000000000000000000000000000000000000000000000000000000000000000000000000000
00000000000000000000000000000000000000000000000000000000000000000000000000000000000000000000000000000000000000000000000000000000
00000000000000000000000000000000000000000000000000000000000000000000000000000000000000000000000000000000000000000000000000000000
00000000000000000000000000000000000000000000000000000000000000000000000000000000000000000000000000000000000000000000000000000000
000000000000000000000000000000000000000000000000000000000000000000000000000000000000000000000000000000000000000001ff000000000000
00000000000000000000000000000000000000000000000000000000000000000000000000000000000000000000000000000000000000000000000000000000
00000000000000000000000000000000000000000000000000000000000000000000000000000000000000000000000000000000000000000000000000000000
00000000000000000000000000000000000000000000000000000000000000000000000000000000000000000000000000000000000000000000000000000000
00000000000000000000000000000000000000000000000000000000000000000000000000000000000000000000000000000000000000000000000000000000
00000000000000000000000000000000000000000000000000000000000000000000000000000000000000000000000000000000000000000000000000000000
00000000000000000000000000000000000000000000000000000000000000000000000000000000000000000000000000000000000000000000000000000000
00000000000000000000000000000000000000000000000000000000000000000000000000000000000000000000000000000000000000000000000000000000
00000000000000000000000000000000000000000000000000000000000000000000000000000000000000000000000000000000000000000000000000000000
00000000000000000000000000000000000000000000000000000000000000000000000000000000000000000000000000000000000000000000000000000000
00000000000000000000000000000000000000000000000000000000000000000000000000000000000000000000000000000000000000000000000000000000
00000000000000000000000000000000000000000000000000000000000000000000000000000000000000000000000000000000000000000000000000000000
00000000000000000000000000000000000000000000000000000000000000000000000000000000000000000000000000000000000000000000000000000000
00000000000000000000000000000000000000000000000000000000000000000000000000000000000000000000000000000000000000000000000000000000
00000000000000000000000000000000000000000000000000000000000000000000000000000000000000000000000000000000000000000000000000000000
00000000000000000000000000000000000000000000000000000000000000000000000000000000000000000000000000000000000000000000000000000000
00000000000000000000000000000000000000000000000000000000000000000000000000000000000000000000000000000000000000000000000000000000
00000000000000000000000000000000000000000000000000000000000000000000000000000000000000000000000000000000000000000000000000000000
00000000000000000000000000000000000000000000000000000000000000000000000000000000000000000000000000000000000000000000000000000000
00000000000000000000000000000000000000000000000000000000000000000000000000000000000000000000000000000000000000000000000000000000
00000000000000000000000000000000000000000000000000000000000000000000000000000000000000000000000000000000000000000000000000000000
00000000000000000000000000000000000000000000000000000000000000000000000000000000000000000000000000000000000000000000000000000000
00000000000000000000000000000000000000000000000000000000000000000000000000000000000000000000000000000000000000000000000000000000
00000000000000000000000000000000000000000000000000000000000000000000000000000000000000000000000000000000000000000000000000000000
00000000000000000000000000000000000000000000000000000000000000000000000000000000000000000000000000000000000000000000000000000000
00000000000000000000000000000000000000000000000000000000000000000000000000000000000000000000000000000000000000000000000000000000
00000000000000000000000000000000000000000000000000000000000000000000000000000000000000000000000000000000000000000000000000000000
00000000000000000000000000000000000000000000000000000000000000000000000000000000000000000000000000000000000000000000000000000000
00000000000000000000000000000000000000000000000000000000000000000000000000000000000000000000000000000000000000000000000000000000
00000000000000000000000000000000000000000000000000000000000000000000000000000000000000000000000000000000000000000000000000000000
00000000000000000000000000000000000000000000000000000000000000000000000000000000000000000000000000000000000000000000000000000000
00000000000000000000000000000000000000000000000000000000000000000000000000000000000000000000000000000000000000000000000000000000
0000000000000000000000000000000000000000000000000000000000000000000000000000000000000000000001ff00000000000000000000000000000000
00000000000000000000000000000000000000000000000000000000000000000000000000000000000000000000000000000000000000000000000000000000
00000000000000000000000000000000000000000000000000000000000000000000000000000000000000000000000000000000000000000000000000000000
00000000000000000000000000000000000000000000000000000000000000000000000000000000000000000000000000000000000000000000000000000000
00000000000000000000000000000000000000000000000000000000000000000000000000000000000000000000000000000000000000000000000000000000
00000000000000000000000000000000000000000000000000000000000000000000000000000000000000000000000000000000000000000000000000000000
00000000000000000000000000000000000000000000000000000000000000000000000000000000000000000000000000000000000000000000000000000000
00000000000000000000000000000000000000000000000000000000000000000000000000000000000000000000000000000000000000000000000000000000
00000000000000000000000000000000000000000000000000000000000000000000000000000000000000000000000000000000000000000000000000000000
00000000000000000000000000000000000000000000000000000000000000000000000000000000000000000000000000000000000000000000000000000000
00000000000000000000000000000000000000000000000000000000000000000000000000000000000000000000000000000000000000000000000000000000
00000000000000000000000000000000000000000000000000000000000000000000000000000000000000000000000000000000000000000000000000000000
00000000000000000000000000000000000000000000000000000000000000000000000000000000000000000000000000000000000000000000000000000000
00000000000000000000000000000000000000000000000000000000000000000000000000000000000000000000000000000000000000000000000000000000
00000000000000000000000000000000000000000000000000000000000000000000000000000000000000000000000000000000000000000000000000000000
00000000000000000000000000000000000000000000000000000000000000000000000000000000000000000000000000000000000000000000000000000000
00000000000000000000000000000000000000000000000000000000000000000000000000000000000000000000000000000000000000000000000000000000
00000000000000000000000000000000000000000000000000000000000000000000000000000000000000000000000000000000000000000000000000000000
00000000000000000000000000000000000000000000000000000000000000000000000000000000000000000000000000000000000000000000000000000000
00000000000000000000000000000000000000000000000000000000000000000000000000000000000000000000000000000000000000000000000000000000
00000000000000000000000000000000000000000000000000000000000000000000000000000000000000000000000000000000000000000000000000000000
00000000000000000000000000000000000000000000000000000000000000000000000000000000000000000000000000000000000000000000000000000000
00000000000000000000000000000000000000000000000000000000000000000000000000000000000000000000000000000000000000000000000000000000
00000000000000000000000000000000000000000000000000000000000000000000000000000000000000000000000000000000000000000000000000000000
00000000000000000000000000000000000000000000000000000000000000000000000000000000000000000000000000000000000000000000000000000000
00000000000000000000000000000000000000000000000000000000000000000000000000000000000000000000000000000000000000000000000000000000
00000000000000000000000000000000000000000000000000000000000000000000000000000000000000000000000000000000000000000000000000000000
00000000000000000000000000000000000000000000000000000000000000000000000000000000000000000000000000000000000000000000000000000000
00000000000000000000000000000000000000000000000000000000000000000000000000000000000000000000000000000000000000000000000000000000
00000000000000000000000000000000000000000000000000000000000000000000000000000000000000000000000000000000000000000000000000000000
00000000000000000000000000000000000000000000000000000000000000000000000000000000000000000000000000000000000000000000000000000000
00000000000000000000000000000000000000000000000000000000000000000000000000000000000000000000000000000000000000000000000000000000
0000000000000000000000000000000000000000000000000000000000000000000000000000000001ff00000000000000000000000000000000000000000000
00000000000000000000000000000000000000000000000000000000000000000000000000000000000000000000000000000000000000000000000000000000
00000000000000000000000000000000000000000000000000000000000000000000000000000000000000000000000000000000000000000000000000000000
00000000000000000000000000000000000000000000000000000000000000000000000000000000000000000000000000000000000000000000000000000000
00000000000000000000000000000000000000000000000000000000000000000000000000000000000000000000000000000000000000000000000000000000
00000000000000000000000000000000000000000000000000000000000000000000000000000000000000000000000000000000000000000000000000000000
00000000000000000000000000000000000000000000000000000000000000000000000000000000000000000000000000000000000000000000000000000000
00000000000000000000000000000000000000000000000000000000000000000000000000000000000000000000000000000000000000000000000000000000
00000000000000000000000000000000000000000000000000000000000000000000000000000000000000000000000000000000000000000000000000000000
00000000000000000000000000000000000000000000000000000000000000000000000000000000000000000000000000000000000000000000000000000000
00000000000000000000000000000000000000000000000000000000000000000000000000000000000000000000000000000000000000000000000000000000
00000000000000000000000000000000000000000000000000000000000000000000000000000000000000000000000000000000000000000000000000000000
00000000000000000000000000000000000000000000000000000000000000000000000000000000000000000000000000000000000000000000000000000000
00000000000000000000000000000000000000000000000000000000000000000000000000000000000000000000000000000000000000000000000000000000
00000000000000000000000000000000000000000000000000000000000000000000000000000000000000000000000000000000000000000000000000000000
00000000000000000000000000000000000000000000000000000000000000000000000000000000000000000000000000000000000000000000000000000000
00000000000000000000000000000000000000000000000000000000000000000000000000000000000000000000000000000000000000000000000000000000
00000000000000000000000000000000000000000000000000000000000000000000000000000000000000000000000000000000000000000000000000000000
00000000000000000000000000000000000000000000000000000000000000000000000000000000000000000000000000000000000000000000000000000000
00000000000000000000000000000000000000000000000000000000000000000000000000000000000000000000000000000000000000000000000000000000
00000000000000000000000000000000000000000000000000000000000000000000000000000000000000000000000000000000000000000000000000000000
00000000000000000000000000000000000000000000000000000000000000000000000000000000000000000000000000000000000000000000000000000000
00000000000000000000000000000000000000000000000000000000000000000000000000000000000000000000000000000000000000000000000000000000
00000000000000000000000000000000000000000000000000000000000000000000000000000000000000000000000000000000000000000000000000000000
00000000000000000000000000000000000000000000000000000000000000000000000000000000000000000000000000000000000000000000000000000000
00000000000000000000000000000000000000000000000000000000000000000000000000000000000000000000000000000000000000000000000000000000
00000000000000000000000000000000000000000000000000000000000000000000000000000000000000000000000000000000000000000000000000000000
00000000000000000000000000000000000000000000000000000000000000000000000000000000000000000000000000000000000000000000000000000000
00000000000000000000000000000000000000000000000000000000000000000000000000000000000000000000000000000000000000000000000000000000
00000000000000000000000000000000000000000000000000000000000000000000000000000000000000000000000000000000000000000000000000000000
00000000000000000000000000000000000000000000000000000000000000000000000000000000000000000000000000000000000000000000000000000000
00000000000000000000000000000000000000000000000000000000000000000000000000000000000000000000000000000000000000000000000000000000
000000000000000000000000000000000000000000000000000000000000000000000000000001ff000000000000000000000000000000000000000000000000
00000000000000000000000000000000000000000000000000000000000000000000000000000000000000000000000000000000000000000000000000000000
00000000000000000000000000000000000000000000000000000000000000000000000000000000000000000000000000000000000000000000000000000000
00000000000000000000000000000000000000000000000000000000000000000000000000000000000000000000000000000000000000000000000000000000
00000000000000000000000000000000000000000000000000000000000000000000000000000000000000000000000000000000000000000000000000000000
00000000000000000000000000000000000000000000000000000000000000000000000000000000000000000000000000000000000000000000000000000000
00000000000000000000000000000000000000000000000000000000000000000000000000000000000000000000000000000000000000000000000000000000
00000000000000000000000000000000000000000000000000000000000000000000000000000000000000000000000000000000000000000000000000000000
00000000000000000000000000000000000000000000000000000000000000000000000000000000000000000000000000000000000000000000000000000000
00000000000000000000000000000000000000000000000000000000000000000000000000000000000000000000000000000000000000000000000000000000
00000000000000000000000000000000000000000000000000000000000000000000000000000000000000000000000000000000000000000000000000000000
00000000000000000000000000000000000000000000000000000000000000000000000000000000000000000000000000000000000000000000000000000000
00000000000000000000000000000000000000000000000000000000000000000000000000000000000000000000000000000000000000000000000000000000
00000000000000000000000000000000000000000000000000000000000000000000000000000000000000000000000000000000000000000000000000000000
00000000000000000000000000000000000000000000000000000000000000000000000000000000000000000000000000000000000000000000000000000000
00000000000000000000000000000000000000000000000000000000000000000000000000000000000000000000000000000000000000000000000000000000
00000000000000000000000000000000000000000000000000000000000000000000000000000000000000000000000000000000000000000000000000000000
00000000000000000000000000000000000000000000000000000000000000000000000000000000000000000000000000000000000000000000000000000000
00000000000000000000000000000000000000000000000000000000000000000000000000000000000000000000000000000000000000000000000000000000
00000000000000000000000000000000000000000000000000000000000000000000000000000000000000000000000000000000000000000000000000000000
00000000000000000000000000000000000000000000000000000000000000000000000000000000000000000000000000000000000000000000000000000000
00000000000000000000000000000000000000000000000000000000000000000000000000000000000000000000000000000000000000000000000000000000
00000000000000000000000000000000000000000000000000000000000000000000000000000000000000000000000000000000000000000000000000000000
00000000000000000000000000000000000000000000000000000000000000000000000000000000000000000000000000000000000000000000000000000000
00000000000000000000000000000000000000000000000000000000000000000000000000000000000000000000000000000000000000000000000000000000
00000000000000000000000000000000000000000000000000000000000000000000000000000000000000000000000000000000000000000000000000000000
00000000000000000000000000000000000000000000000000000000000000000000000000000000000000000000000000000000000000000000000000000000
00000000000000000000000000000000000000000000000000000000000000000000000000000000000000000000000000000000000000000000000000000000
00000000000000000000000000000000000000000000000000000000000000000000000000000000000000000000000000000000000000000000000000000000
00000000000000000000000000000000000000000000000000000000000000000000000000000000000000000000000000000000000000000000000000000000
00000000000000000000000000000000000000000000000000000000000000000000000000000000000000000000000000000000000000000000000000000000
00000000000000000000000000000000000000000000000000000000000000000000000000000000000000000000000000000000000000000000000000000000
000000000000000000000000000000000000000000000000000000000000000001ff000000000000000000000000000000000000000000000000000000000000
00000000000000000000000000000000000000000000000000000000000000000000000000000000000000000000000000000000000000000000000000000000
00000000000000000000000000000000000000000000000000000000000000000000000000000000000000000000000000000000000000000000000000000000
00000000000000000000000000000000000000000000000000000000000000000000000000000000000000000000000000000000000000000000000000000000
00000000000000000000000000000000000000000000000000000000000000000000000000000000000000000000000000000000000000000000000000000000
00000000000000000000000000000000000000000000000000000000000000000000000000000000000000000000000000000000000000000000000000000000
00000000000000000000000000000000000000000000000000000000000000000000000000000000000000000000000000000000000000000000000000000000
00000000000000000000000000000000000000000000000000000000000000000000000000000000000000000000000000000000000000000000000000000000
00000000000000000000000000000000000000000000000000000000000000000000000000000000000000000000000000000000000000000000000000000000
00000000000000000000000000000000000000000000000000000000000000000000000000000000000000000000000000000000000000000000000000000000
00000000000000000000000000000000000000000000000000000000000000000000000000000000000000000000000000000000000000000000000000000000
00000000000000000000000000000000000000000000000000000000000000000000000000000000000000000000000000000000000000000000000000000000
00000000000000000000000000000000000000000000000000000000000000000000000000000000000000000000000000000000000000000000000000000000
00000000000000000000000000000000000000000000000000000000000000000000000000000000000000000000000000000000000000000000000000000000
00000000000000000000000000000000000000000000000000000000000000000000000000000000000000000000000000000000000000000000000000000000
00000000000000000000000000000000000000000000000000000000000000000000000000000000000000000000000000000000000000000000000000000000
00000000000000000000000000000000000000000000000000000000000000000000000000000000000000000000000000000000000000000000000000000000
00000000000000000000000000000000000000000000000000000000000000000000000000000000000000000000000000000000000000000000000000000000
00000000000000000000000000000000000000000000000000000000000000000000000000000000000000000000000000000000000000000000000000000000
00000000000000000000000000000000000000000000000000000000000000000000000000000000000000000000000000000000000000000000000000000000
00000000000000000000000000000000000000000000000000000000000000000000000000000000000000000000000000000000000000000000000000000000
00000000000000000000000000000000000000000000000000000000000000000000000000000000000000000000000000000000000000000000000000000000
00000000000000000000000000000000000000000000000000000000000000000000000000000000000000000000000000000000000000000000000000000000
00000000000000000000000000000000000000000000000000000000000000000000000000000000000000000000000000000000000000000000000000000000
00000000000000000000000000000000000000000000000000000000000000000000000000000000000000000000000000000000000000000000000000000000
00000000000000000000000000000000000000000000000000000000000000000000000000000000000000000000000000000000000000000000000000000000
00000000000000000000000000000000000000000000000000000000000000000000000000000000000000000000000000000000000000000000000000000000
00000000000000000000000000000000000000000000000000000000000000000000000000000000000000000000000000000000000000000000000000000000
00000000000000000000000000000000000000000000000000000000000000000000000000000000000000000000000000000000000000000000000000000000
00000000000000000000000000000000000000000000000000000000000000000000000000000000000000000000000000000000000000000000000000000000
00000000000000000000000000000000000000000000000000000000000000000000000000000000000000000000000000000000000000000000000000000000
00000000000000000000000000000000000000000000000000000000000000000000000000000000000000000000000000000000000000000000000000000000
00000000000000000000000000000000000000000000000000000000000001ff0000000000000000000000000000000000000000000000000000000000000000
00000000000000000000000000000000000000000000000000000000000000000000000000000000000000000000000000000000000000000000000000000000
00000000000000000000000000000000000000000000000000000000000000000000000000000000000000000000000000000000000000000000000000000000
00000000000000000000000000000000000000000000000000000000000000000000000000000000000000000000000000000000000000000000000000000000
00000000000000000000000000000000000000000000000000000000000000000000000000000000000000000000000000000000000000000000000000000000
00000000000000000000000000000000000000000000000000000000000000000000000000000000000000000000000000000000000000000000000000000000
00000000000000000000000000000000000000000000000000000000000000000000000000000000000000000000000000000000000000000000000000000000
00000000000000000000000000000000000000000000000000000000000000000000000000000000000000000000000000000000000000000000000000000000
00000000000000000000000000000000000000000000000000000000000000000000000000000000000000000000000000000000000000000000000000000000
00000000000000000000000000000000000000000000000000000000000000000000000000000000000000000000000000000000000000000000000000000000
00000000000000000000000000000000000000000000000000000000000000000000000000000000000000000000000000000000000000000000000000000000
00000000000000000000000000000000000000000000000000000000000000000000000000000000000000000000000000000000000000000000000000000000
00000000000000000000000000000000000000000000000000000000000000000000000000000000000000000000000000000000000000000000000000000000
00000000000000000000000000000000000000000000000000000000000000000000000000000000000000000000000000000000000000000000000000000000
00000000000000000000000000000000000000000000000000000000000000000000000000000000000000000000000000000000000000000000000000000000
00000000000000000000000000000000000000000000000000000000000000000000000000000000000000000000000000000000000000000000000000000000
00000000000000000000000000000000000000000000000000000000000000000000000000000000000000000000000000000000000000000000000000000000
00000000000000000000000000000000000000000000000000000000000000000000000000000000000000000000000000000000000000000000000000000000
00000000000000000000000000000000000000000000000000000000000000000000000000000000000000000000000000000000000000000000000000000000
00000000000000000000000000000000000000000000000000000000000000000000000000000000000000000000000000000000000000000000000000000000
00000000000000000000000000000000000000000000000000000000000000000000000000000000000000000000000000000000000000000000000000000000
00000000000000000000000000000000000000000000000000000000000000000000000000000000000000000000000000000000000000000000000000000000
00000000000000000000000000000000000000000000000000000000000000000000000000000000000000000000000000000000000000000000000000000000
00000000000000000000000000000000000000000000000000000000000000000000000000000000000000000000000000000000000000000000000000000000
00000000000000000000000000000000000000000000000000000000000000000000000000000000000000000000000000000000000000000000000000000000
00000000000000000000000000000000000000000000000000000000000000000000000000000000000000000000000000000000000000000000000000000000
00000000000000000000000000000000000000000000000000000000000000000000000000000000000000000000000000000000000000000000000000000000
00000000000000000000000000000000000000000000000000000000000000000000000000000000000000000000000000000000000000000000000000000000
00000000000000000000000000000000000000000000000000000000000000000000000000000000000000000000000000000000000000000000000000000000
00000000000000000000000000000000000000000000000000000000000000000000000000000000000000000000000000000000000000000000000000000000
00000000000000000000000000000000000000000000000000000000000000000000000000000000000000000000000000000000000000000000000000000000
00000000000000000000000000000000000000000000000000000000000000000000000000000000000000000000000000000000000000000000000000000000
00000000000000000000000000000000000000000000000001ff0000000000000000000000000000000000000000000000000000000000000000000000000000
00000000000000000000000000000000000000000000000000000000000000000000000000000000000000000000000000000000000000000000000000000000
00000000000000000000000000000000000000000000000000000000000000000000000000000000000000000000000000000000000000000000000000000000
00000000000000000000000000000000000000000000000000000000000000000000000000000000000000000000000000000000000000000000000000000000
00000000000000000000000000000000000000000000000000000000000000000000000000000000000000000000000000000000000000000000000000000000
00000000000000000000000000000000000000000000000000000000000000000000000000000000000000000000000000000000000000000000000000000000
00000000000000000000000000000000000000000000000000000000000000000000000000000000000000000000000000000000000000000000000000000000
00000000000000000000000000000000000000000000000000000000000000000000000000000000000000000000000000000000000000000000000000000000
00000000000000000000000000000000000000000000000000000000000000000000000000000000000000000000000000000000000000000000000000000000
00000000000000000000000000000000000000000000000000000000000000000000000000000000000000000000000000000000000000000000000000000000
00000000000000000000000000000000000000000000000000000000000000000000000000000000000000000000000000000000000000000000000000000000
00000000000000000000000000000000000000000000000000000000000000000000000000000000000000000000000000000000000000000000000000000000
00000000000000000000000000000000000000000000000000000000000000000000000000000000000000000000000000000000000000000000000000000000
00000000000000000000000000000000000000000000000000000000000000000000000000000000000000000000000000000000000000000000000000000000
00000000000000000000000000000000000000000000000000000000000000000000000000000000000000000000000000000000000000000000000000000000
00000000000000000000000000000000000000000000000000000000000000000000000000000000000000000000000000000000000000000000000000000000
00000000000000000000000000000000000000000000000000000000000000000000000000000000000000000000000000000000000000000000000000000000
00000000000000000000000000000000000000000000000000000000000000000000000000000000000000000000000000000000000000000000000000000000
00000000000000000000000000000000000000000000000000000000000000000000000000000000000000000000000000000000000000000000000000000000
00000000000000000000000000000000000000000000000000000000000000000000000000000000000000000000000000000000000000000000000000000000
00000000000000000000000000000000000000000000000000000000000000000000000000000000000000000000000000000000000000000000000000000000
00000000000000000000000000000000000000000000000000000000000000000000000000000000000000000000000000000000000000000000000000000000
00000000000000000000000000000000000000000000000000000000000000000000000000000000000000000000000000000000000000000000000000000000
00000000000000000000000000000000000000000000000000000000000000000000000000000000000000000000000000000000000000000000000000000000
00000000000000000000000000000000000000000000000000000000000000000000000000000000000000000000000000000000000000000000000000000000
00000000000000000000000000000000000000000000000000000000000000000000000000000000000000000000000000000000000000000000000000000000
00000000000000000000000000000000000000000000000000000000000000000000000000000000000000000000000000000000000000000000000000000000
00000000000000000000000000000000000000000000000000000000000000000000000000000000000000000000000000000000000000000000000000000000
00000000000000000000000000000000000000000000000000000000000000000000000000000000000000000000000000000000000000000000000000000000
00000000000000000000000000000000000000000000000000000000000000000000000000000000000000000000000000000000000000000000000000000000
00000000000000000000000000000000000000000000000000000000000000000000000000000000000000000000000000000000000000000000000000000000
00000000000000000000000000000000000000000000000000000000000000000000000000000000000000000000000000000000000000000000000000000000
0000000000000000000000000000000000000000000001ff00000000000000000000000000000000000000000000000000000000000000000000000000000000
00000000000000000000000000000000000000000000000000000000000000000000000000000000000000000000000000000000000000000000000000000000
00000000000000000000000000000000000000000000000000000000000000000000000000000000000000000000000000000000000000000000000000000000
00000000000000000000000000000000000000000000000000000000000000000000000000000000000000000000000000000000000000000000000000000000
00000000000000000000000000000000000000000000000000000000000000000000000000000000000000000000000000000000000000000000000000000000
00000000000000000000000000000000000000000000000000000000000000000000000000000000000000000000000000000000000000000000000000000000
00000000000000000000000000000000000000000000000000000000000000000000000000000000000000000000000000000000000000000000000000000000
00000000000000000000000000000000000000000000000000000000000000000000000000000000000000000000000000000000000000000000000000000000
00000000000000000000000000000000000000000000000000000000000000000000000000000000000000000000000000000000000000000000000000000000
00000000000000000000000000000000000000000000000000000000000000000000000000000000000000000000000000000000000000000000000000000000
00000000000000000000000000000000000000000000000000000000000000000000000000000000000000000000000000000000000000000000000000000000
00000000000000000000000000000000000000000000000000000000000000000000000000000000000000000000000000000000000000000000000000000000
00000000000000000000000000000000000000000000000000000000000000000000000000000000000000000000000000000000000000000000000000000000
00000000000000000000000000000000000000000000000000000000000000000000000000000000000000000000000000000000000000000000000000000000
00000000000000000000000000000000000000000000000000000000000000000000000000000000000000000000000000000000000000000000000000000000
00000000000000000000000000000000000000000000000000000000000000000000000000000000000000000000000000000000000000000000000000000000
00000000000000000000000000000000000000000000000000000000000000000000000000000000000000000000000000000000000000000000000000000000
00000000000000000000000000000000000000000000000000000000000000000000000000000000000000000000000000000000000000000000000000000000
00000000000000000000000000000000000000000000000000000000000000000000000000000000000000000000000000000000000000000000000000000000
00000000000000000000000000000000000000000000000000000000000000000000000000000000000000000000000000000000000000000000000000000000
00000000000000000000000000000000000000000000000000000000000000000000000000000000000000000000000000000000000000000000000000000000
00000000000000000000000000000000000000000000000000000000000000000000000000000000000000000000000000000000000000000000000000000000
00000000000000000000000000000000000000000000000000000000000000000000000000000000000000000000000000000000000000000000000000000000
00000000000000000000000000000000000000000000000000000000000000000000000000000000000000000000000000000000000000000000000000000000
00000000000000000000000000000000000000000000000000000000000000000000000000000000000000000000000000000000000000000000000000000000
00000000000000000000000000000000000000000000000000000000000000000000000000000000000000000000000000000000000000000000000000000000
00000000000000000000000000000000000000000000000000000000000000000000000000000000000000000000000000000000000000000000000000000000
00000000000000000000000000000000000000000000000000000000000000000000000000000000000000000000000000000000000000000000000000000000
00000000000000000000000000000000000000000000000000000000000000000000000000000000000000000000000000000000000000000000000000000000
00000000000000000000000000000000000000000000000000000000000000000000000000000000000000000000000000000000000000000000000000000000
00000000000000000000000000000000000000000000000000000000000000000000000000000000000000000000000000000000000000000000000000000000
00000000000000000000000000000000000000000000000000000000000000000000000000000000000000000000000000000000000000000000000000000000
0000000000000000000000000000000001ff00000000000000000000000000000000000000000000000000000000000000000000000000000000000000000000
00000000000000000000000000000000000000000000000000000000000000000000000000000000000000000000000000000000000000000000000000000000
00000000000000000000000000000000000000000000000000000000000000000000000000000000000000000000000000000000000000000000000000000000
00000000000000000000000000000000000000000000000000000000000000000000000000000000000000000000000000000000000000000000000000000000
00000000000000000000000000000000000000000000000000000000000000000000000000000000000000000000000000000000000000000000000000000000
00000000000000000000000000000000000000000000000000000000000000000000000000000000000000000000000000000000000000000000000000000000
00000000000000000000000000000000000000000000000000000000000000000000000000000000000000000000000000000000000000000000000000000000
00000000000000000000000000000000000000000000000000000000000000000000000000000000000000000000000000000000000000000000000000000000
00000000000000000000000000000000000000000000000000000000000000000000000000000000000000000000000000000000000000000000000000000000
00000000000000000000000000000000000000000000000000000000000000000000000000000000000000000000000000000000000000000000000000000000
00000000000000000000000000000000000000000000000000000000000000000000000000000000000000000000000000000000000000000000000000000000
00000000000000000000000000000000000000000000000000000000000000000000000000000000000000000000000000000000000000000000000000000000
00000000000000000000000000000000000000000000000000000000000000000000000000000000000000000000000000000000000000000000000000000000
00000000000000000000000000000000000000000000000000000000000000000000000000000000000000000000000000000000000000000000000000000000
00000000000000000000000000000000000000000000000000000000000000000000000000000000000000000000000000000000000000000000000000000000
00000000000000000000000000000000000000000000000000000000000000000000000000000000000000000000000000000000000000000000000000000000
00000000000000000000000000000000000000000000000000000000000000000000000000000000000000000000000000000000000000000000000000000000
00000000000000000000000000000000000000000000000000000000000000000000000000000000000000000000000000000000000000000000000000000000
00000000000000000000000000000000000000000000000000000000000000000000000000000000000000000000000000000000000000000000000000000000
00000000000000000000000000000000000000000000000000000000000000000000000000000000000000000000000000000000000000000000000000000000
00000000000000000000000000000000000000000000000000000000000000000000000000000000000000000000000000000000000000000000000000000000
00000000000000000000000000000000000000000000000000000000000000000000000000000000000000000000000000000000000000000000000000000000
00000000000000000000000000000000000000000000000000000000000000000000000000000000000000000000000000000000000000000000000000000000
00000000000000000000000000000000000000000000000000000000000000000000000000000000000000000000000000000000000000000000000000000000
00000000000000000000000000000000000000000000000000000000000000000000000000000000000000000000000000000000000000000000000000000000
00000000000000000000000000000000000000000000000000000000000000000000000000000000000000000000000000000000000000000000000000000000
00000000000000000000000000000000000000000000000000000000000000000000000000000000000000000000000000000000000000000000000000000000
00000000000000000000000000000000000000000000000000000000000000000000000000000000000000000000000000000000000000000000000000000000
00000000000000000000000000000000000000000000000000000000000000000000000000000000000000000000000000000000000000000000000000000000
00000000000000000000000000000000000000000000000000000000000000000000000000000000000000000000000000000000000000000000000000000000
00000000000000000000000000000000000000000000000000000000000000000000000000000000000000000000000000000000000000000000000000000000
00000000000000000000000000000000000000000000000000000000000000000000000000000000000000000000000000000000000000000000000000000000
000000000000000000000000000001ff000000000000000000000000000000000000000000000000000000000000000000000000000000000000000000000000
00000000000000000000000000000000000000000000000000000000000000000000000000000000000000000000000000000000000000000000000000000000
00000000000000000000000000000000000000000000000000000000000000000000000000000000000000000000000000000000000000000000000000000000
00000000000000000000000000000000000000000000000000000000000000000000000000000000000000000000000000000000000000000000000000000000
00000000000000000000000000000000000000000000000000000000000000000000000000000000000000000000000000000000000000000000000000000000
00000000000000000000000000000000000000000000000000000000000000000000000000000000000000000000000000000000000000000000000000000000
00000000000000000000000000000000000000000000000000000000000000000000000000000000000000000000000000000000000000000000000000000000
00000000000000000000000000000000000000000000000000000000000000000000000000000000000000000000000000000000000000000000000000000000
00000000000000000000000000000000000000000000000000000000000000000000000000000000000000000000000000000000000000000000000000000000
00000000000000000000000000000000000000000000000000000000000000000000000000000000000000000000000000000000000000000000000000000000
00000000000000000000000000000000000000000000000000000000000000000000000000000000000000000000000000000000000000000000000000000000
00000000000000000000000000000000000000000000000000000000000000000000000000000000000000000000000000000000000000000000000000000000
00000000000000000000000000000000000000000000000000000000000000000000000000000000000000000000000000000000000000000000000000000000
00000000000000000000000000000000000000000000000000000000000000000000000000000000000000000000000000000000000000000000000000000000
00000000000000000000000000000000000000000000000000000000000000000000000000000000000000000000000000000000000000000000000000000000
00000000000000000000000000000000000000000000000000000000000000000000000000000000000000000000000000000000000000000000000000000000
00000000000000000000000000000000000000000000000000000000000000000000000000000000000000000000000000000000000000000000000000000000
00000000000000000000000000000000000000000000000000000000000000000000000000000000000000000000000000000000000000000000000000000000
00000000000000000000000000000000000000000000000000000000000000000000000000000000000000000000000000000000000000000000000000000000
00000000000000000000000000000000000000000000000000000000000000000000000000000000000000000000000000000000000000000000000000000000
00000000000000000000000000000000000000000000000000000000000000000000000000000000000000000000000000000000000000000000000000000000
00000000000000000000000000000000000000000000000000000000000000000000000000000000000000000000000000000000000000000000000000000000
00000000000000000000000000000000000000000000000000000000000000000000000000000000000000000000000000000000000000000000000000000000
00000000000000000000000000000000000000000000000000000000000000000000000000000000000000000000000000000000000000000000000000000000
00000000000000000000000000000000000000000000000000000000000000000000000000000000000000000000000000000000000000000000000000000000
00000000000000000000000000000000000000000000000000000000000000000000000000000000000000000000000000000000000000000000000000000000
00000000000000000000000000000000000000000000000000000000000000000000000000000000000000000000000000000000000000000000000000000000
00000000000000000000000000000000000000000000000000000000000000000000000000000000000000000000000000000000000000000000000000000000
00000000000000000000000000000000000000000000000000000000000000000000000000000000000000000000000000000000000000000000000000000000
00000000000000000000000000000000000000000000000000000000000000000000000000000000000000000000000000000000000000000000000000000000
00000000000000000000000000000000000000000000000000000000000000000000000000000000000000000000000000000000000000000000000000000000
00000000000000000000000000000000000000000000000000000000000000000000000000000000000000000000000000000000000000000000000000000000
000000000000000001ff000000000000000000000000000000000000000000000000000000000000000000000000000000000000000000000000000000000000
00000000000000000000000000000000000000000000000000000000000000000000000000000000000000000000000000000000000000000000000000000000
00000000000000000000000000000000000000000000000000000000000000000000000000000000000000000000000000000000000000000000000000000000
00000000000000000000000000000000000000000000000000000000000000000000000000000000000000000000000000000000000000000000000000000000
00000000000000000000000000000000000000000000000000000000000000000000000000000000000000000000000000000000000000000000000000000000
00000000000000000000000000000000000000000000000000000000000000000000000000000000000000000000000000000000000000000000000000000000
00000000000000000000000000000000000000000000000000000000000000000000000000000000000000000000000000000000000000000000000000000000
00000000000000000000000000000000000000000000000000000000000000000000000000000000000000000000000000000000000000000000000000000000
00000000000000000000000000000000000000000000000000000000000000000000000000000000000000000000000000000000000000000000000000000000
00000000000000000000000000000000000000000000000000000000000000000000000000000000000000000000000000000000000000000000000000000000
00000000000000000000000000000000000000000000000000000000000000000000000000000000000000000000000000000000000000000000000000000000
00000000000000000000000000000000000000000000000000000000000000000000000000000000000000000000000000000000000000000000000000000000
00000000000000000000000000000000000000000000000000000000000000000000000000000000000000000000000000000000000000000000000000000000
00000000000000000000000000000000000000000000000000000000000000000000000000000000000000000000000000000000000000000000000000000000
00000000000000000000000000000000000000000000000000000000000000000000000000000000000000000000000000000000000000000000000000000000
00000000000000000000000000000000000000000000000000000000000000000000000000000000000000000000000000000000000000000000000000000000
00000000000000000000000000000000000000000000000000000000000000000000000000000000000000000000000000000000000000000000000000000000
00000000000000000000000000000000000000000000000000000000000000000000000000000000000000000000000000000000000000000000000000000000
00000000000000000000000000000000000000000000000000000000000000000000000000000000000000000000000000000000000000000000000000000000
00000000000000000000000000000000000000000000000000000000000000000000000000000000000000000000000000000000000000000000000000000000
00000000000000000000000000000000000000000000000000000000000000000000000000000000000000000000000000000000000000000000000000000000
00000000000000000000000000000000000000000000000000000000000000000000000000000000000000000000000000000000000000000000000000000000
00000000000000000000000000000000000000000000000000000000000000000000000000000000000000000000000000000000000000000000000000000000
00000000000000000000000000000000000000000000000000000000000000000000000000000000000000000000000000000000000000000000000000000000
00000000000000000000000000000000000000000000000000000000000000000000000000000000000000000000000000000000000000000000000000000000
00000000000000000000000000000000000000000000000000000000000000000000000000000000000000000000000000000000000000000000000000000000
00000000000000000000000000000000000000000000000000000000000000000000000000000000000000000000000000000000000000000000000000000000
00000000000000000000000000000000000000000000000000000000000000000000000000000000000000000000000000000000000000000000000000000000
00000000000000000000000000000000000000000000000000000000000000000000000000000000000000000000000000000000000000000000000000000000
00000000000000000000000000000000000000000000000000000000000000000000000000000000000000000000000000000000000000000000000000000000
00000000000000000000000000000000000000000000000000000000000000000000000000000000000000000000000000000000000000000000000000000000
00000000000000000000000000000000000000000000000000000000000000000000000000000000000000000000000000000000000000000000000000000000
00000000000001ff0000000000000000000000000000000000000000000000000000000000000000000000000000000000000000000000000000000000000000
00000000000000000000000000000000000000000000000000000000000000000000000000000000000000000000000000000000000000000000000000000000
00000000000000000000000000000000000000000000000000000000000000000000000000000000000000000000000000000000000000000000000000000000
00000000000000000000000000000000000000000000000000000000000000000000000000000000000000000000000000000000000000000000000000000000
00000000000000000000000000000000000000000000000000000000000000000000000000000000000000000000000000000000000000000000000000000000
00000000000000000000000000000000000000000000000000000000000000000000000000000000000000000000000000000000000000000000000000000000
00000000000000000000000000000000000000000000000000000000000000000000000000000000000000000000000000000000000000000000000000000000
00000000000000000000000000000000000000000000000000000000000000000000000000000000000000000000000000000000000000000000000000000000
00000000000000000000000000000000000000000000000000000000000000000000000000000000000000000000000000000000000000000000000000000000
00000000000000000000000000000000000000000000000000000000000000000000000000000000000000000000000000000000000000000000000000000000
00000000000000000000000000000000000000000000000000000000000000000000000000000000000000000000000000000000000000000000000000000000
00000000000000000000000000000000000000000000000000000000000000000000000000000000000000000000000000000000000000000000000000000000
00000000000000000000000000000000000000000000000000000000000000000000000000000000000000000000000000000000000000000000000000000000
00000000000000000000000000000000000000000000000000000000000000000000000000000000000000000000000000000000000000000000000000000000
00000000000000000000000000000000000000000000000000000000000000000000000000000000000000000000000000000000000000000000000000000000
00000000000000000000000000000000000000000000000000000000000000000000000000000000000000000000000000000000000000000000000000000000
00000000000000000000000000000000000000000000000000000000000000000000000000000000000000000000000000000000000000000000000000000000
00000000000000000000000000000000000000000000000000000000000000000000000000000000000000000000000000000000000000000000000000000000
00000000000000000000000000000000000000000000000000000000000000000000000000000000000000000000000000000000000000000000000000000000
00000000000000000000000000000000000000000000000000000000000000000000000000000000000000000000000000000000000000000000000000000000
00000000000000000000000000000000000000000000000000000000000000000000000000000000000000000000000000000000000000000000000000000000
00000000000000000000000000000000000000000000000000000000000000000000000000000000000000000000000000000000000000000000000000000000
00000000000000000000000000000000000000000000000000000000000000000000000000000000000000000000000000000000000000000000000000000000
00000000000000000000000000000000000000000000000000000000000000000000000000000000000000000000000000000000000000000000000000000000
00000000000000000000000000000000000000000000000000000000000000000000000000000000000000000000000000000000000000000000000000000000
00000000000000000000000000000000000000000000000000000000000000000000000000000000000000000000000000000000000000000000000000000000
00000000000000000000000000000000000000000000000000000000000000000000000000000000000000000000000000000000000000000000000000000000
00000000000000000000000000000000000000000000000000000000000000000000000000000000000000000000000000000000000000000000000000000000
00000000000000000000000000000000000000000000000000000000000000000000000000000000000000000000000000000000000000000000000000000000
00000000000000000000000000000000000000000000000000000000000000000000000000000000000000000000000000000000000000000000000000000000
00000000000000000000000000000000000000000000000000000000000000000000000000000000000000000000000000000000000000000000000000000000
00000000000000000000000000000000000000000000000000000000000000000000000000000000000000000000000000000000000000000000000000000000
01ff0000000000000000000000000000000000000000000000000000000000000000000000000000000000000000000000000000000000000000000000000000
00000000000000000000000000000000000000000000000000000000000000000000000000000000000000000000000000000000000000000000000000000000
00000000000000000000000000000000000000000000000000000000000000000000000000000000000000000000000000000000000000000000000000000000
00000000000000000000000000000000000000000000000000000000000000000000000000000000000000000000000000000000000000000000000000000000
00000000000000000000000000000000000000000000000000000000000000000000000000000000000000000000000000000000000000000000000000000000
00000000000000000000000000000000000000000000000000000000000000000000000000000000000000000000000000000000000000000000000000000000
00000000000000000000000000000000000000000000000000000000000000000000000000000000000000000000000000000000000000000000000000000000
00000000000000000000000000000000000000000000000000000000000000000000000000000000000000000000000000000000000000000000000000000000
00000000000000000000000000000000000000000000000000000000000000000000000000000000000000000000000000000000000000000000000000000000
00000000000000000000000000000000000000000000000000000000000000000000000000000000000000000000000000000000000000000000000000000000
00000000000000000000000000000000000000000000000000000000000000000000000000000000000000000000000000000000000000000000000000000000
00000000000000000000000000000000000000000000000000000000000000000000000000000000000000000000000000000000000000000000000000000000
00000000000000000000000000000000000000000000000000000000000000000000000000000000000000000000000000000000000000000000000000000000
00000000000000000000000000000000000000000000000000000000000000000000000000000000000000000000000000000000000000000000000000000000
00000000000000000000000000000000000000000000000000000000000000000000000000000000000000000000000000000000000000000000000000000000
00000000000000000000000000000000000000000000000000000000000000000000000000000000000000000000000000000000000000000000000000000000
00000000000000000000000000000000000000000000000000000000000000000000000000000000000000000000000000000000000000000000000000000000
00000000000000000000000000000000000000000000000000000000000000000000000000000000000000000000000000000000000000000000000000000000
00000000000000000000000000000000000000000000000000000000000000000000000000000000000000000000000000000000000000000000000000000000
00000000000000000000000000000000000000000000000000000000000000000000000000000000000000000000000000000000000000000000000000000000
00000000000000000000000000000000000000000000000000000000000000000000000000000000000000000000000000000000000000000000000000000000
00000000000000000000000000000000000000000000000000000000000000000000000000000000000000000000000000000000000000000000000000000000
00000000000000000000000000000000000000000000000000000000000000000000000000000000000000000000000000000000000000000000000000000000
00000000000000000000000000000000000000000000000000000000000000000000000000000000000000000000000000000000000000000000000000000000
00000000000000000000000000000000000000000000000000000000000000000000000000000000000000000000000000000000000000000000000000000000
00000000000000000000000000000000000000000000000000000000000000000000000000000000000000000000000000000000000000000000000000000000
00000000000000000000000000000000000000000000000000000000000000000000000000000000000000000000000000000000000000000000000000000000
00000000000000000000000000000000000000000000000000000000000000000000000000000000000000000000000000000000000000000000000000000000
00000000000000000000000000000000000000000000000000000000000000000000000000000000000000000000000000000000000000000000000000000000
00000000000000000000000000000000000000000000000000000000000000000000000000000000000000000000000000000000000000000000000000000000
00000000000000000000000000000000000000000000000000000000000000000000000000000000000000000000000000000000000000000000000000000000
00000000000000000000000000000000000000000000000000000000000000000000000000000000000000000000000000000000000000000000000000000000
00000000000000000000000000000000000000000000000000000000000000000000000000000000000000000000000000000000000000000000000000000000
000000000000000000000000000000000000000000000000000000000000000000000000000000000000000000000000000000000000000000000000000001ff
00000000000000000000000000000000000000000000000000000000000000000000000000000000000000000000000000000000000000000000000000000000
00000000000000000000000000000000000000000000000000000000000000000000000000000000000000000000000000000000000000000000000000000000
00000000000000000000000000000000000000000000000000000000000000000000000000000000000000000000000000000000000000000000000000000000
00000000000000000000000000000000000000000000000000000000000000000000000000000000000000000000000000000000000000000000000000000000
00000000000000000000000000000000000000000000000000000000000000000000000000000000000000000000000000000000000000000000000000000000
00000000000000000000000000000000000000000000000000000000000000000000000000000000000000000000000000000000000000000000000000000000
00000000000000000000000000000000000000000000000000000000000000000000000000000000000000000000000000000000000000000000000000000000
00000000000000000000000000000000000000000000000000000000000000000000000000000000000000000000000000000000000000000000000000000000
00000000000000000000000000000000000000000000000000000000000000000000000000000000000000000000000000000000000000000000000000000000
00000000000000000000000000000000000000000000000000000000000000000000000000000000000000000000000000000000000000000000000000000000
00000000000000000000000000000000000000000000000000000000000000000000000000000000000000000000000000000000000000000000000000000000
00000000000000000000000000000000000000000000000000000000000000000000000000000000000000000000000000000000000000000000000000000000
00000000000000000000000000000000000000000000000000000000000000000000000000000000000000000000000000000000000000000000000000000000
00000000000000000000000000000000000000000000000000000000000000000000000000000000000000000000000000000000000000000000000000000000
00000000000000000000000000000000000000000000000000000000000000000000000000000000000000000000000000000000000000000000000000000000
00000000000000000000000000000000000000000000000000000000000000000000000000000000000000000000000000000000000000000000000000000000
00000000000000000000000000000000000000000000000000000000000000000000000000000000000000000000000000000000000000000000000000000000
00000000000000000000000000000000000000000000000000000000000000000000000000000000000000000000000000000000000000000000000000000000
00000000000000000000000000000000000000000000000000000000000000000000000000000000000000000000000000000000000000000000000000000000
00000000000000000000000000000000000000000000000000000000000000000000000000000000000000000000000000000000000000000000000000000000
00000000000000000000000000000000000000000000000000000000000000000000000000000000000000000000000000000000000000000000000000000000
00000000000000000000000000000000000000000000000000000000000000000000000000000000000000000000000000000000000000000000000000000000
00000000000000000000000000000000000000000000000000000000000000000000000000000000000000000000000000000000000000000000000000000000
00000000000000000000000000000000000000000000000000000000000000000000000000000000000000000000000000000000000000000000000000000000
00000000000000000000000000000000000000000000000000000000000000000000000000000000000000000000000000000000000000000000000000000000
00000000000000000000000000000000000000000000000000000000000000000000000000000000000000000000000000000000000000000000000000000000
00000000000000000000000000000000000000000000000000000000000000000000000000000000000000000000000000000000000000000000000000000000
00000000000000000000000000000000000000000000000000000000000000000000000000000000000000000000000000000000000000000000000000000000
00000000000000000000000000000000000000000000000000000000000000000000000000000000000000000000000000000000000000000000000000000000
00000000000000000000000000000000000000000000000000000000000000000000000000000000000000000000000000000000000000000000000000000000
00000000000000000000000000000000000000000000000000000000000000000000000000000000000000000000000000000000000000000000000000000000
000000000000000000000000000000000000000000000000000000000000000000000000000000000000000000000000000000000000000001ff000000000000
00000000000000000000000000000000000000000000000000000000000000000000000000000000000000000000000000000000000000000000000000000000
00000000000000000000000000000000000000000000000000000000000000000000000000000000000000000000000000000000000000000000000000000000
00000000000000000000000000000000000000000000000000000000000000000000000000000000000000000000000000000000000000000000000000000000
00000000000000000000000000000000000000000000000000000000000000000000000000000000000000000000000000000000000000000000000000000000
00000000000000000000000000000000000000000000000000000000000000000000000000000000000000000000000000000000000000000000000000000000
00000000000000000000000000000000000000000000000000000000000000000000000000000000000000000000000000000000000000000000000000000000
00000000000000000000000000000000000000000000000000000000000000000000000000000000000000000000000000000000000000000000000000000000
00000000000000000000000000000000000000000000000000000000000000000000000000000000000000000000000000000000000000000000000000000000
00000000000000000000000000000000000000000000000000000000000000000000000000000000000000000000000000000000000000000000000000000000
00000000000000000000000000000000000000000000000000000000000000000000000000000000000000000000000000000000000000000000000000000000
00000000000000000000000000000000000000000000000000000000000000000000000000000000000000000000000000000000000000000000000000000000
00000000000000000000000000000000000000000000000000000000000000000000000000000000000000000000000000000000000000000000000000000000
00000000000000000000000000000000000000000000000000000000000000000000000000000000000000000000000000000000000000000000000000000000
00000000000000000000000000000000000000000000000000000000000000000000000000000000000000000000000000000000000000000000000000000000
00000000000000000000000000000000000000000000000000000000000000000000000000000000000000000000000000000000000000000000000000000000
00000000000000000000000000000000000000000000000000000000000000000000000000000000000000000000000000000000000000000000000000000000
00000000000000000000000000000000000000000000000000000000000000000000000000000000000000000000000000000000000000000000000000000000
00000000000000000000000000000000000000000000000000000000000000000000000000000000000000000000000000000000000000000000000000000000
00000000000000000000000000000000000000000000000000000000000000000000000000000000000000000000000000000000000000000000000000000000
00000000000000000000000000000000000000000000000000000000000000000000000000000000000000000000000000000000000000000000000000000000
00000000000000000000000000000000000000000000000000000000000000000000000000000000000000000000000000000000000000000000000000000000
00000000000000000000000000000000000000000000000000000000000000000000000000000000000000000000000000000000000000000000000000000000
00000000000000000000000000000000000000000000000000000000000000000000000000000000000000000000000000000000000000000000000000000000
00000000000000000000000000000000000000000000000000000000000000000000000000000000000000000000000000000000000000000000000000000000
00000000000000000000000000000000000000000000000000000000000000000000000000000000000000000000000000000000000000000000000000000000
00000000000000000000000000000000000000000000000000000000000000000000000000000000000000000000000000000000000000000000000000000000
00000000000000000000000000000000000000000000000000000000000000000000000000000000000000000000000000000000000000000000000000000000
00000000000000000000000000000000000000000000000000000000000000000000000000000000000000000000000000000000000000000000000000000000
00000000000000000000000000000000000000000000000000000000000000000000000000000000000000000000000000000000000000000000000000000000
00000000000000000000000000000000000000000000000000000000000000000000000000000000000000000000000000000000000000000000000000000000
00000000000000000000000000000000000000000000000000000000000000000000000000000000000000000000000000000000000000000000000000000000
00000000000000000000000000000000000000000000000000000000000000000000000000000000000000000000000000000000000000000000000000000000
00000000000000000000000000000000000000000000000000000000000000000000000000000000000000000000000000000000000001ff0000000000000000
00000000000000000000000000000000000000000000000000000000000000000000000000000000000000000000000000000000000000000000000000000000
00000000000000000000000000000000000000000000000000000000000000000000000000000000000000000000000000000000000000000000000000000000
00000000000000000000000000000000000000000000000000000000000000000000000000000000000000000000000000000000000000000000000000000000
00000000000000000000000000000000000000000000000000000000000000000000000000000000000000000000000000000000000000000000000000000000
00000000000000000000000000000000000000000000000000000000000000000000000000000000000000000000000000000000000000000000000000000000
00000000000000000000000000000000000000000000000000000000000000000000000000000000000000000000000000000000000000000000000000000000
00000000000000000000000000000000000000000000000000000000000000000000000000000000000000000000000000000000000000000000000000000000
00000000000000000000000000000000000000000000000000000000000000000000000000000000000000000000000000000000000000000000000000000000
00000000000000000000000000000000000000000000000000000000000000000000000000000000000000000000000000000000000000000000000000000000
00000000000000000000000000000000000000000000000000000000000000000000000000000000000000000000000000000000000000000000000000000000
00000000000000000000000000000000000000000000000000000000000000000000000000000000000000000000000000000000000000000000000000000000
00000000000000000000000000000000000000000000000000000000000000000000000000000000000000000000000000000000000000000000000000000000
00000000000000000000000000000000000000000000000000000000000000000000000000000000000000000000000000000000000000000000000000000000
00000000000000000000000000000000000000000000000000000000000000000000000000000000000000000000000000000000000000000000000000000000
00000000000000000000000000000000000000000000000000000000000000000000000000000000000000000000000000000000000000000000000000000000
00000000000000000000000000000000000000000000000000000000000000000000000000000000000000000000000000000000000000000000000000000000
00000000000000000000000000000000000000000000000000000000000000000000000000000000000000000000000000000000000000000000000000000000
00000000000000000000000000000000000000000000000000000000000000000000000000000000000000000000000000000000000000000000000000000000
00000000000000000000000000000000000000000000000000000000000000000000000000000000000000000000000000000000000000000000000000000000
00000000000000000000000000000000000000000000000000000000000000000000000000000000000000000000000000000000000000000000000000000000
00000000000000000000000000000000000000000000000000000000000000000000000000000000000000000000000000000000000000000000000000000000
00000000000000000000000000000000000000000000000000000000000000000000000000000000000000000000000000000000000000000000000000000000
00000000000000000000000000000000000000000000000000000000000000000000000000000000000000000000000000000000000000000000000000000000
00000000000000000000000000000000000000000000000000000000000000000000000000000000000000000000000000000000000000000000000000000000
00000000000000000000000000000000000000000000000000000000000000000000000000000000000000000000000000000000000000000000000000000000
00000000000000000000000000000000000000000000000000000000000000000000000000000000000000000000000000000000000000000000000000000000
00000000000000000000000000000000000000000000000000000000000000000000000000000000000000000000000000000000000000000000000000000000
00000000000000000000000000000000000000000000000000000000000000000000000000000000000000000000000000000000000000000000000000000000
00000000000000000000000000000000000000000000000000000000000000000000000000000000000000000000000000000000000000000000000000000000
00000000000000000000000000000000000000000000000000000000000000000000000000000000000000000000000000000000000000000000000000000000
00000000000000000000000000000000000000000000000000000000000000000000000000000000000000000000000000000000000000000000000000000000
00000000000000000000000000000000000000000000000000000000000000000000000000000000000000000000000001ff0000000000000000000000000000
00000000000000000000000000000000000000000000000000000000000000000000000000000000000000000000000000000000000000000000000000000000
00000000000000000000000000000000000000000000000000000000000000000000000000000000000000000000000000000000000000000000000000000000
00000000000000000000000000000000000000000000000000000000000000000000000000000000000000000000000000000000000000000000000000000000
00000000000000000000000000000000000000000000000000000000000000000000000000000000000000000000000000000000000000000000000000000000
00000000000000000000000000000000000000000000000000000000000000000000000000000000000000000000000000000000000000000000000000000000
00000000000000000000000000000000000000000000000000000000000000000000000000000000000000000000000000000000000000000000000000000000
00000000000000000000000000000000000000000000000000000000000000000000000000000000000000000000000000000000000000000000000000000000
00000000000000000000000000000000000000000000000000000000000000000000000000000000000000000000000000000000000000000000000000000000
00000000000000000000000000000000000000000000000000000000000000000000000000000000000000000000000000000000000000000000000000000000
00000000000000000000000000000000000000000000000000000000000000000000000000000000000000000000000000000000000000000000000000000000
00000000000000000000000000000000000000000000000000000000000000000000000000000000000000000000000000000000000000000000000000000000
00000000000000000000000000000000000000000000000000000000000000000000000000000000000000000000000000000000000000000000000000000000
00000000000000000000000000000000000000000000000000000000000000000000000000000000000000000000000000000000000000000000000000000000
00000000000000000000000000000000000000000000000000000000000000000000000000000000000000000000000000000000000000000000000000000000
00000000000000000000000000000000000000000000000000000000000000000000000000000000000000000000000000000000000000000000000000000000
00000000000000000000000000000000000000000000000000000000000000000000000000000000000000000000000000000000000000000000000000000000
00000000000000000000000000000000000000000000000000000000000000000000000000000000000000000000000000000000000000000000000000000000
00000000000000000000000000000000000000000000000000000000000000000000000000000000000000000000000000000000000000000000000000000000
00000000000000000000000000000000000000000000000000000000000000000000000000000000000000000000000000000000000000000000000000000000
00000000000000000000000000000000000000000000000000000000000000000000000000000000000000000000000000000000000000000000000000000000
00000000000000000000000000000000000000000000000000000000000000000000000000000000000000000000000000000000000000000000000000000000
00000000000000000000000000000000000000000000000000000000000000000000000000000000000000000000000000000000000000000000000000000000
00000000000000000000000000000000000000000000000000000000000000000000000000000000000000000000000000000000000000000000000000000000
00000000000000000000000000000000000000000000000000000000000000000000000000000000000000000000000000000000000000000000000000000000
00000000000000000000000000000000000000000000000000000000000000000000000000000000000000000000000000000000000000000000000000000000
00000000000000000000000000000000000000000000000000000000000000000000000000000000000000000000000000000000000000000000000000000000
00000000000000000000000000000000000000000000000000000000000000000000000000000000000000000000000000000000000000000000000000000000
00000000000000000000000000000000000000000000000000000000000000000000000000000000000000000000000000000000000000000000000000000000
00000000000000000000000000000000000000000000000000000000000000000000000000000000000000000000000000000000000000000000000000000000
00000000000000000000000000000000000000000000000000000000000000000000000000000000000000000000000000000000000000000000000000000000
00000000000000000000000000000000000000000000000000000000000000000000000000000000000000000000000000000000000000000000000000000000
0000000000000000000000000000000000000000000000000000000000000000000000000000000000000000000001ff00000000000000000000000000000000
00000000000000000000000000000000000000000000000000000000000000000000000000000000000000000000000000000000000000000000000000000000
00000000000000000000000000000000000000000000000000000000000000000000000000000000000000000000000000000000000000000000000000000000
00000000000000000000000000000000000000000000000000000000000000000000000000000000000000000000000000000000000000000000000000000000
00000000000000000000000000000000000000000000000000000000000000000000000000000000000000000000000000000000000000000000000000000000
00000000000000000000000000000000000000000000000000000000000000000000000000000000000000000000000000000000000000000000000000000000
00000000000000000000000000000000000000000000000000000000000000000000000000000000000000000000000000000000000000000000000000000000
00000000000000000000000000000000000000000000000000000000000000000000000000000000000000000000000000000000000000000000000000000000
00000000000000000000000000000000000000000000000000000000000000000000000000000000000000000000000000000000000000000000000000000000
00000000000000000000000000000000000000000000000000000000000000000000000000000000000000000000000000000000000000000000000000000000
00000000000000000000000000000000000000000000000000000000000000000000000000000000000000000000000000000000000000000000000000000000
00000000000000000000000000000000000000000000000000000000000000000000000000000000000000000000000000000000000000000000000000000000
00000000000000000000000000000000000000000000000000000000000000000000000000000000000000000000000000000000000000000000000000000000
00000000000000000000000000000000000000000000000000000000000000000000000000000000000000000000000000000000000000000000000000000000
00000000000000000000000000000000000000000000000000000000000000000000000000000000000000000000000000000000000000000000000000000000
00000000000000000000000000000000000000000000000000000000000000000000000000000000000000000000000000000000000000000000000000000000
00000000000000000000000000000000000000000000000000000000000000000000000000000000000000000000000000000000000000000000000000000000
00000000000000000000000000000000000000000000000000000000000000000000000000000000000000000000000000000000000000000000000000000000
00000000000000000000000000000000000000000000000000000000000000000000000000000000000000000000000000000000000000000000000000000000
00000000000000000000000000000000000000000000000000000000000000000000000000000000000000000000000000000000000000000000000000000000
00000000000000000000000000000000000000000000000000000000000000000000000000000000000000000000000000000000000000000000000000000000
00000000000000000000000000000000000000000000000000000000000000000000000000000000000000000000000000000000000000000000000000000000
00000000000000000000000000000000000000000000000000000000000000000000000000000000000000000000000000000000000000000000000000000000
00000000000000000000000000000000000000000000000000000000000000000000000000000000000000000000000000000000000000000000000000000000
00000000000000000000000000000000000000000000000000000000000000000000000000000000000000000000000000000000000000000000000000000000
00000000000000000000000000000000000000000000000000000000000000000000000000000000000000000000000000000000000000000000000000000000
00000000000000000000000000000000000000000000000000000000000000000000000000000000000000000000000000000000000000000000000000000000
00000000000000000000000000000000000000000000000000000000000000000000000000000000000000000000000000000000000000000000000000000000
00000000000000000000000000000000000000000000000000000000000000000000000000000000000000000000000000000000000000000000000000000000
00000000000000000000000000000000000000000000000000000000000000000000000000000000000000000000000000000000000000000000000000000000
00000000000000000000000000000000000000000000000000000000000000000000000000000000000000000000000000000000000000000000000000000000
00000000000000000000000000000000000000000000000000000000000000000000000000000000000000000000000000000000000000000000000000000000
0000000000000000000000000000000000000000000000000000000000000000000000000000000001ff00000000000000000000000000000000000000000000
00000000000000000000000000000000000000000000000000000000000000000000000000000000000000000000000000000000000000000000000000000000
00000000000000000000000000000000000000000000000000000000000000000000000000000000000000000000000000000000000000000000000000000000
00000000000000000000000000000000000000000000000000000000000000000000000000000000000000000000000000000000000000000000000000000000
00000000000000000000000000000000000000000000000000000000000000000000000000000000000000000000000000000000000000000000000000000000
00000000000000000000000000000000000000000000000000000000000000000000000000000000000000000000000000000000000000000000000000000000
00000000000000000000000000000000000000000000000000000000000000000000000000000000000000000000000000000000000000000000000000000000
00000000000000000000000000000000000000000000000000000000000000000000000000000000000000000000000000000000000000000000000000000000
00000000000000000000000000000000000000000000000000000000000000000000000000000000000000000000000000000000000000000000000000000000
00000000000000000000000000000000000000000000000000000000000000000000000000000000000000000000000000000000000000000000000000000000
00000000000000000000000000000000000000000000000000000000000000000000000000000000000000000000000000000000000000000000000000000000
00000000000000000000000000000000000000000000000000000000000000000000000000000000000000000000000000000000000000000000000000000000
00000000000000000000000000000000000000000000000000000000000000000000000000000000000000000000000000000000000000000000000000000000
00000000000000000000000000000000000000000000000000000000000000000000000000000000000000000000000000000000000000000000000000000000
00000000000000000000000000000000000000000000000000000000000000000000000000000000000000000000000000000000000000000000000000000000
00000000000000000000000000000000000000000000000000000000000000000000000000000000000000000000000000000000000000000000000000000000
00000000000000000000000000000000000000000000000000000000000000000000000000000000000000000000000000000000000000000000000000000000
00000000000000000000000000000000000000000000000000000000000000000000000000000000000000000000000000000000000000000000000000000000
00000000000000000000000000000000000000000000000000000000000000000000000000000000000000000000000000000000000000000000000000000000
00000000000000000000000000000000000000000000000000000000000000000000000000000000000000000000000000000000000000000000000000000000
00000000000000000000000000000000000000000000000000000000000000000000000000000000000000000000000000000000000000000000000000000000
00000000000000000000000000000000000000000000000000000000000000000000000000000000000000000000000000000000000000000000000000000000
00000000000000000000000000000000000000000000000000000000000000000000000000000000000000000000000000000000000000000000000000000000
00000000000000000000000000000000000000000000000000000000000000000000000000000000000000000000000000000000000000000000000000000000
00000000000000000000000000000000000000000000000000000000000000000000000000000000000000000000000000000000000000000000000000000000
00000000000000000000000000000000000000000000000000000000000000000000000000000000000000000000000000000000000000000000000000000000
00000000000000000000000000000000000000000000000000000000000000000000000000000000000000000000000000000000000000000000000000000000
00000000000000000000000000000000000000000000000000000000000000000000000000000000000000000000000000000000000000000000000000000000
00000000000000000000000000000000000000000000000000000000000000000000000000000000000000000000000000000000000000000000000000000000
00000000000000000000000000000000000000000000000000000000000000000000000000000000000000000000000000000000000000000000000000000000
00000000000000000000000000000000000000000000000000000000000000000000000000000000000000000000000000000000000000000000000000000000
00000000000000000000000000000000000000000000000000000000000000000000000000000000000000000000000000000000000000000000000000000000
00000000000000000000000000000000000000000000000000000000000000000000000000000000000000000000000000000000000000000000000000000000
00000000000001ff0000000000000000000000000000000000000000000000000000000000000000000000000000000000000000000000000000000000000000
00000000000000000000000000000000000000000000000000000000000000000000000000000000000000000000000000000000000000000000000000000000
00000000000000000000000000000000000000000000000000000000000000000000000000000000000000000000000000000000000000000000000000000000
00000000000000000000000000000000000000000000000000000000000000000000000000000000000000000000000000000000000000000000000000000000
00000000000000000000000000000000000000000000000000000000000000000000000000000000000000000000000000000000000000000000000000000000
00000000000000000000000000000000000000000000000000000000000000000000000000000000000000000000000000000000000000000000000000000000
00000000000000000000000000000000000000000000000000000000000000000000000000000000000000000000000000000000000000000000000000000000
00000000000000000000000000000000000000000000000000000000000000000000000000000000000000000000000000000000000000000000000000000000
00000000000000000000000000000000000000000000000000000000000000000000000000000000000000000000000000000000000000000000000000000000
00000000000000000000000000000000000000000000000000000000000000000000000000000000000000000000000000000000000000000000000000000000
00000000000000000000000000000000000000000000000000000000000000000000000000000000000000000000000000000000000000000000000000000000
00000000000000000000000000000000000000000000000000000000000000000000000000000000000000000000000000000000000000000000000000000000
00000000000000000000000000000000000000000000000000000000000000000000000000000000000000000000000000000000000000000000000000000000
00000000000000000000000000000000000000000000000000000000000000000000000000000000000000000000000000000000000000000000000000000000
00000000000000000000000000000000000000000000000000000000000000000000000000000000000000000000000000000000000000000000000000000000
00000000000000000000000000000000000000000000000000000000000000000000000000000000000000000000000000000000000000000000000000000000
00000000000000000000000000000000000000000000000000000000000000000000000000000000000000000000000000000000000000000000000000000000
00000000000000000000000000000000000000000000000000000000000000000000000000000000000000000000000000000000000000000000000000000000
00000000000000000000000000000000000000000000000000000000000000000000000000000000000000000000000000000000000000000000000000000000
00000000000000000000000000000000000000000000000000000000000000000000000000000000000000000000000000000000000000000000000000000000
00000000000000000000000000000000000000000000000000000000000000000000000000000000000000000000000000000000000000000000000000000000
00000000000000000000000000000000000000000000000000000000000000000000000000000000000000000000000000000000000000000000000000000000
00000000000000000000000000000000000000000000000000000000000000000000000000000000000000000000000000000000000000000000000000000000
00000000000000000000000000000000000000000000000000000000000000000000000000000000000000000000000000000000000000000000000000000000
00000000000000000000000000000000000000000000000000000000000000000000000000000000000000000000000000000000000000000000000000000000
00000000000000000000000000000000000000000000000000000000000000000000000000000000000000000000000000000000000000000000000000000000
00000000000000000000000000000000000000000000000000000000000000000000000000000000000000000000000000000000000000000000000000000000
00000000000000000000000000000000000000000000000000000000000000000000000000000000000000000000000000000000000000000000000000000000
00000000000000000000000000000000000000000000000000000000000000000000000000000000000000000000000000000000000000000000000000000000
00000000000000000000000000000000000000000000000000000000000000000000000000000000000000000000000000000000000000000000000000000000
00000000000000000000000000000000000000000000000000000000000000000000000000000000000000000000000000000000000000000000000000000000
00000000000000000000000000000000000000000000000000000000000000000000000000000000000000000000000000000000000000000000000000000000
01ff0000000000000000000000000000000000000000000000000000000000000000000000000000000000000000000000000000000000000000000000000000
00000000000000000000000000000000000000000000000000000000000000000000000000000000000000000000000000000000000000000000000000000000
00000000000000000000000000000000000000000000000000000000000000000000000000000000000000000000000000000000000000000000000000000000
00000000000000000000000000000000000000000000000000000000000000000000000000000000000000000000000000000000000000000000000000000000
00000000000000000000000000000000000000000000000000000000000000000000000000000000000000000000000000000000000000000000000000000000
00000000000000000000000000000000000000000000000000000000000000000000000000000000000000000000000000000000000000000000000000000000
00000000000000000000000000000000000000000000000000000000000000000000000000000000000000000000000000000000000000000000000000000000
00000000000000000000000000000000000000000000000000000000000000000000000000000000000000000000000000000000000000000000000000000000
00000000000000000000000000000000000000000000000000000000000000000000000000000000000000000000000000000000000000000000000000000000
00000000000000000000000000000000000000000000000000000000000000000000000000000000000000000000000000000000000000000000000000000000
00000000000000000000000000000000000000000000000000000000000000000000000000000000000000000000000000000000000000000000000000000000
00000000000000000000000000000000000000000000000000000000000000000000000000000000000000000000000000000000000000000000000000000000
00000000000000000000000000000000000000000000000000000000000000000000000000000000000000000000000000000000000000000000000000000000
00000000000000000000000000000000000000000000000000000000000000000000000000000000000000000000000000000000000000000000000000000000
00000000000000000000000000000000000000000000000000000000000000000000000000000000000000000000000000000000000000000000000000000000
00000000000000000000000000000000000000000000000000000000000000000000000000000000000000000000000000000000000000000000000000000000
00000000000000000000000000000000000000000000000000000000000000000000000000000000000000000000000000000000000000000000000000000000
00000000000000000000000000000000000000000000000000000000000000000000000000000000000000000000000000000000000000000000000000000000
00000000000000000000000000000000000000000000000000000000000000000000000000000000000000000000000000000000000000000000000000000000
00000000000000000000000000000000000000000000000000000000000000000000000000000000000000000000000000000000000000000000000000000000
00000000000000000000000000000000000000000000000000000000000000000000000000000000000000000000000000000000000000000000000000000000
00000000000000000000000000000000000000000000000000000000000000000000000000000000000000000000000000000000000000000000000000000000
00000000000000000000000000000000000000000000000000000000000000000000000000000000000000000000000000000000000000000000000000000000
00000000000000000000000000000000000000000000000000000000000000000000000000000000000000000000000000000000000000000000000000000000
00000000000000000000000000000000000000000000000000000000000000000000000000000000000000000000000000000000000000000000000000000000
00000000000000000000000000000000000000000000000000000000000000000000000000000000000000000000000000000000000000000000000000000000
00000000000000000000000000000000000000000000000000000000000000000000000000000000000000000000000000000000000000000000000000000000
00000000000000000000000000000000000000000000000000000000000000000000000000000000000000000000000000000000000000000000000000000000
00000000000000000000000000000000000000000000000000000000000000000000000000000000000000000000000000000000000000000000000000000000
00000000000000000000000000000000000000000000000000000000000000000000000000000000000000000000000000000000000000000000000000000000
00000000000000000000000000000000000000000000000000000000000000000000000000000000000000000000000000000000000000000000000000000000
00000000000000000000000000000000000000000000000000000000000000000000000000000000000000000000000000000000000000000000000000000000
00000000000000000000000000000000000000000000000000000000000000000000000000000000000000000000000000000000000000000000000000000000
000000000000000000000000000000000000000000000000000000000000000000000000000000000000000000000000000000000000000000000000000001ff
00000000000000000000000000000000000000000000000000000000000000000000000000000000000000000000000000000000000000000000000000000000
00000000000000000000000000000000000000000000000000000000000000000000000000000000000000000000000000000000000000000000000000000000
00000000000000000000000000000000000000000000000000000000000000000000000000000000000000000000000000000000000000000000000000000000
00000000000000000000000000000000000000000000000000000000000000000000000000000000000000000000000000000000000000000000000000000000
00000000000000000000000000000000000000000000000000000000000000000000000000000000000000000000000000000000000000000000000000000000
00000000000000000000000000000000000000000000000000000000000000000000000000000000000000000000000000000000000000000000000000000000
00000000000000000000000000000000000000000000000000000000000000000000000000000000000000000000000000000000000000000000000000000000
00000000000000000000000000000000000000000000000000000000000000000000000000000000000000000000000000000000000000000000000000000000
00000000000000000000000000000000000000000000000000000000000000000000000000000000000000000000000000000000000000000000000000000000
00000000000000000000000000000000000000000000000000000000000000000000000000000000000000000000000000000000000000000000000000000000
00000000000000000000000000000000000000000000000000000000000000000000000000000000000000000000000000000000000000000000000000000000
00000000000000000000000000000000000000000000000000000000000000000000000000000000000000000000000000000000000000000000000000000000
00000000000000000000000000000000000000000000000000000000000000000000000000000000000000000000000000000000000000000000000000000000
00000000000000000000000000000000000000000000000000000000000000000000000000000000000000000000000000000000000000000000000000000000
00000000000000000000000000000000000000000000000000000000000000000000000000000000000000000000000000000000000000000000000000000000
00000000000000000000000000000000000000000000000000000000000000000000000000000000000000000000000000000000000000000000000000000000
00000000000000000000000000000000000000000000000000000000000000000000000000000000000000000000000000000000000000000000000000000000
00000000000000000000000000000000000000000000000000000000000000000000000000000000000000000000000000000000000000000000000000000000
00000000000000000000000000000000000000000000000000000000000000000000000000000000000000000000000000000000000000000000000000000000
00000000000000000000000000000000000000000000000000000000000000000000000000000000000000000000000000000000000000000000000000000000
00000000000000000000000000000000000000000000000000000000000000000000000000000000000000000000000000000000000000000000000000000000
00000000000000000000000000000000000000000000000000000000000000000000000000000000000000000000000000000000000000000000000000000000
00000000000000000000000000000000000000000000000000000000000000000000000000000000000000000000000000000000000000000000000000000000
00000000000000000000000000000000000000000000000000000000000000000000000000000000000000000000000000000000000000000000000000000000
00000000000000000000000000000000000000000000000000000000000000000000000000000000000000000000000000000000000000000000000000000000
00000000000000000000000000000000000000000000000000000000000000000000000000000000000000000000000000000000000000000000000000000000
00000000000000000000000000000000000000000000000000000000000000000000000000000000000000000000000000000000000000000000000000000000
00000000000000000000000000000000000000000000000000000000000000000000000000000000000000000000000000000000000000000000000000000000
00000000000000000000000000000000000000000000000000000000000000000000000000000000000000000000000000000000000000000000000000000000
00000000000000000000000000000000000000000000000000000000000000000000000000000000000000000000000000000000000000000000000000000000
00000000000000000000000000000000000000000000000000000000000000000000000000000000000000000000000000000000000000000000000000000000
000000000000000000000000000000000000000000000000000000000000000000000000000000000000000000000000000000000000000001ff000000000000
00000000000000000000000000000000000000000000000000000000000000000000000000000000000000000000000000000000000000000000000000000000
00000000000000000000000000000000000000000000000000000000000000000000000000000000000000000000000000000000000000000000000000000000
00000000000000000000000000000000000000000000000000000000000000000000000000000000000000000000000000000000000000000000000000000000
00000000000000000000000000000000000000000000000000000000000000000000000000000000000000000000000000000000000000000000000000000000
00000000000000000000000000000000000000000000000000000000000000000000000000000000000000000000000000000000000000000000000000000000
00000000000000000000000000000000000000000000000000000000000000000000000000000000000000000000000000000000000000000000000000000000
00000000000000000000000000000000000000000000000000000000000000000000000000000000000000000000000000000000000000000000000000000000
00000000000000000000000000000000000000000000000000000000000000000000000000000000000000000000000000000000000000000000000000000000
00000000000000000000000000000000000000000000000000000000000000000000000000000000000000000000000000000000000000000000000000000000
00000000000000000000000000000000000000000000000000000000000000000000000000000000000000000000000000000000000000000000000000000000
00000000000000000000000000000000000000000000000000000000000000000000000000000000000000000000000000000000000000000000000000000000
00000000000000000000000000000000000000000000000000000000000000000000000000000000000000000000000000000000000000000000000000000000
00000000000000000000000000000000000000000000000000000000000000000000000000000000000000000000000000000000000000000000000000000000
00000000000000000000000000000000000000000000000000000000000000000000000000000000000000000000000000000000000000000000000000000000
00000000000000000000000000000000000000000000000000000000000000000000000000000000000000000000000000000000000000000000000000000000
00000000000000000000000000000000000000000000000000000000000000000000000000000000000000000000000000000000000000000000000000000000
00000000000000000000000000000000000000000000000000000000000000000000000000000000000000000000000000000000000000000000000000000000
00000000000000000000000000000000000000000000000000000000000000000000000000000000000000000000000000000000000000000000000000000000
00000000000000000000000000000000000000000000000000000000000000000000000000000000000000000000000000000000000000000000000000000000
00000000000000000000000000000000000000000000000000000000000000000000000000000000000000000000000000000000000000000000000000000000
00000000000000000000000000000000000000000000000000000000000000000000000000000000000000000000000000000000000000000000000000000000
00000000000000000000000000000000000000000000000000000000000000000000000000000000000000000000000000000000000000000000000000000000
00000000000000000000000000000000000000000000000000000000000000000000000000000000000000000000000000000000000000000000000000000000
00000000000000000000000000000000000000000000000000000000000000000000000000000000000000000000000000000000000000000000000000000000
00000000000000000000000000000000000000000000000000000000000000000000000000000000000000000000000000000000000000000000000000000000
00000000000000000000000000000000000000000000000000000000000000000000000000000000000000000000000000000000000000000000000000000000
00000000000000000000000000000000000000000000000000000000000000000000000000000000000000000000000000000000000000000000000000000000
00000000000000000000000000000000000000000000000000000000000000000000000000000000000000000000000000000000000000000000000000000000
00000000000000000000000000000000000000000000000000000000000000000000000000000000000000000000000000000000000000000000000000000000
00000000000000000000000000000000000000000000000000000000000000000000000000000000000000000000000000000000000000000000000000000000
00000000000000000000000000000000000000000000000000000000000000000000000000000000000000000000000000000000000000000000000000000000
000000000000000000000000000000000000000000000000000000000000000000000000000001ff000000000000000000000000000000000000000000000000
00000000000000000000000000000000000000000000000000000000000000000000000000000000000000000000000000000000000000000000000000000000
00000000000000000000000000000000000000000000000000000000000000000000000000000000000000000000000000000000000000000000000000000000
00000000000000000000000000000000000000000000000000000000000000000000000000000000000000000000000000000000000000000000000000000000
00000000000000000000000000000000000000000000000000000000000000000000000000000000000000000000000000000000000000000000000000000000
00000000000000000000000000000000000000000000000000000000000000000000000000000000000000000000000000000000000000000000000000000000
00000000000000000000000000000000000000000000000000000000000000000000000000000000000000000000000000000000000000000000000000000000
00000000000000000000000000000000000000000000000000000000000000000000000000000000000000000000000000000000000000000000000000000000
00000000000000000000000000000000000000000000000000000000000000000000000000000000000000000000000000000000000000000000000000000000
00000000000000000000000000000000000000000000000000000000000000000000000000000000000000000000000000000000000000000000000000000000
00000000000000000000000000000000000000000000000000000000000000000000000000000000000000000000000000000000000000000000000000000000
00000000000000000000000000000000000000000000000000000000000000000000000000000000000000000000000000000000000000000000000000000000
00000000000000000000000000000000000000000000000000000000000000000000000000000000000000000000000000000000000000000000000000000000
00000000000000000000000000000000000000000000000000000000000000000000000000000000000000000000000000000000000000000000000000000000
00000000000000000000000000000000000000000000000000000000000000000000000000000000000000000000000000000000000000000000000000000000
00000000000000000000000000000000000000000000000000000000000000000000000000000000000000000000000000000000000000000000000000000000
00000000000000000000000000000000000000000000000000000000000000000000000000000000000000000000000000000000000000000000000000000000
00000000000000000000000000000000000000000000000000000000000000000000000000000000000000000000000000000000000000000000000000000000
00000000000000000000000000000000000000000000000000000000000000000000000000000000000000000000000000000000000000000000000000000000
00000000000000000000000000000000000000000000000000000000000000000000000000000000000000000000000000000000000000000000000000000000
00000000000000000000000000000000000000000000000000000000000000000000000000000000000000000000000000000000000000000000000000000000
00000000000000000000000000000000000000000000000000000000000000000000000000000000000000000000000000000000000000000000000000000000
00000000000000000000000000000000000000000000000000000000000000000000000000000000000000000000000000000000000000000000000000000000
00000000000000000000000000000000000000000000000000000000000000000000000000000000000000000000000000000000000000000000000000000000
00000000000000000000000000000000000000000000000000000000000000000000000000000000000000000000000000000000000000000000000000000000
00000000000000000000000000000000000000000000000000000000000000000000000000000000000000000000000000000000000000000000000000000000
00000000000000000000000000000000000000000000000000000000000000000000000000000000000000000000000000000000000000000000000000000000
00000000000000000000000000000000000000000000000000000000000000000000000000000000000000000000000000000000000000000000000000000000
00000000000000000000000000000000000000000000000000000000000000000000000000000000000000000000000000000000000000000000000000000000
00000000000000000000000000000000000000000000000000000000000000000000000000000000000000000000000000000000000000000000000000000000
00000000000000000000000000000000000000000000000000000000000000000000000000000000000000000000000000000000000000000000000000000000
00000000000000000000000000000000000000000000000000000000000000000000000000000000000000000000000000000000000000000000000000000000
000000000000000000000000000000000000000000000000000000000000000001ff000000000000000000000000000000000000000000000000000000000000
00000000000000000000000000000000000000000000000000000000000000000000000000000000000000000000000000000000000000000000000000000000
00000000000000000000000000000000000000000000000000000000000000000000000000000000000000000000000000000000000000000000000000000000
00000000000000000000000000000000000000000000000000000000000000000000000000000000000000000000000000000000000000000000000000000000
00000000000000000000000000000000000000000000000000000000000000000000000000000000000000000000000000000000000000000000000000000000
00000000000000000000000000000000000000000000000000000000000000000000000000000000000000000000000000000000000000000000000000000000
00000000000000000000000000000000000000000000000000000000000000000000000000000000000000000000000000000000000000000000000000000000
00000000000000000000000000000000000000000000000000000000000000000000000000000000000000000000000000000000000000000000000000000000
00000000000000000000000000000000000000000000000000000000000000000000000000000000000000000000000000000000000000000000000000000000
00000000000000000000000000000000000000000000000000000000000000000000000000000000000000000000000000000000000000000000000000000000
00000000000000000000000000000000000000000000000000000000000000000000000000000000000000000000000000000000000000000000000000000000
00000000000000000000000000000000000000000000000000000000000000000000000000000000000000000000000000000000000000000000000000000000
00000000000000000000000000000000000000000000000000000000000000000000000000000000000000000000000000000000000000000000000000000000
00000000000000000000000000000000000000000000000000000000000000000000000000000000000000000000000000000000000000000000000000000000
00000000000000000000000000000000000000000000000000000000000000000000000000000000000000000000000000000000000000000000000000000000
00000000000000000000000000000000000000000000000000000000000000000000000000000000000000000000000000000000000000000000000000000000
00000000000000000000000000000000000000000000000000000000000000000000000000000000000000000000000000000000000000000000000000000000
00000000000000000000000000000000000000000000000000000000000000000000000000000000000000000000000000000000000000000000000000000000
00000000000000000000000000000000000000000000000000000000000000000000000000000000000000000000000000000000000000000000000000000000
00000000000000000000000000000000000000000000000000000000000000000000000000000000000000000000000000000000000000000000000000000000
00000000000000000000000000000000000000000000000000000000000000000000000000000000000000000000000000000000000000000000000000000000
00000000000000000000000000000000000000000000000000000000000000000000000000000000000000000000000000000000000000000000000000000000
00000000000000000000000000000000000000000000000000000000000000000000000000000000000000000000000000000000000000000000000000000000
00000000000000000000000000000000000000000000000000000000000000000000000000000000000000000000000000000000000000000000000000000000
00000000000000000000000000000000000000000000000000000000000000000000000000000000000000000000000000000000000000000000000000000000
00000000000000000000000000000000000000000000000000000000000000000000000000000000000000000000000000000000000000000000000000000000
00000000000000000000000000000000000000000000000000000000000000000000000000000000000000000000000000000000000000000000000000000000
00000000000000000000000000000000000000000000000000000000000000000000000000000000000000000000000000000000000000000000000000000000
00000000000000000000000000000000000000000000000000000000000000000000000000000000000000000000000000000000000000000000000000000000
00000000000000000000000000000000000000000000000000000000000000000000000000000000000000000000000000000000000000000000000000000000
00000000000000000000000000000000000000000000000000000000000000000000000000000000000000000000000000000000000000000000000000000000
00000000000000000000000000000000000000000000000000000000000000000000000000000000000000000000000000000000000000000000000000000000
00000000000000000000000000000000000000000000000000000000000001ff0000000000000000000000000000000000000000000000000000000000000000
00000000000000000000000000000000000000000000000000000000000000000000000000000000000000000000000000000000000000000000000000000000
00000000000000000000000000000000000000000000000000000000000000000000000000000000000000000000000000000000000000000000000000000000
00000000000000000000000000000000000000000000000000000000000000000000000000000000000000000000000000000000000000000000000000000000
00000000000000000000000000000000000000000000000000000000000000000000000000000000000000000000000000000000000000000000000000000000
00000000000000000000000000000000000000000000000000000000000000000000000000000000000000000000000000000000000000000000000000000000
00000000000000000000000000000000000000000000000000000000000000000000000000000000000000000000000000000000000000000000000000000000
00000000000000000000000000000000000000000000000000000000000000000000000000000000000000000000000000000000000000000000000000000000
00000000000000000000000000000000000000000000000000000000000000000000000000000000000000000000000000000000000000000000000000000000
00000000000000000000000000000000000000000000000000000000000000000000000000000000000000000000000000000000000000000000000000000000
00000000000000000000000000000000000000000000000000000000000000000000000000000000000000000000000000000000000000000000000000000000
00000000000000000000000000000000000000000000000000000000000000000000000000000000000000000000000000000000000000000000000000000000
00000000000000000000000000000000000000000000000000000000000000000000000000000000000000000000000000000000000000000000000000000000
00000000000000000000000000000000000000000000000000000000000000000000000000000000000000000000000000000000000000000000000000000000
00000000000000000000000000000000000000000000000000000000000000000000000000000000000000000000000000000000000000000000000000000000
00000000000000000000000000000000000000000000000000000000000000000000000000000000000000000000000000000000000000000000000000000000
00000000000000000000000000000000000000000000000000000000000000000000000000000000000000000000000000000000000000000000000000000000
00000000000000000000000000000000000000000000000000000000000000000000000000000000000000000000000000000000000000000000000000000000
00000000000000000000000000000000000000000000000000000000000000000000000000000000000000000000000000000000000000000000000000000000
00000000000000000000000000000000000000000000000000000000000000000000000000000000000000000000000000000000000000000000000000000000
00000000000000000000000000000000000000000000000000000000000000000000000000000000000000000000000000000000000000000000000000000000
00000000000000000000000000000000000000000000000000000000000000000000000000000000000000000000000000000000000000000000000000000000
00000000000000000000000000000000000000000000000000000000000000000000000000000000000000000000000000000000000000000000000000000000
00000000000000000000000000000000000000000000000000000000000000000000000000000000000000000000000000000000000000000000000000000000
00000000000000000000000000000000000000000000000000000000000000000000000000000000000000000000000000000000000000000000000000000000
00000000000000000000000000000000000000000000000000000000000000000000000000000000000000000000000000000000000000000000000000000000
00000000000000000000000000000000000000000000000000000000000000000000000000000000000000000000000000000000000000000000000000000000
00000000000000000000000000000000000000000000000000000000000000000000000000000000000000000000000000000000000000000000000000000000
00000000000000000000000000000000000000000000000000000000000000000000000000000000000000000000000000000000000000000000000000000000
00000000000000000000000000000000000000000000000000000000000000000000000000000000000000000000000000000000000000000000000000000000
00000000000000000000000000000000000000000000000000000000000000000000000000000000000000000000000000000000000000000000000000000000
00000000000000000000000000000000000000000000000000000000000000000000000000000000000000000000000000000000000000000000000000000000
00000000000000000000000000000000000000000000000001ff0000000000000000000000000000000000000000000000000000000000000000000000000000
00000000000000000000000000000000000000000000000000000000000000000000000000000000000000000000000000000000000000000000000000000000
00000000000000000000000000000000000000000000000000000000000000000000000000000000000000000000000000000000000000000000000000000000
00000000000000000000000000000000000000000000000000000000000000000000000000000000000000000000000000000000000000000000000000000000
00000000000000000000000000000000000000000000000000000000000000000000000000000000000000000000000000000000000000000000000000000000
00000000000000000000000000000000000000000000000000000000000000000000000000000000000000000000000000000000000000000000000000000000
00000000000000000000000000000000000000000000000000000000000000000000000000000000000000000000000000000000000000000000000000000000
00000000000000000000000000000000000000000000000000000000000000000000000000000000000000000000000000000000000000000000000000000000
00000000000000000000000000000000000000000000000000000000000000000000000000000000000000000000000000000000000000000000000000000000
00000000000000000000000000000000000000000000000000000000000000000000000000000000000000000000000000000000000000000000000000000000
00000000000000000000000000000000000000000000000000000000000000000000000000000000000000000000000000000000000000000000000000000000
00000000000000000000000000000000000000000000000000000000000000000000000000000000000000000000000000000000000000000000000000000000
00000000000000000000000000000000000000000000000000000000000000000000000000000000000000000000000000000000000000000000000000000000
00000000000000000000000000000000000000000000000000000000000000000000000000000000000000000000000000000000000000000000000000000000
00000000000000000000000000000000000000000000000000000000000000000000000000000000000000000000000000000000000000000000000000000000
00000000000000000000000000000000000000000000000000000000000000000000000000000000000000000000000000000000000000000000000000000000
00000000000000000000000000000000000000000000000000000000000000000000000000000000000000000000000000000000000000000000000000000000
00000000000000000000000000000000000000000000000000000000000000000000000000000000000000000000000000000000000000000000000000000000
00000000000000000000000000000000000000000000000000000000000000000000000000000000000000000000000000000000000000000000000000000000
00000000000000000000000000000000000000000000000000000000000000000000000000000000000000000000000000000000000000000000000000000000
00000000000000000000000000000000000000000000000000000000000000000000000000000000000000000000000000000000000000000000000000000000
00000000000000000000000000000000000000000000000000000000000000000000000000000000000000000000000000000000000000000000000000000000
00000000000000000000000000000000000000000000000000000000000000000000000000000000000000000000000000000000000000000000000000000000
00000000000000000000000000000000000000000000000000000000000000000000000000000000000000000000000000000000000000000000000000000000
00000000000000000000000000000000000000000000000000000000000000000000000000000000000000000000000000000000000000000000000000000000
00000000000000000000000000000000000000000000000000000000000000000000000000000000000000000000000000000000000000000000000000000000
00000000000000000000000000000000000000000000000000000000000000000000000000000000000000000000000000000000000000000000000000000000
00000000000000000000000000000000000000000000000000000000000000000000000000000000000000000000000000000000000000000000000000000000
00000000000000000000000000000000000000000000000000000000000000000000000000000000000000000000000000000000000000000000000000000000
00000000000000000000000000000000000000000000000000000000000000000000000000000000000000000000000000000000000000000000000000000000
00000000000000000000000000000000000000000000000000000000000000000000000000000000000000000000000000000000000000000000000000000000
00000000000000000000000000000000000000000000000000000000000000000000000000000000000000000000000000000000000000000000000000000000
00000000000000000000000000000000000000000000000000000000000000000000000000000000000000000000000000000000000000000000000000000000
00000000000000000000000000000000000000000000000000000000000000000000000000000000000000000000000000000000000000000000000000000000
00000000000000000000000000000000000000000000000000000000000000000000000000000000000000000000000000000000000001ff0000000000000000
00000000000000000000000000000000000000000000000000000000000000000000000000000000000000000000000000000000000000000000000000000000
00000000000000000000000000000000000000000000000000000000000000000000000000000000000000000000000000000000000000000000000000000000
00000000000000000000000000000000000000000000000000000000000000000000000000000000000000000000000000000000000000000000000000000000
00000000000000000000000000000000000000000000000000000000000000000000000000000000000000000000000000000000000000000000000000000000
00000000000000000000000000000000000000000000000000000000000000000000000000000000000000000000000000000000000000000000000000000000
00000000000000000000000000000000000000000000000000000000000000000000000000000000000000000000000000000000000000000000000000000000
00000000000000000000000000000000000000000000000000000000000000000000000000000000000000000000000000000000000000000000000000000000
00000000000000000000000000000000000000000000000000000000000000000000000000000000000000000000000000000000000000000000000000000000
00000000000000000000000000000000000000000000000000000000000000000000000000000000000000000000000000000000000000000000000000000000
00000000000000000000000000000000000000000000000000000000000000000000000000000000000000000000000000000000000000000000000000000000
00000000000000000000000000000000000000000000000000000000000000000000000000000000000000000000000000000000000000000000000000000000
00000000000000000000000000000000000000000000000000000000000000000000000000000000000000000000000000000000000000000000000000000000
00000000000000000000000000000000000000000000000000000000000000000000000000000000000000000000000000000000000000000000000000000000
00000000000000000000000000000000000000000000000000000000000000000000000000000000000000000000000000000000000000000000000000000000
00000000000000000000000000000000000000000000000000000000000000000000000000000000000000000000000000000000000000000000000000000000
00000000000000000000000000000000000000000000000000000000000000000000000000000000000000000000000000000000000000000000000000000000
00000000000000000000000000000000000000000000000000000000000000000000000000000000000000000000000000000000000000000000000000000000
00000000000000000000000000000000000000000000000000000000000000000000000000000000000000000000000000000000000000000000000000000000
00000000000000000000000000000000000000000000000000000000000000000000000000000000000000000000000000000000000000000000000000000000
00000000000000000000000000000000000000000000000000000000000000000000000000000000000000000000000000000000000000000000000000000000
00000000000000000000000000000000000000000000000000000000000000000000000000000000000000000000000000000000000000000000000000000000
00000000000000000000000000000000000000000000000000000000000000000000000000000000000000000000000000000000000000000000000000000000
00000000000000000000000000000000000000000000000000000000000000000000000000000000000000000000000000000000000000000000000000000000
00000000000000000000000000000000000000000000000000000000000000000000000000000000000000000000000000000000000000000000000000000000
00000000000000000000000000000000000000000000000000000000000000000000000000000000000000000000000000000000000000000000000000000000
00000000000000000000000000000000000000000000000000000000000000000000000000000000000000000000000000000000000000000000000000000000
00000000000000000000000000000000000000000000000000000000000000000000000000000000000000000000000000000000000000000000000000000000
00000000000000000000000000000000000000000000000000000000000000000000000000000000000000000000000000000000000000000000000000000000
00000000000000000000000000000000000000000000000000000000000000000000000000000000000000000000000000000000000000000000000000000000
00000000000000000000000000000000000000000000000000000000000000000000000000000000000000000000000000000000000000000000000000000000
00000000000000000000000000000000000000000000000000000000000000000000000000000000000000000000000000000000000000000000000000000000
00000000000000000000000000000000000000000000000000000000000000000000000000000000000000000000000001ff0000000000000000000000000000
00000000000000000000000000000000000000000000000000000000000000000000000000000000000000000000000000000000000000000000000000000000
00000000000000000000000000000000000000000000000000000000000000000000000000000000000000000000000000000000000000000000000000000000
00000000000000000000000000000000000000000000000000000000000000000000000000000000000000000000000000000000000000000000000000000000
00000000000000000000000000000000000000000000000000000000000000000000000000000000000000000000000000000000000000000000000000000000
00000000000000000000000000000000000000000000000000000000000000000000000000000000000000000000000000000000000000000000000000000000
00000000000000000000000000000000000000000000000000000000000000000000000000000000000000000000000000000000000000000000000000000000
00000000000000000000000000000000000000000000000000000000000000000000000000000000000000000000000000000000000000000000000000000000
00000000000000000000000000000000000000000000000000000000000000000000000000000000000000000000000000000000000000000000000000000000
00000000000000000000000000000000000000000000000000000000000000000000000000000000000000000000000000000000000000000000000000000000
00000000000000000000000000000000000000000000000000000000000000000000000000000000000000000000000000000000000000000000000000000000
00000000000000000000000000000000000000000000000000000000000000000000000000000000000000000000000000000000000000000000000000000000
00000000000000000000000000000000000000000000000000000000000000000000000000000000000000000000000000000000000000000000000000000000
00000000000000000000000000000000000000000000000000000000000000000000000000000000000000000000000000000000000000000000000000000000
00000000000000000000000000000000000000000000000000000000000000000000000000000000000000000000000000000000000000000000000000000000
00000000000000000000000000000000000000000000000000000000000000000000000000000000000000000000000000000000000000000000000000000000
00000000000000000000000000000000000000000000000000000000000000000000000000000000000000000000000000000000000000000000000000000000
00000000000000000000000000000000000000000000000000000000000000000000000000000000000000000000000000000000000000000000000000000000
00000000000000000000000000000000000000000000000000000000000000000000000000000000000000000000000000000000000000000000000000000000
00000000000000000000000000000000000000000000000000000000000000000000000000000000000000000000000000000000000000000000000000000000
00000000000000000000000000000000000000000000000000000000000000000000000000000000000000000000000000000000000000000000000000000000
00000000000000000000000000000000000000000000000000000000000000000000000000000000000000000000000000000000000000000000000000000000
00000000000000000000000000000000000000000000000000000000000000000000000000000000000000000000000000000000000000000000000000000000
00000000000000000000000000000000000000000000000000000000000000000000000000000000000000000000000000000000000000000000000000000000
00000000000000000000000000000000000000000000000000000000000000000000000000000000000000000000000000000000000000000000000000000000
00000000000000000000000000000000000000000000000000000000000000000000000000000000000000000000000000000000000000000000000000000000
00000000000000000000000000000000000000000000000000000000000000000000000000000000000000000000000000000000000000000000000000000000
00000000000000000000000000000000000000000000000000000000000000000000000000000000000000000000000000000000000000000000000000000000
00000000000000000000000000000000000000000000000000000000000000000000000000000000000000000000000000000000000000000000000000000000
00000000000000000000000000000000000000000000000000000000000000000000000000000000000000000000000000000000000000000000000000000000
00000000000000000000000000000000000000000000000000000000000000000000000000000000000000000000000000000000000000000000000000000000
00000000000000000000000000000000000000000000000000000000000000000000000000000000000000000000000000000000000000000000000000000000
0000000000000000000000000000000000000000000000000000000000000000000000000000000000000000000001ff00000000000000000000000000000000
00000000000000000000000000000000000000000000000000000000000000000000000000000000000000000000000000000000000000000000000000000000
00000000000000000000000000000000000000000000000000000000000000000000000000000000000000000000000000000000000000000000000000000000
00000000000000000000000000000000000000000000000000000000000000000000000000000000000000000000000000000000000000000000000000000000
00000000000000000000000000000000000000000000000000000000000000000000000000000000000000000000000000000000000000000000000000000000
00000000000000000000000000000000000000000000000000000000000000000000000000000000000000000000000000000000000000000000000000000000
00000000000000000000000000000000000000000000000000000000000000000000000000000000000000000000000000000000000000000000000000000000
00000000000000000000000000000000000000000000000000000000000000000000000000000000000000000000000000000000000000000000000000000000
00000000000000000000000000000000000000000000000000000000000000000000000000000000000000000000000000000000000000000000000000000000
00000000000000000000000000000000000000000000000000000000000000000000000000000000000000000000000000000000000000000000000000000000
00000000000000000000000000000000000000000000000000000000000000000000000000000000000000000000000000000000000000000000000000000000
00000000000000000000000000000000000000000000000000000000000000000000000000000000000000000000000000000000000000000000000000000000
00000000000000000000000000000000000000000000000000000000000000000000000000000000000000000000000000000000000000000000000000000000
00000000000000000000000000000000000000000000000000000000000000000000000000000000000000000000000000000000000000000000000000000000
00000000000000000000000000000000000000000000000000000000000000000000000000000000000000000000000000000000000000000000000000000000
00000000000000000000000000000000000000000000000000000000000000000000000000000000000000000000000000000000000000000000000000000000
00000000000000000000000000000000000000000000000000000000000000000000000000000000000000000000000000000000000000000000000000000000
00000000000000000000000000000000000000000000000000000000000000000000000000000000000000000000000000000000000000000000000000000000
00000000000000000000000000000000000000000000000000000000000000000000000000000000000000000000000000000000000000000000000000000000
00000000000000000000000000000000000000000000000000000000000000000000000000000000000000000000000000000000000000000000000000000000
00000000000000000000000000000000000000000000000000000000000000000000000000000000000000000000000000000000000000000000000000000000
00000000000000000000000000000000000000000000000000000000000000000000000000000000000000000000000000000000000000000000000000000000
00000000000000000000000000000000000000000000000000000000000000000000000000000000000000000000000000000000000000000000000000000000
00000000000000000000000000000000000000000000000000000000000000000000000000000000000000000000000000000000000000000000000000000000
00000000000000000000000000000000000000000000000000000000000000000000000000000000000000000000000000000000000000000000000000000000
00000000000000000000000000000000000000000000000000000000000000000000000000000000000000000000000000000000000000000000000000000000
00000000000000000000000000000000000000000000000000000000000000000000000000000000000000000000000000000000000000000000000000000000
00000000000000000000000000000000000000000000000000000000000000000000000000000000000000000000000000000000000000000000000000000000
00000000000000000000000000000000000000000000000000000000000000000000000000000000000000000000000000000000000000000000000000000000
00000000000000000000000000000000000000000000000000000000000000000000000000000000000000000000000000000000000000000000000000000000
00000000000000000000000000000000000000000000000000000000000000000000000000000000000000000000000000000000000000000000000000000000
00000000000000000000000000000000000000000000000000000000000000000000000000000000000000000000000000000000000000000000000000000000
0000000000000000000000000000000000000000000000000000000000000000000000000000000001ff00000000000000000000000000000000000000000000
00000000000000000000000000000000000000000000000000000000000000000000000000000000000000000000000000000000000000000000000000000000
00000000000000000000000000000000000000000000000000000000000000000000000000000000000000000000000000000000000000000000000000000000
00000000000000000000000000000000000000000000000000000000000000000000000000000000000000000000000000000000000000000000000000000000
00000000000000000000000000000000000000000000000000000000000000000000000000000000000000000000000000000000000000000000000000000000
00000000000000000000000000000000000000000000000000000000000000000000000000000000000000000000000000000000000000000000000000000000
00000000000000000000000000000000000000000000000000000000000000000000000000000000000000000000000000000000000000000000000000000000
00000000000000000000000000000000000000000000000000000000000000000000000000000000000000000000000000000000000000000000000000000000
00000000000000000000000000000000000000000000000000000000000000000000000000000000000000000000000000000000000000000000000000000000
00000000000000000000000000000000000000000000000000000000000000000000000000000000000000000000000000000000000000000000000000000000
00000000000000000000000000000000000000000000000000000000000000000000000000000000000000000000000000000000000000000000000000000000
00000000000000000000000000000000000000000000000000000000000000000000000000000000000000000000000000000000000000000000000000000000
00000000000000000000000000000000000000000000000000000000000000000000000000000000000000000000000000000000000000000000000000000000
00000000000000000000000000000000000000000000000000000000000000000000000000000000000000000000000000000000000000000000000000000000
00000000000000000000000000000000000000000000000000000000000000000000000000000000000000000000000000000000000000000000000000000000
00000000000000000000000000000000000000000000000000000000000000000000000000000000000000000000000000000000000000000000000000000000
00000000000000000000000000000000000000000000000000000000000000000000000000000000000000000000000000000000000000000000000000000000
00000000000000000000000000000000000000000000000000000000000000000000000000000000000000000000000000000000000000000000000000000000
00000000000000000000000000000000000000000000000000000000000000000000000000000000000000000000000000000000000000000000000000000000
00000000000000000000000000000000000000000000000000000000000000000000000000000000000000000000000000000000000000000000000000000000
00000000000000000000000000000000000000000000000000000000000000000000000000000000000000000000000000000000000000000000000000000000
00000000000000000000000000000000000000000000000000000000000000000000000000000000000000000000000000000000000000000000000000000000
00000000000000000000000000000000000000000000000000000000000000000000000000000000000000000000000000000000000000000000000000000000
00000000000000000000000000000000000000000000000000000000000000000000000000000000000000000000000000000000000000000000000000000000
00000000000000000000000000000000000000000000000000000000000000000000000000000000000000000000000000000000000000000000000000000000
00000000000000000000000000000000000000000000000000000000000000000000000000000000000000000000000000000000000000000000000000000000
00000000000000000000000000000000000000000000000000000000000000000000000000000000000000000000000000000000000000000000000000000000
00000000000000000000000000000000000000000000000000000000000000000000000000000000000000000000000000000000000000000000000000000000
00000000000000000000000000000000000000000000000000000000000000000000000000000000000000000000000000000000000000000000000000000000
00000000000000000000000000000000000000000000000000000000000000000000000000000000000000000000000000000000000000000000000000000000
00000000000000000000000000000000000000000000000000000000000000000000000000000000000000000000000000000000000000000000000000000000
00000000000000000000000000000000000000000000000000000000000000000000000000000000000000000000000000000000000000000000000000000000
00000000000000000000000000000000000000000000000000000000000000000000000000000000000000000000000000000000000000000000000000000000
00000000000000000000000000000000000000000000000000000000000000000000000000000000000000000000000000000000000000000000000000000000
00000000000000000000000000000000000000000000000000000000000000000000000000000000000000000000000000000000000000000000000000000000
00000000000000000000000000000000000000000000000000000000000000000000000000000000000000000000000000000000000000000000000000000000
00000000000000000000000000000000000000000000000000000000000000000000000000000000000000000000000000000000000000000000000000000000
00000000000000000000000000000000000000000000000000000000000000000000000000000000000000000000000000000000000000000000000000000000
00000000000000000000000000000000000000000000000000000000000000000000000000000000000000000000000000000000000000000000000000000000
00000000000000000000000000000000000000000000000000000000000000000000000000000000000000000000000000000000000000000000000000000000
00000000000000000000000000000000000000000000000000000000000000000000000000000000000000000000000000000000000000000000000000000000
00000000000000000000000000000000000000000000000000000000000000000000000000000000000000000000000000000000000000000000000000000000
00000000000000000000000000000000000000000000000000000000000000000000000000000000000000000000000000000000000000000000000000000000
00000000000000000000000000000000000000000000000000000000000000000000000000000000000000000000000000000000000000000000000000000000
00000000000000000000000000000000000000000000000000000000000000000000000000000000000000000000000000000000000000000000000000000000
00000000000000000000000000000000000000000000000000000000000000000000000000000000000000000000000000000000000000000000000000000000
00000000000000000000000000000000000000000000000000000000000000000000000000000000000000000000000000000000000000000000000000000000
00000000000000000000000000000000000000000000000000000000000000000000000000000000000000000000000000000000000000000000000000000000
00000000000000000000000000000000000000000000000000000000000000000000000000000000000000000000000000000000000000000000000000000000
00000000000000000000000000000000000000000000000000000000000000000000000000000000000000000000000000000000000000000000000000000000
00000000000000000000000000000000000000000000000000000000000000000000000000000000000000000000000000000000000000000000000000000000
00000000000000000000000000000000000000000000000000000000000000000000000000000000000000000000000000000000000000000000000000000000
00000000000000000000000000000000000000000000000000000000000000000000000000000000000000000000000000000000000000000000000000000000
00000000000000000000000000000000000000000000000000000000000000000000000000000000000000000000000000000000000000000000000000000000
0000000000000000000000000000000000000000000001ff00000000000000000000000000000000000000000000000000000000000000000000000000000000
00000000000000000000000000000000000000000000000000000000000000000000000000000000000000000000000000000000000000000000000000000000
00000000000000000000000000000000000000000000000000000000000000000000000000000000000000000000000000000000000000000000000000000000
00000000000000000000000000000000000000000000000000000000000000000000000000000000000000000000000000000000000000000000000000000000
00000000000000000000000000000000000000000000000000000000000000000000000000000000000000000000000000000000000000000000000000000000
00000000000000000000000000000000000000000000000000000000000000000000000000000000000000000000000000000000000000000000000000000000
00000000000000000000000000000000000000000000000000000000000000000000000000000000000000000000000000000000000000000000000000000000
00000000000000000000000000000000000000000000000000000000000000000000000000000000000000000000000000000000000000000000000000000000
00000000000000000000000000000000000000000000000000000000000000000000000000000000000000000000000000000000000000000000000000000000
00000000000000000000000000000000000000000000000000000000000000000000000000000000000000000000000000000000000000000000000000000000
00000000000000000000000000000000000000000000000000000000000000000000000000000000000000000000000000000000000000000000000000000000
00000000000000000000000000000000000000000000000000000000000000000000000000000000000000000000000000000000000000000000000000000000
00000000000000000000000000000000000000000000000000000000000000000000000000000000000000000000000000000000000000000000000000000000
00000000000000000000000000000000000000000000000000000000000000000000000000000000000000000000000000000000000000000000000000000000
00000000000000000000000000000000000000000000000000000000000000000000000000000000000000000000000000000000000000000000000000000000
00000000000000000000000000000000000000000000000000000000000000000000000000000000000000000000000000000000000000000000000000000000
00000000000000000000000000000000000000000000000000000000000000000000000000000000000000000000000000000000000000000000000000000000
00000000000000000000000000000000000000000000000000000000000000000000000000000000000000000000000000000000000000000000000000000000
00000000000000000000000000000000000000000000000000000000000000000000000000000000000000000000000000000000000000000000000000000000
00000000000000000000000000000000000000000000000000000000000000000000000000000000000000000000000000000000000000000000000000000000
00000000000000000000000000000000000000000000000000000000000000000000000000000000000000000000000000000000000000000000000000000000
00000000000000000000000000000000000000000000000000000000000000000000000000000000000000000000000000000000000000000000000000000000
00000000000000000000000000000000000000000000000000000000000000000000000000000000000000000000000000000000000000000000000000000000
00000000000000000000000000000000000000000000000000000000000000000000000000000000000000000000000000000000000000000000000000000000
00000000000000000000000000000000000000000000000000000000000000000000000000000000000000000000000000000000000000000000000000000000
00000000000000000000000000000000000000000000000000000000000000000000000000000000000000000000000000000000000000000000000000000000
00000000000000000000000000000000000000000000000000000000000000000000000000000000000000000000000000000000000000000000000000000000
00000000000000000000000000000000000000000000000000000000000000000000000000000000000000000000000000000000000000000000000000000000
00000000000000000000000000000000000000000000000000000000000000000000000000000000000000000000000000000000000000000000000000000000
00000000000000000000000000000000000000000000000000000000000000000000000000000000000000000000000000000000000000000000000000000000
00000000000000000000000000000000000000000000000000000000000000000000000000000000000000000000000000000000000000000000000000000000
00000000000000000000000000000000000000000000000000000000000000000000000000000000000000000000000000000000000000000000000000000000
0000000000000000000000000000000001ff00000000000000000000000000000000000000000000000000000000000000000000000000000000000000000000
00000000000000000000000000000000000000000000000000000000000000000000000000000000000000000000000000000000000000000000000000000000
00000000000000000000000000000000000000000000000000000000000000000000000000000000000000000000000000000000000000000000000000000000
00000000000000000000000000000000000000000000000000000000000000000000000000000000000000000000000000000000000000000000000000000000
00000000000000000000000000000000000000000000000000000000000000000000000000000000000000000000000000000000000000000000000000000000
00000000000000000000000000000000000000000000000000000000000000000000000000000000000000000000000000000000000000000000000000000000
00000000000000000000000000000000000000000000000000000000000000000000000000000000000000000000000000000000000000000000000000000000
00000000000000000000000000000000000000000000000000000000000000000000000000000000000000000000000000000000000000000000000000000000
00000000000000000000000000000000000000000000000000000000000000000000000000000000000000000000000000000000000000000000000000000000
00000000000000000000000000000000000000000000000000000000000000000000000000000000000000000000000000000000000000000000000000000000
00000000000000000000000000000000000000000000000000000000000000000000000000000000000000000000000000000000000000000000000000000000
00000000000000000000000000000000000000000000000000000000000000000000000000000000000000000000000000000000000000000000000000000000
00000000000000000000000000000000000000000000000000000000000000000000000000000000000000000000000000000000000000000000000000000000
00000000000000000000000000000000000000000000000000000000000000000000000000000000000000000000000000000000000000000000000000000000
00000000000000000000000000000000000000000000000000000000000000000000000000000000000000000000000000000000000000000000000000000000
00000000000000000000000000000000000000000000000000000000000000000000000000000000000000000000000000000000000000000000000000000000
00000000000000000000000000000000000000000000000000000000000000000000000000000000000000000000000000000000000000000000000000000000
00000000000000000000000000000000000000000000000000000000000000000000000000000000000000000000000000000000000000000000000000000000
00000000000000000000000000000000000000000000000000000000000000000000000000000000000000000000000000000000000000000000000000000000
00000000000000000000000000000000000000000000000000000000000000000000000000000000000000000000000000000000000000000000000000000000
00000000000000000000000000000000000000000000000000000000000000000000000000000000000000000000000000000000000000000000000000000000
00000000000000000000000000000000000000000000000000000000000000000000000000000000000000000000000000000000000000000000000000000000
00000000000000000000000000000000000000000000000000000000000000000000000000000000000000000000000000000000000000000000000000000000
00000000000000000000000000000000000000000000000000000000000000000000000000000000000000000000000000000000000000000000000000000000
00000000000000000000000000000000000000000000000000000000000000000000000000000000000000000000000000000000000000000000000000000000
00000000000000000000000000000000000000000000000000000000000000000000000000000000000000000000000000000000000000000000000000000000
00000000000000000000000000000000000000000000000000000000000000000000000000000000000000000000000000000000000000000000000000000000
00000000000000000000000000000000000000000000000000000000000000000000000000000000000000000000000000000000000000000000000000000000
00000000000000000000000000000000000000000000000000000000000000000000000000000000000000000000000000000000000000000000000000000000
00000000000000000000000000000000000000000000000000000000000000000000000000000000000000000000000000000000000000000000000000000000
00000000000000000000000000000000000000000000000000000000000000000000000000000000000000000000000000000000000000000000000000000000
00000000000000000000000000000000000000000000000000000000000000000000000000000000000000000000000000000000000000000000000000000000
00000000000000000000000000000000000000000000000000000000000000000000000000000000000000000000000000000000000000000000000000000000
00000000000000000000000000000000000000000000000000000000000000000000000000000000000000000000000000000000000000000000000000000000
00000000000001ff0000000000000000000000000000000000000000000000000000000000000000000000000000000000000000000000000000000000000000
00000000000000000000000000000000000000000000000000000000000000000000000000000000000000000000000000000000000000000000000000000000
00000000000000000000000000000000000000000000000000000000000000000000000000000000000000000000000000000000000000000000000000000000
00000000000000000000000000000000000000000000000000000000000000000000000000000000000000000000000000000000000000000000000000000000
00000000000000000000000000000000000000000000000000000000000000000000000000000000000000000000000000000000000000000000000000000000
00000000000000000000000000000000000000000000000000000000000000000000000000000000000000000000000000000000000000000000000000000000
00000000000000000000000000000000000000000000000000000000000000000000000000000000000000000000000000000000000000000000000000000000
00000000000000000000000000000000000000000000000000000000000000000000000000000000000000000000000000000000000000000000000000000000
00000000000000000000000000000000000000000000000000000000000000000000000000000000000000000000000000000000000000000000000000000000
00000000000000000000000000000000000000000000000000000000000000000000000000000000000000000000000000000000000000000000000000000000
00000000000000000000000000000000000000000000000000000000000000000000000000000000000000000000000000000000000000000000000000000000
00000000000000000000000000000000000000000000000000000000000000000000000000000000000000000000000000000000000000000000000000000000
00000000000000000000000000000000000000000000000000000000000000000000000000000000000000000000000000000000000000000000000000000000
00000000000000000000000000000000000000000000000000000000000000000000000000000000000000000000000000000000000000000000000000000000
00000000000000000000000000000000000000000000000000000000000000000000000000000000000000000000000000000000000000000000000000000000
00000000000000000000000000000000000000000000000000000000000000000000000000000000000000000000000000000000000000000000000000000000
00000000000000000000000000000000000000000000000000000000000000000000000000000000000000000000000000000000000000000000000000000000
00000000000000000000000000000000000000000000000000000000000000000000000000000000000000000000000000000000000000000000000000000000
00000000000000000000000000000000000000000000000000000000000000000000000000000000000000000000000000000000000000000000000000000000
00000000000000000000000000000000000000000000000000000000000000000000000000000000000000000000000000000000000000000000000000000000
00000000000000000000000000000000000000000000000000000000000000000000000000000000000000000000000000000000000000000000000000000000
00000000000000000000000000000000000000000000000000000000000000000000000000000000000000000000000000000000000000000000000000000000
00000000000000000000000000000000000000000000000000000000000000000000000000000000000000000000000000000000000000000000000000000000
00000000000000000000000000000000000000000000000000000000000000000000000000000000000000000000000000000000000000000000000000000000
00000000000000000000000000000000000000000000000000000000000000000000000000000000000000000000000000000000000000000000000000000000
00000000000000000000000000000000000000000000000000000000000000000000000000000000000000000000000000000000000000000000000000000000
00000000000000000000000000000000000000000000000000000000000000000000000000000000000000000000000000000000000000000000000000000000
00000000000000000000000000000000000000000000000000000000000000000000000000000000000000000000000000000000000000000000000000000000
00000000000000000000000000000000000000000000000000000000000000000000000000000000000000000000000000000000000000000000000000000000
00000000000000000000000000000000000000000000000000000000000000000000000000000000000000000000000000000000000000000000000000000000
00000000000000000000000000000000000000000000000000000000000000000000000000000000000000000000000000000000000000000000000000000000
00000000000000000000000000000000000000000000000000000000000000000000000000000000000000000000000000000000000000000000000000000000
01ff0000000000000000000000000000000000000000000000000000000000000000000000000000000000000000000000000000000000000000000000000000
00000000000000000000000000000000000000000000000000000000000000000000000000000000000000000000000000000000000000000000000000000000
00000000000000000000000000000000000000000000000000000000000000000000000000000000000000000000000000000000000000000000000000000000
00000000000000000000000000000000000000000000000000000000000000000000000000000000000000000000000000000000000000000000000000000000
00000000000000000000000000000000000000000000000000000000000000000000000000000000000000000000000000000000000000000000000000000000
00000000000000000000000000000000000000000000000000000000000000000000000000000000000000000000000000000000000000000000000000000000
00000000000000000000000000000000000000000000000000000000000000000000000000000000000000000000000000000000000000000000000000000000
00000000000000000000000000000000000000000000000000000000000000000000000000000000000000000000000000000000000000000000000000000000
00000000000000000000000000000000000000000000000000000000000000000000000000000000000000000000000000000000000000000000000000000000
00000000000000000000000000000000000000000000000000000000000000000000000000000000000000000000000000000000000000000000000000000000
00000000000000000000000000000000000000000000000000000000000000000000000000000000000000000000000000000000000000000000000000000000
00000000000000000000000000000000000000000000000000000000000000000000000000000000000000000000000000000000000000000000000000000000
00000000000000000000000000000000000000000000000000000000000000000000000000000000000000000000000000000000000000000000000000000000
00000000000000000000000000000000000000000000000000000000000000000000000000000000000000000000000000000000000000000000000000000000
00000000000000000000000000000000000000000000000000000000000000000000000000000000000000000000000000000000000000000000000000000000
00000000000000000000000000000000000000000000000000000000000000000000000000000000000000000000000000000000000000000000000000000000
00000000000000000000000000000000000000000000000000000000000000000000000000000000000000000000000000000000000000000000000000000000
00000000000000000000000000000000000000000000000000000000000000000000000000000000000000000000000000000000000000000000000000000000
00000000000000000000000000000000000000000000000000000000000000000000000000000000000000000000000000000000000000000000000000000000
00000000000000000000000000000000000000000000000000000000000000000000000000000000000000000000000000000000000000000000000000000000
00000000000000000000000000000000000000000000000000000000000000000000000000000000000000000000000000000000000000000000000000000000
00000000000000000000000000000000000000000000000000000000000000000000000000000000000000000000000000000000000000000000000000000000
00000000000000000000000000000000000000000000000000000000000000000000000000000000000000000000000000000000000000000000000000000000
00000000000000000000000000000000000000000000000000000000000000000000000000000000000000000000000000000000000000000000000000000000
00000000000000000000000000000000000000000000000000000000000000000000000000000000000000000000000000000000000000000000000000000000
00000000000000000000000000000000000000000000000000000000000000000000000000000000000000000000000000000000000000000000000000000000
00000000000000000000000000000000000000000000000000000000000000000000000000000000000000000000000000000000000000000000000000000000
00000000000000000000000000000000000000000000000000000000000000000000000000000000000000000000000000000000000000000000000000000000
00000000000000000000000000000000000000000000000000000000000000000000000000000000000000000000000000000000000000000000000000000000
00000000000000000000000000000000000000000000000000000000000000000000000000000000000000000000000000000000000000000000000000000000
00000000000000000000000000000000000000000000000000000000000000000000000000000000000000000000000000000000000000000000000000000000
00000000000000000000000000000000000000000000000000000000000000000000000000000000000000000000000000000000000000000000000000000000
00000000000000000000000000000000000000000000000000000000000000000000000000000000000000000000000000000000000000000000000000000000
0000000000000000000000000000000000000000000001ff00000000000000000000000000000000000000000000000000000000000000000000000000000000
00000000000000000000000000000000000000000000000000000000000000000000000000000000000000000000000000000000000000000000000000000000
00000000000000000000000000000000000000000000000000000000000000000000000000000000000000000000000000000000000000000000000000000000
00000000000000000000000000000000000000000000000000000000000000000000000000000000000000000000000000000000000000000000000000000000
00000000000000000000000000000000000000000000000000000000000000000000000000000000000000000000000000000000000000000000000000000000
00000000000000000000000000000000000000000000000000000000000000000000000000000000000000000000000000000000000000000000000000000000
00000000000000000000000000000000000000000000000000000000000000000000000000000000000000000000000000000000000000000000000000000000
00000000000000000000000000000000000000000000000000000000000000000000000000000000000000000000000000000000000000000000000000000000
00000000000000000000000000000000000000000000000000000000000000000000000000000000000000000000000000000000000000000000000000000000
00000000000000000000000000000000000000000000000000000000000000000000000000000000000000000000000000000000000000000000000000000000
00000000000000000000000000000000000000000000000000000000000000000000000000000000000000000000000000000000000000000000000000000000
00000000000000000000000000000000000000000000000000000000000000000000000000000000000000000000000000000000000000000000000000000000
00000000000000000000000000000000000000000000000000000000000000000000000000000000000000000000000000000000000000000000000000000000
00000000000000000000000000000000000000000000000000000000000000000000000000000000000000000000000000000000000000000000000000000000
00000000000000000000000000000000000000000000000000000000000000000000000000000000000000000000000000000000000000000000000000000000
00000000000000000000000000000000000000000000000000000000000000000000000000000000000000000000000000000000000000000000000000000000
00000000000000000000000000000000000000000000000000000000000000000000000000000000000000000000000000000000000000000000000000000000
00000000000000000000000000000000000000000000000000000000000000000000000000000000000000000000000000000000000000000000000000000000
00000000000000000000000000000000000000000000000000000000000000000000000000000000000000000000000000000000000000000000000000000000
00000000000000000000000000000000000000000000000000000000000000000000000000000000000000000000000000000000000000000000000000000000
00000000000000000000000000000000000000000000000000000000000000000000000000000000000000000000000000000000000000000000000000000000
00000000000000000000000000000000000000000000000000000000000000000000000000000000000000000000000000000000000000000000000000000000
00000000000000000000000000000000000000000000000000000000000000000000000000000000000000000000000000000000000000000000000000000000
00000000000000000000000000000000000000000000000000000000000000000000000000000000000000000000000000000000000000000000000000000000
00000000000000000000000000000000000000000000000000000000000000000000000000000000000000000000000000000000000000000000000000000000
00000000000000000000000000000000000000000000000000000000000000000000000000000000000000000000000000000000000000000000000000000000
00000000000000000000000000000000000000000000000000000000000000000000000000000000000000000000000000000000000000000000000000000000
00000000000000000000000000000000000000000000000000000000000000000000000000000000000000000000000000000000000000000000000000000000
00000000000000000000000000000000000000000000000000000000000000000000000000000000000000000000000000000000000000000000000000000000
00000000000000000000000000000000000000000000000000000000000000000000000000000000000000000000000000000000000000000000000000000000
00000000000000000000000000000000000000000000000000000000000000000000000000000000000000000000000000000000000000000000000000000000
00000000000000000000000000000000000000000000000000000000000000000000000000000000000000000000000000000000000000000000000000000000
0000000000000000000000000000000001ff00000000000000000000000000000000000000000000000000000000000000000000000000000000000000000000
00000000000000000000000000000000000000000000000000000000000000000000000000000000000000000000000000000000000000000000000000000000
00000000000000000000000000000000000000000000000000000000000000000000000000000000000000000000000000000000000000000000000000000000
00000000000000000000000000000000000000000000000000000000000000000000000000000000000000000000000000000000000000000000000000000000
00000000000000000000000000000000000000000000000000000000000000000000000000000000000000000000000000000000000000000000000000000000
00000000000000000000000000000000000000000000000000000000000000000000000000000000000000000000000000000000000000000000000000000000
00000000000000000000000000000000000000000000000000000000000000000000000000000000000000000000000000000000000000000000000000000000
00000000000000000000000000000000000000000000000000000000000000000000000000000000000000000000000000000000000000000000000000000000
00000000000000000000000000000000000000000000000000000000000000000000000000000000000000000000000000000000000000000000000000000000
00000000000000000000000000000000000000000000000000000000000000000000000000000000000000000000000000000000000000000000000000000000
00000000000000000000000000000000000000000000000000000000000000000000000000000000000000000000000000000000000000000000000000000000
00000000000000000000000000000000000000000000000000000000000000000000000000000000000000000000000000000000000000000000000000000000
00000000000000000000000000000000000000000000000000000000000000000000000000000000000000000000000000000000000000000000000000000000
00000000000000000000000000000000000000000000000000000000000000000000000000000000000000000000000000000000000000000000000000000000
00000000000000000000000000000000000000000000000000000000000000000000000000000000000000000000000000000000000000000000000000000000
00000000000000000000000000000000000000000000000000000000000000000000000000000000000000000000000000000000000000000000000000000000
00000000000000000000000000000000000000000000000000000000000000000000000000000000000000000000000000000000000000000000000000000000
00000000000000000000000000000000000000000000000000000000000000000000000000000000000000000000000000000000000000000000000000000000
00000000000000000000000000000000000000000000000000000000000000000000000000000000000000000000000000000000000000000000000000000000
00000000000000000000000000000000000000000000000000000000000000000000000000000000000000000000000000000000000000000000000000000000
00000000000000000000000000000000000000000000000000000000000000000000000000000000000000000000000000000000000000000000000000000000
00000000000000000000000000000000000000000000000000000000000000000000000000000000000000000000000000000000000000000000000000000000
00000000000000000000000000000000000000000000000000000000000000000000000000000000000000000000000000000000000000000000000000000000
00000000000000000000000000000000000000000000000000000000000000000000000000000000000000000000000000000000000000000000000000000000
00000000000000000000000000000000000000000000000000000000000000000000000000000000000000000000000000000000000000000000000000000000
00000000000000000000000000000000000000000000000000000000000000000000000000000000000000000000000000000000000000000000000000000000
00000000000000000000000000000000000000000000000000000000000000000000000000000000000000000000000000000000000000000000000000000000
00000000000000000000000000000000000000000000000000000000000000000000000000000000000000000000000000000000000000000000000000000000
00000000000000000000000000000000000000000000000000000000000000000000000000000000000000000000000000000000000000000000000000000000
00000000000000000000000000000000000000000000000000000000000000000000000000000000000000000000000000000000000000000000000000000000
00000000000000000000000000000000000000000000000000000000000000000000000000000000000000000000000000000000000000000000000000000000
00000000000000000000000000000000000000000000000000000000000000000000000000000000000000000000000000000000000000000000000000000000
00000000000001ff0000000000000000000000000000000000000000000000000000000000000000000000000000000000000000000000000000000000000000
00000000000000000000000000000000000000000000000000000000000000000000000000000000000000000000000000000000000000000000000000000000
00000000000000000000000000000000000000000000000000000000000000000000000000000000000000000000000000000000000000000000000000000000
00000000000000000000000000000000000000000000000000000000000000000000000000000000000000000000000000000000000000000000000000000000
00000000000000000000000000000000000000000000000000000000000000000000000000000000000000000000000000000000000000000000000000000000
00000000000000000000000000000000000000000000000000000000000000000000000000000000000000000000000000000000000000000000000000000000
00000000000000000000000000000000000000000000000000000000000000000000000000000000000000000000000000000000000000000000000000000000
00000000000000000000000000000000000000000000000000000000000000000000000000000000000000000000000000000000000000000000000000000000
00000000000000000000000000000000000000000000000000000000000000000000000000000000000000000000000000000000000000000000000000000000
00000000000000000000000000000000000000000000000000000000000000000000000000000000000000000000000000000000000000000000000000000000
00000000000000000000000000000000000000000000000000000000000000000000000000000000000000000000000000000000000000000000000000000000
00000000000000000000000000000000000000000000000000000000000000000000000000000000000000000000000000000000000000000000000000000000
00000000000000000000000000000000000000000000000000000000000000000000000000000000000000000000000000000000000000000000000000000000
00000000000000000000000000000000000000000000000000000000000000000000000000000000000000000000000000000000000000000000000000000000
00000000000000000000000000000000000000000000000000000000000000000000000000000000000000000000000000000000000000000000000000000000
00000000000000000000000000000000000000000000000000000000000000000000000000000000000000000000000000000000000000000000000000000000
00000000000000000000000000000000000000000000000000000000000000000000000000000000000000000000000000000000000000000000000000000000
00000000000000000000000000000000000000000000000000000000000000000000000000000000000000000000000000000000000000000000000000000000
00000000000000000000000000000000000000000000000000000000000000000000000000000000000000000000000000000000000000000000000000000000
00000000000000000000000000000000000000000000000000000000000000000000000000000000000000000000000000000000000000000000000000000000
00000000000000000000000000000000000000000000000000000000000000000000000000000000000000000000000000000000000000000000000000000000
00000000000000000000000000000000000000000000000000000000000000000000000000000000000000000000000000000000000000000000000000000000
00000000000000000000000000000000000000000000000000000000000000000000000000000000000000000000000000000000000000000000000000000000
00000000000000000000000000000000000000000000000000000000000000000000000000000000000000000000000000000000000000000000000000000000
00000000000000000000000000000000000000000000000000000000000000000000000000000000000000000000000000000000000000000000000000000000
00000000000000000000000000000000000000000000000000000000000000000000000000000000000000000000000000000000000000000000000000000000
00000000000000000000000000000000000000000000000000000000000000000000000000000000000000000000000000000000000000000000000000000000
00000000000000000000000000000000000000000000000000000000000000000000000000000000000000000000000000000000000000000000000000000000
00000000000000000000000000000000000000000000000000000000000000000000000000000000000000000000000000000000000000000000000000000000
00000000000000000000000000000000000000000000000000000000000000000000000000000000000000000000000000000000000000000000000000000000
00000000000000000000000000000000000000000000000000000000000000000000000000000000000000000000000000000000000000000000000000000000
00000000000000000000000000000000000000000000000000000000000000000000000000000000000000000000000000000000000000000000000000000000
01ff0000000000000000000000000000000000000000000000000000000000000000000000000000000000000000000000000000000000000000000000000000
00010001000100010001000100010001000100010001000100010001000100010001000100010001000100010001000100010001000100010001000100010001
00010001000100010001000100010001000100010001000100010001000100010001000100010001000100010001000100010001000100010001000100010001
00010001000100010001000100010001000100010001000100010001000100010001000100010001000100010001000100010001000100010001000100010001
00010001000100010001000100010001000100010001000100010001000100010001000100010001000100010001000100010001000100010001000100010001
00010001000100010001000100010001000100010001000100010001000100010001000100010001000100010001000100010001000100010001000100010001
00010001000100010001000100010001000100010001000100010001000100010001000100010001000100010001000100010001000100010001000100010001
00010001000100010001000100010001000100010001000100010001000100010001000100010001000100010001000100010001000100010001000100010001
00010001000100010001000100010001000100010001000100010001000100010001000100010001000100010001000100010001000100010001000100010001
00010001000100010001000100010001000100010001000100010001000100010001000100010001000100010001000100010001000100010001000100010001
00010001000100010001000100010001000100010001000100010001000100010001000100010001000100010001000100010001000100010001000100010001
00010001000100010001000100010001000100010001000100010001000100010001000100010001000100010001000100010001000100010001000100010001
00010001000100010001000100010001000100010001000100010001000100010001000100010001000100010001000100010001000100010001000100010001
00010001000100010001000100010001000100010001000100010001000100010001000100010001000100010001000100010001000100010001000100010001
00010001000100010001000100010001000100010001000100010001000100010001000100010001000100010001000100010001000100010001000100010001
00010001000100010001000100010001000100010001000100010001000100010001000100010001000100010001000100010001000100010001000100010001
00010001000100010001000100010001000100010001000100010001000100010001000100010001000100010001000100010001000100010001000100010001
00010001000100010001000100010001000100010001000100010001000100010001000100010001000100010001000100010001000100010001000100010001
00010001000100010001000100010001000100010001000100010001000100010001000100010001000100010001000100010001000100010001000100010001
00010001000100010001000100010001000100010001000100010001000100010001000100010001000100010001000100010001000100010001000100010001
00010001000100010001000100010001000100010001000100010001000100010001000100010001000100010001000100010001000100010001000100010001
00010001000100010001000100010001000100010001000100010001000100010001000100010001000100010001000100010001000100010001000100010001
00010001000100010001000100010001000100010001000100010001000100010001000100010001000100010001000100010001000100010001000100010001
00010001000100010001000100010001000100010001000100010001000100010001000100010001000100010001000100010001000100010001000100010001
00010001000100010001000100010001000100010001000100010001000100010001000100010001000100010001000100010001000100010001000100010001
00010001000100010001000100010001000100010001000100010001000100010001000100010001000100010001000100010001000100010001000100010001
00010001000100010001000100010001000100010001000100010001000100010001000100010001000100010001000100010001000100010001000100010001
00010001000100010001000100010001000100010001000100010001000100010001000100010001000100010001000100010001000100010001000100010001
00010001000100010001000100010001000100010001000100010001000100010001000100010001000100010001000100010001000100010001000100010001
00010001000100010001000100010001000100010001000100010001000100010001000100010001000100010001000100010001000100010001000100010001
00010001000100010001000100010001000100010001000100010001000100010001000100010001000100010001000100010001000100010001000100010001
00010001000100010001000100010001000100010001000100010001000100010001000100010001000100010001000100010001000100010001000100010001
00010001000100010001000100010001000100010001000100010001000100010001000100010001000100010001000100010001000100010001000100010001
03ff03ff03ff03ff03ff03ff03ff03ff03ff03ff03ff03ff03ff03ff03ff03ff03ff03ff03ff03ff03ff03ff03ff03ff03ff03ff03ff03ff03ff03ff03ff03ff
03ff03ff03ff03ff03ff03ff03ff03ff03ff03ff03ff03ff03ff03ff03ff03ff03ff03ff03ff03ff03ff03ff03ff03ff03ff03ff03ff03ff03ff03ff03ff03ff
03ff03ff03ff03ff03ff03ff03ff03ff03ff03ff03ff03ff03ff03ff03ff03ff03ff03ff03ff03ff03ff03ff03ff03ff03ff03ff03ff03ff03ff03ff03ff03ff
03ff03ff03ff03ff03ff03ff03ff03ff03ff03ff03ff03ff03ff03ff03ff03ff03ff03ff03ff03ff03ff03ff03ff03ff03ff03ff03ff03ff03ff03ff03ff03ff
03ff03ff03ff03ff03ff03ff03ff03ff03ff03ff03ff03ff03ff03ff03ff03ff03ff03ff03ff03ff03ff03ff03ff03ff03ff03ff03ff03ff03ff03ff03ff03ff
03ff03ff03ff03ff03ff03ff03ff03ff03ff03ff03ff03ff03ff03ff03ff03ff03ff03ff03ff03ff03ff03ff03ff03ff03ff03ff03ff03ff03ff03ff03ff03ff
03ff03ff03ff03ff03ff03ff03ff03ff03ff03ff03ff03ff03ff03ff03ff03ff03ff03ff03ff03ff03ff03ff03ff03ff03ff03ff03ff03ff03ff03ff03ff03ff
03ff03ff03ff03ff03ff03ff03ff03ff03ff03ff03ff03ff03ff03ff03ff03ff03ff03ff03ff03ff03ff03ff03ff03ff03ff03ff03ff03ff03ff03ff03ff03ff
03ff03ff03ff03ff03ff03ff03ff03ff03ff03ff03ff03ff03ff03ff03ff03ff03ff03ff03ff03ff03ff03ff03ff03ff03ff03ff03ff03ff03ff03ff03ff03ff
03ff03ff03ff03ff03ff03ff03ff03ff03ff03ff03ff03ff03ff03ff03ff03ff03ff03ff03ff03ff03ff03ff03ff03ff03ff03ff03ff03ff03ff03ff03ff03ff
03ff03ff03ff03ff03ff03ff03ff03ff03ff03ff03ff03ff03ff03ff03ff03ff03ff03ff03ff03ff03ff03ff03ff03ff03ff03ff03ff03ff03ff03ff03ff03ff
03ff03ff03ff03ff03ff03ff03ff03ff03ff03ff03ff03ff03ff03ff03ff03ff03ff03ff03ff03ff03ff03ff03ff03ff03ff03ff03ff03ff03ff03ff03ff03ff
03ff03ff03ff03ff03ff03ff03ff03ff03ff03ff03ff03ff03ff03ff03ff03ff03ff03ff03ff03ff03ff03ff03ff03ff03ff03ff03ff03ff03ff03ff03ff03ff
03ff03ff03ff03ff03ff03ff03ff03ff03ff03ff03ff03ff03ff03ff03ff03ff03ff03ff03ff03ff03ff03ff03ff03ff03ff03ff03ff03ff03ff03ff03ff03ff
03ff03ff03ff03ff03ff03ff03ff03ff03ff03ff03ff03ff03ff03ff03ff03ff03ff03ff03ff03ff03ff03ff03ff03ff03ff03ff03ff03ff03ff03ff03ff03ff
03ff03ff03ff03ff03ff03ff03ff03ff03ff03ff03ff03ff03ff03ff03ff03ff03ff03ff03ff03ff03ff03ff03ff03ff03ff03ff03ff03ff03ff03ff03ff03ff
03ff03ff03ff03ff03ff03ff03ff03ff03ff03ff03ff03ff03ff03ff03ff03ff03ff03ff03ff03ff03ff03ff03ff03ff03ff03ff03ff03ff03ff03ff03ff03ff
03ff03ff03ff03ff03ff03ff03ff03ff03ff03ff03ff03ff03ff03ff03ff03ff03ff03ff03ff03ff03ff03ff03ff03ff03ff03ff03ff03ff03ff03ff03ff03ff
03ff03ff03ff03ff03ff03ff03ff03ff03ff03ff03ff03ff03ff03ff03ff03ff03ff03ff03ff03ff03ff03ff03ff03ff03ff03ff03ff03ff03ff03ff03ff03ff
03ff03ff03ff03ff03ff03ff03ff03ff03ff03ff03ff03ff03ff03ff03ff03ff03ff03ff03ff03ff03ff03ff03ff03ff03ff03ff03ff03ff03ff03ff03ff03ff
03ff03ff03ff03ff03ff03ff03ff03ff03ff03ff03ff03ff03ff03ff03ff03ff03ff03ff03ff03ff03ff03ff03ff03ff03ff03ff03ff03ff03ff03ff03ff03ff
03ff03ff03ff03ff03ff03ff03ff03ff03ff03ff03ff03ff03ff03ff03ff03ff03ff03ff03ff03ff03ff03ff03ff03ff03ff03ff03ff03ff03ff03ff03ff03ff
03ff03ff03ff03ff03ff03ff03ff03ff03ff03ff03ff03ff03ff03ff03ff03ff03ff03ff03ff03ff03ff03ff03ff03ff03ff03ff03ff03ff03ff03ff03ff03ff
03ff03ff03ff03ff03ff03ff03ff03ff03ff03ff03ff03ff03ff03ff03ff03ff03ff03ff03ff03ff03ff03ff03ff03ff03ff03ff03ff03ff03ff03ff03ff03ff
03ff03ff03ff03ff03ff03ff03ff03ff03ff03ff03ff03ff03ff03ff03ff03ff03ff03ff03ff03ff03ff03ff03ff03ff03ff03ff03ff03ff03ff03ff03ff03ff
03ff03ff03ff03ff03ff03ff03ff03ff03ff03ff03ff03ff03ff03ff03ff03ff03ff03ff03ff03ff03ff03ff03ff03ff03ff03ff03ff03ff03ff03ff03ff03ff
03ff03ff03ff03ff03ff03ff03ff03ff03ff03ff03ff03ff03ff03ff03ff03ff03ff03ff03ff03ff03ff03ff03ff03ff03ff03ff03ff03ff03ff03ff03ff03ff
03ff03ff03ff03ff03ff03ff03ff03ff03ff03ff03ff03ff03ff03ff03ff03ff03ff03ff03ff03ff03ff03ff03ff03ff03ff03ff03ff03ff03ff03ff03ff03ff
03ff03ff03ff03ff03ff03ff03ff03ff03ff03ff03ff03ff03ff03ff03ff03ff03ff03ff03ff03ff03ff03ff03ff03ff03ff03ff03ff03ff03ff03ff03ff03ff
03ff03ff03ff03ff03ff03ff03ff03ff03ff03ff03ff03ff03ff03ff03ff03ff03ff03ff03ff03ff03ff03ff03ff03ff03ff03ff03ff03ff03ff03ff03ff03ff
03ff03ff03ff03ff03ff03ff03ff03ff03ff03ff03ff03ff03ff03ff03ff03ff03ff03ff03ff03ff03ff03ff03ff03ff03ff03ff03ff03ff03ff03ff03ff03ff
03ff03ff03ff03ff03ff03ff03ff03ff03ff03ff03ff03ff03ff03ff03ff03ff03ff03ff03ff03ff03ff03ff03ff03ff03ff03ff03ff03ff03ff03ff03ff03ff
02010201020102010201020102010201020102010201020102010201020102010201020102010201020102010201020102010201020102010201020102010201
02010201020102010201020102010201020102010201020102010201020102010201020102010201020102010201020102010201020102010201020102010201
02010201020102010201020102010201020102010201020102010201020102010201020102010201020102010201020102010201020102010201020102010201
02010201020102010201020102010201020102010201020102010201020102010201020102010201020102010201020102010201020102010201020102010201
02010201020102010201020102010201020102010201020102010201020102010201020102010201020102010201020102010201020102010201020102010201
02010201020102010201020102010201020102010201020102010201020102010201020102010201020102010201020102010201020102010201020102010201
02010201020102010201020102010201020102010201020102010201020102010201020102010201020102010201020102010201020102010201020102010201
02010201020102010201020102010201020102010201020102010201020102010201020102010201020102010201020102010201020102010201020102010201
02010201020102010201020102010201020102010201020102010201020102010201020102010201020102010201020102010201020102010201020102010201
02010201020102010201020102010201020102010201020102010201020102010201020102010201020102010201020102010201020102010201020102010201
02010201020102010201020102010201020102010201020102010201020102010201020102010201020102010201020102010201020102010201020102010201
02010201020102010201020102010201020102010201020102010201020102010201020102010201020102010201020102010201020102010201020102010201
02010201020102010201020102010201020102010201020102010201020102010201020102010201020102010201020102010201020102010201020102010201
02010201020102010201020102010201020102010201020102010201020102010201020102010201020102010201020102010201020102010201020102010201
02010201020102010201020102010201020102010201020102010201020102010201020102010201020102010201020102010201020102010201020102010201
02010201020102010201020102010201020102010201020102010201020102010201020102010201020102010201020102010201020102010201020102010201
02010201020102010201020102010201020102010201020102010201020102010201020102010201020102010201020102010201020102010201020102010201
02010201020102010201020102010201020102010201020102010201020102010201020102010201020102010201020102010201020102010201020102010201
02010201020102010201020102010201020102010201020102010201020102010201020102010201020102010201020102010201020102010201020102010201
02010201020102010201020102010201020102010201020102010201020102010201020102010201020102010201020102010201020102010201020102010201
02010201020102010201020102010201020102010201020102010201020102010201020102010201020102010201020102010201020102010201020102010201
02010201020102010201020102010201020102010201020102010201020102010201020102010201020102010201020102010201020102010201020102010201
02010201020102010201020102010201020102010201020102010201020102010201020102010201020102010201020102010201020102010201020102010201
02010201020102010201020102010201020102010201020102010201020102010201020102010201020102010201020102010201020102010201020102010201
02010201020102010201020102010201020102010201020102010201020102010201020102010201020102010201020102010201020102010201020102010201
02010201020102010201020102010201020102010201020102010201020102010201020102010201020102010201020102010201020102010201020102010201
02010201020102010201020102010201020102010201020102010201020102010201020102010201020102010201020102010201020102010201020102010201
02010201020102010201020102010201020102010201020102010201020102010201020102010201020102010201020102010201020102010201020102010201
02010201020102010201020102010201020102010201020102010201020102010201020102010201020102010201020102010201020102010201020102010201
02010201020102010201020102010201020102010201020102010201020102010201020102010201020102010201020102010201020102010201020102010201
02010201020102010201020102010201020102010201020102010201020102010201020102010201020102010201020102010201020102010201020102010201
02010201020102010201020102010201020102010201020102010201020102010201020102010201020102010201020102010201020102010201020102010201
02020202020202020202020202020202020202020202020202020202020202020202020202020202020202020202020202020202020202020202020202020202
02020202020202020202020202020202020202020202020202020202020202020202020202020202020202020202020202020202020202020202020202020202
02020202020202020202020202020202020202020202020202020202020202020202020202020202020202020202020202020202020202020202020202020202
02020202020202020202020202020202020202020202020202020202020202020202020202020202020202020202020202020202020202020202020202020202
02020202020202020202020202020202020202020202020202020202020202020202020202020202020202020202020202020202020202020202020202020202
02020202020202020202020202020202020202020202020202020202020202020202020202020202020202020202020202020202020202020202020202020202
02020202020202020202020202020202020202020202020202020202020202020202020202020202020202020202020202020202020202020202020202020202
02020202020202020202020202020202020202020202020202020202020202020202020202020202020202020202020202020202020202020202020202020202
02020202020202020202020202020202020202020202020202020202020202020202020202020202020202020202020202020202020202020202020202020202
02020202020202020202020202020202020202020202020202020202020202020202020202020202020202020202020202020202020202020202020202020202
02020202020202020202020202020202020202020202020202020202020202020202020202020202020202020202020202020202020202020202020202020202
02020202020202020202020202020202020202020202020202020202020202020202020202020202020202020202020202020202020202020202020202020202
02020202020202020202020202020202020202020202020202020202020202020202020202020202020202020202020202020202020202020202020202020202
02020202020202020202020202020202020202020202020202020202020202020202020202020202020202020202020202020202020202020202020202020202
02020202020202020202020202020202020202020202020202020202020202020202020202020202020202020202020202020202020202020202020202020202
02020202020202020202020202020202020202020202020202020202020202020202020202020202020202020202020202020202020202020202020202020202
02020202020202020202020202020202020202020202020202020202020202020202020202020202020202020202020202020202020202020202020202020202
02020202020202020202020202020202020202020202020202020202020202020202020202020202020202020202020202020202020202020202020202020202
02020202020202020202020202020202020202020202020202020202020202020202020202020202020202020202020202020202020202020202020202020202
02020202020202020202020202020202020202020202020202020202020202020202020202020202020202020202020202020202020202020202020202020202
02020202020202020202020202020202020202020202020202020202020202020202020202020202020202020202020202020202020202020202020202020202
02020202020202020202020202020202020202020202020202020202020202020202020202020202020202020202020202020202020202020202020202020202
02020202020202020202020202020202020202020202020202020202020202020202020202020202020202020202020202020202020202020202020202020202
02020202020202020202020202020202020202020202020202020202020202020202020202020202020202020202020202020202020202020202020202020202
02020202020202020202020202020202020202020202020202020202020202020202020202020202020202020202020202020202020202020202020202020202
02020202020202020202020202020202020202020202020202020202020202020202020202020202020202020202020202020202020202020202020202020202
02020202020202020202020202020202020202020202020202020202020202020202020202020202020202020202020202020202020202020202020202020202
02020202020202020202020202020202020202020202020202020202020202020202020202020202020202020202020202020202020202020202020202020202
02020202020202020202020202020202020202020202020202020202020202020202020202020202020202020202020202020202020202020202020202020202
02020202020202020202020202020202020202020202020202020202020202020202020202020202020202020202020202020202020202020202020202020202
02020202020202020202020202020202020202020202020202020202020202020202020202020202020202020202020202020202020202020202020202020202
02020202020202020202020202020202020202020202020202020202020202020202020202020202020202020202020202020202020202020202020202020202
03ef03ef03ef03ef03ef03ef03ef03ef03ef03ef03ef03ef03ef03ef03ef03ef03ef03ef03ef03ef03ef03ef03ef03ef03ef03ef03ef03ef03ef03ef03ef03ef
03ef03ef03ef03ef03ef03ef03ef03ef03ef03ef03ef03ef03ef03ef03ef03ef03ef03ef03ef03ef03ef03ef03ef03ef03ef03ef03ef03ef03ef03ef03ef03ef
03ef03ef03ef03ef03ef03ef03ef03ef03ef03ef03ef03ef03ef03ef03ef03ef03ef03ef03ef03ef03ef03ef03ef03ef03ef03ef03ef03ef03ef03ef03ef03ef
03ef03ef03ef03ef03ef03ef03ef03ef03ef03ef03ef03ef03ef03ef03ef03ef03ef03ef03ef03ef03ef03ef03ef03ef03ef03ef03ef03ef03ef03ef03ef03ef
03ef03ef03ef03ef03ef03ef03ef03ef03ef03ef03ef03ef03ef03ef03ef03ef03ef03ef03ef03ef03ef03ef03ef03ef03ef03ef03ef03ef03ef03ef03ef03ef
03ef03ef03ef03ef03ef03ef03ef03ef03ef03ef03ef03ef03ef03ef03ef03ef03ef03ef03ef03ef03ef03ef03ef03ef03ef03ef03ef03ef03ef03ef03ef03ef
03ef03ef03ef03ef03ef03ef03ef03ef03ef03ef03ef03ef03ef03ef03ef03ef03ef03ef03ef03ef03ef03ef03ef03ef03ef03ef03ef03ef03ef03ef03ef03ef
03ef03ef03ef03ef03ef03ef03ef03ef03ef03ef03ef03ef03ef03ef03ef03ef03ef03ef03ef03ef03ef03ef03ef03ef03ef03ef03ef03ef03ef03ef03ef03ef
03ef03ef03ef03ef03ef03ef03ef03ef03ef03ef03ef03ef03ef03ef03ef03ef03ef03ef03ef03ef03ef03ef03ef03ef03ef03ef03ef03ef03ef03ef03ef03ef
03ef03ef03ef03ef03ef03ef03ef03ef03ef03ef03ef03ef03ef03ef03ef03ef03ef03ef03ef03ef03ef03ef03ef03ef03ef03ef03ef03ef03ef03ef03ef03ef
03ef03ef03ef03ef03ef03ef03ef03ef03ef03ef03ef03ef03ef03ef03ef03ef03ef03ef03ef03ef03ef03ef03ef03ef03ef03ef03ef03ef03ef03ef03ef03ef
03ef03ef03ef03ef03ef03ef03ef03ef03ef03ef03ef03ef03ef03ef03ef03ef03ef03ef03ef03ef03ef03ef03ef03ef03ef03ef03ef03ef03ef03ef03ef03ef
03ef03ef03ef03ef03ef03ef03ef03ef03ef03ef03ef03ef03ef03ef03ef03ef03ef03ef03ef03ef03ef03ef03ef03ef03ef03ef03ef03ef03ef03ef03ef03ef
03ef03ef03ef03ef03ef03ef03ef03ef03ef03ef03ef03ef03ef03ef03ef03ef03ef03ef03ef03ef03ef03ef03ef03ef03ef03ef03ef03ef03ef03ef03ef03ef
03ef03ef03ef03ef03ef03ef03ef03ef03ef03ef03ef03ef03ef03ef03ef03ef03ef03ef03ef03ef03ef03ef03ef03ef03ef03ef03ef03ef03ef03ef03ef03ef
03ef03ef03ef03ef03ef03ef03ef03ef03ef03ef03ef03ef03ef03ef03ef03ef03ef03ef03ef03ef03ef03ef03ef03ef03ef03ef03ef03ef03ef03ef03ef03ef
03ef03ef03ef03ef03ef03ef03ef03ef03ef03ef03ef03ef03ef03ef03ef03ef03ef03ef03ef03ef03ef03ef03ef03ef03ef03ef03ef03ef03ef03ef03ef03ef
03ef03ef03ef03ef03ef03ef03ef03ef03ef03ef03ef03ef03ef03ef03ef03ef03ef03ef03ef03ef03ef03ef03ef03ef03ef03ef03ef03ef03ef03ef03ef03ef
03ef03ef03ef03ef03ef03ef03ef03ef03ef03ef03ef03ef03ef03ef03ef03ef03ef03ef03ef03ef03ef03ef03ef03ef03ef03ef03ef03ef03ef03ef03ef03ef
03ef03ef03ef03ef03ef03ef03ef03ef03ef03ef03ef03ef03ef03ef03ef03ef03ef03ef03ef03ef03ef03ef03ef03ef03ef03ef03ef03ef03ef03ef03ef03ef
03ef03ef03ef03ef03ef03ef03ef03ef03ef03ef03ef03ef03ef03ef03ef03ef03ef03ef03ef03ef03ef03ef03ef03ef03ef03ef03ef03ef03ef03ef03ef03ef
03ef03ef03ef03ef03ef03ef03ef03ef03ef03ef03ef03ef03ef03ef03ef03ef03ef03ef03ef03ef03ef03ef03ef03ef03ef03ef03ef03ef03ef03ef03ef03ef
03ef03ef03ef03ef03ef03ef03ef03ef03ef03ef03ef03ef03ef03ef03ef03ef03ef03ef03ef03ef03ef03ef03ef03ef03ef03ef03ef03ef03ef03ef03ef03ef
03ef03ef03ef03ef03ef03ef03ef03ef03ef03ef03ef03ef03ef03ef03ef03ef03ef03ef03ef03ef03ef03ef03ef03ef03ef03ef03ef03ef03ef03ef03ef03ef
03ef03ef03ef03ef03ef03ef03ef03ef03ef03ef03ef03ef03ef03ef03ef03ef03ef03ef03ef03ef03ef03ef03ef03ef03ef03ef03ef03ef03ef03ef03ef03ef
03ef03ef03ef03ef03ef03ef03ef03ef03ef03ef03ef03ef03ef03ef03ef03ef03ef03ef03ef03ef03ef03ef03ef03ef03ef03ef03ef03ef03ef03ef03ef03ef
03ef03ef03ef03ef03ef03ef03ef03ef03ef03ef03ef03ef03ef03ef03ef03ef03ef03ef03ef03ef03ef03ef03ef03ef03ef03ef03ef03ef03ef03ef03ef03ef
03ef03ef03ef03ef03ef03ef03ef03ef03ef03ef03ef03ef03ef03ef03ef03ef03ef03ef03ef03ef03ef03ef03ef03ef03ef03ef03ef03ef03ef03ef03ef03ef
03ef03ef03ef03ef03ef03ef03ef03ef03ef03ef03ef03ef03ef03ef03ef03ef03ef03ef03ef03ef03ef03ef03ef03ef03ef03ef03ef03ef03ef03ef03ef03ef
03ef03ef03ef03ef03ef03ef03ef03ef03ef03ef03ef03ef03ef03ef03ef03ef03ef03ef03ef03ef03ef03ef03ef03ef03ef03ef03ef03ef03ef03ef03ef03ef
03ef03ef03ef03ef03ef03ef03ef03ef03ef03ef03ef03ef03ef03ef03ef03ef03ef03ef03ef03ef03ef03ef03ef03ef03ef03ef03ef03ef03ef03ef03ef03ef
03ef03ef03ef03ef03ef03ef03ef03ef03ef03ef03ef03ef03ef03ef03ef03ef03ef03ef03ef03ef03ef03ef03ef03ef03ef03ef03ef03ef03ef03ef03ef03ef
03f003f003f003f003f003f003f003f003f003f003f003f003f003f003f003f003f003f003f003f003f003f003f003f003f003f003f003f003f003f003f003f0
03f003f003f003f003f003f003f003f003f003f003f003f003f003f003f003f003f003f003f003f003f003f003f003f003f003f003f003f003f003f003f003f0
03f003f003f003f003f003f003f003f003f003f003f003f003f003f003f003f003f003f003f003f003f003f003f003f003f003f003f003f003f003f003f003f0
03f003f003f003f003f003f003f003f003f003f003f003f003f003f003f003f003f003f003f003f003f003f003f003f003f003f003f003f003f003f003f003f0
03f003f003f003f003f003f003f003f003f003f003f003f003f003f003f003f003f003f003f003f003f003f003f003f003f003f003f003f003f003f003f003f0
03f003f003f003f003f003f003f003f003f003f003f003f003f003f003f003f003f003f003f003f003f003f003f003f003f003f003f003f003f003f003f003f0
03f003f003f003f003f003f003f003f003f003f003f003f003f003f003f003f003f003f003f003f003f003f003f003f003f003f003f003f003f003f003f003f0
03f003f003f003f003f003f003f003f003f003f003f003f003f003f003f003f003f003f003f003f003f003f003f003f003f003f003f003f003f003f003f003f0
03f003f003f003f003f003f003f003f003f003f003f003f003f003f003f003f003f003f003f003f003f003f003f003f003f003f003f003f003f003f003f003f0
03f003f003f003f003f003f003f003f003f003f003f003f003f003f003f003f003f003f003f003f003f003f003f003f003f003f003f003f003f003f003f003f0
03f003f003f003f003f003f003f003f003f003f003f003f003f003f003f003f003f003f003f003f003f003f003f003f003f003f003f003f003f003f003f003f0
03f003f003f003f003f003f003f003f003f003f003f003f003f003f003f003f003f003f003f003f003f003f003f003f003f003f003f003f003f003f003f003f0
03f003f003f003f003f003f003f003f003f003f003f003f003f003f003f003f003f003f003f003f003f003f003f003f003f003f003f003f003f003f003f003f0
03f003f003f003f003f003f003f003f003f003f003f003f003f003f003f003f003f003f003f003f003f003f003f003f003f003f003f003f003f003f003f003f0
03f003f003f003f003f003f003f003f003f003f003f003f003f003f003f003f003f003f003f003f003f003f003f003f003f003f003f003f003f003f003f003f0
03f003f003f003f003f003f003f003f003f003f003f003f003f003f003f003f003f003f003f003f003f003f003f003f003f003f003f003f003f003f003f003f0
03f003f003f003f003f003f003f003f003f003f003f003f003f003f003f003f003f003f003f003f003f003f003f003f003f003f003f003f003f003f003f003f0
03f003f003f003f003f003f003f003f003f003f003f003f003f003f003f003f003f003f003f003f003f003f003f003f003f003f003f003f003f003f003f003f0
03f003f003f003f003f003f003f003f003f003f003f003f003f003f003f003f003f003f003f003f003f003f003f003f003f003f003f003f003f003f003f003f0
03f003f003f003f003f003f003f003f003f003f003f003f003f003f003f003f003f003f003f003f003f003f003f003f003f003f003f003f003f003f003f003f0
03f003f003f003f003f003f003f003f003f003f003f003f003f003f003f003f003f003f003f003f003f003f003f003f003f003f003f003f003f003f003f003f0
03f003f003f003f003f003f003f003f003f003f003f003f003f003f003f003f003f003f003f003f003f003f003f003f003f003f003f003f003f003f003f003f0
03f003f003f003f003f003f003f003f003f003f003f003f003f003f003f003f003f003f003f003f003f003f003f003f003f003f003f003f003f003f003f003f0
03f003f003f003f003f003f003f003f003f003f003f003f003f003f003f003f003f003f003f003f003f003f003f003f003f003f003f003f003f003f003f003f0
03f003f003f003f003f003f003f003f003f003f003f003f003f003f003f003f003f003f003f003f003f003f003f003f003f003f003f003f003f003f003f003f0
03f003f003f003f003f003f003f003f003f003f003f003f003f003f003f003f003f003f003f003f003f003f003f003f003f003f003f003f003f003f003f003f0
03f003f003f003f003f003f003f003f003f003f003f003f003f003f003f003f003f003f003f003f003f003f003f003f003f003f003f003f003f003f003f003f0
03f003f003f003f003f003f003f003f003f003f003f003f003f003f003f003f003f003f003f003f003f003f003f003f003f003f003f003f003f003f003f003f0
03f003f003f003f003f003f003f003f003f003f003f003f003f003f003f003f003f003f003f003f003f003f003f003f003f003f003f003f003f003f003f003f0
03f003f003f003f003f003f003f003f003f003f003f003f003f003f003f003f003f003f003f003f003f003f003f003f003f003f003f003f003f003f003f003f0
03f003f003f003f003f003f003f003f003f003f003f003f003f003f003f003f003f003f003f003f003f003f003f003f003f003f003f003f003f003f003f003f0
03f003f003f003f003f003f003f003f003f003f003f003f003f003f003f003f003f003f003f003f003f003f003f003f003f003f003f003f003f003f003f003f0
03f103f103f103f103f103f103f103f103f103f103f103f103f103f103f103f103f103f103f103f103f103f103f103f103f103f103f103f103f103f103f103f1
03f103f103f103f103f103f103f103f103f103f103f103f103f103f103f103f103f103f103f103f103f103f103f103f103f103f103f103f103f103f103f103f1
03f103f103f103f103f103f103f103f103f103f103f103f103f103f103f103f103f103f103f103f103f103f103f103f103f103f103f103f103f103f103f103f1
03f103f103f103f103f103f103f103f103f103f103f103f103f103f103f103f103f103f103f103f103f103f103f103f103f103f103f103f103f103f103f103f1
03f103f103f103f103f103f103f103f103f103f103f103f103f103f103f103f103f103f103f103f103f103f103f103f103f103f103f103f103f103f103f103f1
03f103f103f103f103f103f103f103f103f103f103f103f103f103f103f103f103f103f103f103f103f103f103f103f103f103f103f103f103f103f103f103f1
03f103f103f103f103f103f103f103f103f103f103f103f103f103f103f103f103f103f103f103f103f103f103f103f103f103f103f103f103f103f103f103f1
03f103f103f103f103f103f103f103f103f103f103f103f103f103f103f103f103f103f103f103f103f103f103f103f103f103f103f103f103f103f103f103f1
03f103f103f103f103f103f103f103f103f103f103f103f103f103f103f103f103f103f103f103f103f103f103f103f103f103f103f103f103f103f103f103f1
03f103f103f103f103f103f103f103f103f103f103f103f103f103f103f103f103f103f103f103f103f103f103f103f103f103f103f103f103f103f103f103f1
03f103f103f103f103f103f103f103f103f103f103f103f103f103f103f103f103f103f103f103f103f103f103f103f103f103f103f103f103f103f103f103f1
03f103f103f103f103f103f103f103f103f103f103f103f103f103f103f103f103f103f103f103f103f103f103f103f103f103f103f103f103f103f103f103f1
03f103f103f103f103f103f103f103f103f103f103f103f103f103f103f103f103f103f103f103f103f103f103f103f103f103f103f103f103f103f103f103f1
03f103f103f103f103f103f103f103f103f103f103f103f103f103f103f103f103f103f103f103f103f103f103f103f103f103f103f103f103f103f103f103f1
03f103f103f103f103f103f103f103f103f103f103f103f103f103f103f103f103f103f103f103f103f103f103f103f103f103f103f103f103f103f103f103f1
03f103f103f103f103f103f103f103f103f103f103f103f103f103f103f103f103f103f103f103f103f103f103f103f103f103f103f103f103f103f103f103f1
03f103f103f103f103f103f103f103f103f103f103f103f103f103f103f103f103f103f103f103f103f103f103f103f103f103f103f103f103f103f103f103f1
03f103f103f103f103f103f103f103f103f103f103f103f103f103f103f103f103f103f103f103f103f103f103f103f103f103f103f103f103f103f103f103f1
03f103f103f103f103f103f103f103f103f103f103f103f103f103f103f103f103f103f103f103f103f103f103f103f103f103f103f103f103f103f103f103f1
03f103f103f103f103f103f103f103f103f103f103f103f103f103f103f103f103f103f103f103f103f103f103f103f103f103f103f103f103f103f103f103f1
03f103f103f103f103f103f103f103f103f103f103f103f103f103f103f103f103f103f103f103f103f103f103f103f103f103f103f103f103f103f103f103f1
03f103f103f103f103f103f103f103f103f103f103f103f103f103f103f103f103f103f103f103f103f103f103f103f103f103f103f103f103f103f103f103f1
03f103f103f103f103f103f103f103f103f103f103f103f103f103f103f103f103f103f103f103f103f103f103f103f103f103f103f103f103f103f103f103f1
03f103f103f103f103f103f103f103f103f103f103f103f103f103f103f103f103f103f103f103f103f103f103f103f103f103f103f103f103f103f103f103f1
03f103f103f103f103f103f103f103f103f103f103f103f103f103f103f103f103f103f103f103f103f103f103f103f103f103f103f103f103f103f103f103f1
03f103f103f103f103f103f103f103f103f103f103f103f103f103f103f103f103f103f103f103f103f103f103f103f103f103f103f103f103f103f103f103f1
03f103f103f103f103f103f103f103f103f103f103f103f103f103f103f103f103f103f103f103f103f103f103f103f103f103f103f103f103f103f103f103f1
03f103f103f103f103f103f103f103f103f103f103f103f103f103f103f103f103f103f103f103f103f103f103f103f103f103f103f103f103f103f103f103f1
03f103f103f103f103f103f103f103f103f103f103f103f103f103f103f103f103f103f103f103f103f103f103f103f103f103f103f103f103f103f103f103f1
03f103f103f103f103f103f103f103f103f103f103f103f103f103f103f103f103f103f103f103f103f103f103f103f103f103f103f103f103f103f103f103f1
03f103f103f103f103f103f103f103f103f103f103f103f103f103f103f103f103f103f103f103f103f103f103f103f103f103f103f103f103f103f103f103f1
03f103f103f103f103f103f103f103f103f103f103f103f103f103f103f103f103f103f103f103f103f103f103f103f103f103f103f103f103f103f103f103f1
03f703f703f703f703f703f703f703f703f703f703f703f703f703f703f703f703f703f703f703f703f703f703f703f703f703f703f703f703f703f703f703f7
03f703f703f703f703f703f703f703f703f703f703f703f703f703f703f703f703f703f703f703f703f703f703f703f703f703f703f703f703f703f703f703f7
03f703f703f703f703f703f703f703f703f703f703f703f703f703f703f703f703f703f703f703f703f703f703f703f703f703f703f703f703f703f703f703f7
03f703f703f703f703f703f703f703f703f703f703f703f703f703f703f703f703f703f703f703f703f703f703f703f703f703f703f703f703f703f703f703f7
03f703f703f703f703f703f703f703f703f703f703f703f703f703f703f703f703f703f703f703f703f703f703f703f703f703f703f703f703f703f703f703f7
03f703f703f703f703f703f703f703f703f703f703f703f703f703f703f703f703f703f703f703f703f703f703f703f703f703f703f703f703f703f703f703f7
03f703f703f703f703f703f703f703f703f703f703f703f703f703f703f703f703f703f703f703f703f703f703f703f703f703f703f703f703f703f703f703f7
03f703f703f703f703f703f703f703f703f703f703f703f703f703f703f703f703f703f703f703f703f703f703f703f703f703f703f703f703f703f703f703f7
03f703f703f703f703f703f703f703f703f703f703f703f703f703f703f703f703f703f703f703f703f703f703f703f703f703f703f703f703f703f703f703f7
03f703f703f703f703f703f703f703f703f703f703f703f703f703f703f703f703f703f703f703f703f703f703f703f703f703f703f703f703f703f703f703f7
03f703f703f703f703f703f703f703f703f703f703f703f703f703f703f703f703f703f703f703f703f703f703f703f703f703f703f703f703f703f703f703f7
03f703f703f703f703f703f703f703f703f703f703f703f703f703f703f703f703f703f703f703f703f703f703f703f703f703f703f703f703f703f703f703f7
03f703f703f703f703f703f703f703f703f703f703f703f703f703f703f703f703f703f703f703f703f703f703f703f703f703f703f703f703f703f703f703f7
03f703f703f703f703f703f703f703f703f703f703f703f703f703f703f703f703f703f703f703f703f703f703f703f703f703f703f703f703f703f703f703f7
03f703f703f703f703f703f703f703f703f703f703f703f703f703f703f703f703f703f703f703f703f703f703f703f703f703f703f703f703f703f703f703f7
03f703f703f703f703f703f703f703f703f703f703f703f703f703f703f703f703f703f703f703f703f703f703f703f703f703f703f703f703f703f703f703f7
03f703f703f703f703f703f703f703f703f703f703f703f703f703f703f703f703f703f703f703f703f703f703f703f703f703f703f703f703f703f703f703f7
03f703f703f703f703f703f703f703f703f703f703f703f703f703f703f703f703f703f703f703f703f703f703f703f703f703f703f703f703f703f703f703f7
03f703f703f703f703f703f703f703f703f703f703f703f703f703f703f703f703f703f703f703f703f703f703f703f703f703f703f703f703f703f703f703f7
03f703f703f703f703f703f703f703f703f703f703f703f703f703f703f703f703f703f703f703f703f703f703f703f703f703f703f703f703f703f703f703f7
03f703f703f703f703f703f703f703f703f703f703f703f703f703f703f703f703f703f703f703f703f703f703f703f703f703f703f703f703f703f703f703f7
03f703f703f703f703f703f703f703f703f703f703f703f703f703f703f703f703f703f703f703f703f703f703f703f703f703f703f703f703f703f703f703f7
03f703f703f703f703f703f703f703f703f703f703f703f703f703f703f703f703f703f703f703f703f703f703f703f703f703f703f703f703f703f703f703f7
03f703f703f703f703f703f703f703f703f703f703f703f703f703f703f703f703f703f703f703f703f703f703f703f703f703f703f703f703f703f703f703f7
03f703f703f703f703f703f703f703f703f703f703f703f703f703f703f703f703f703f703f703f703f703f703f703f703f703f703f703f703f703f703f703f7
03f703f703f703f703f703f703f703f703f703f703f703f703f703f703f703f703f703f703f703f703f703f703f703f703f703f703f703f703f703f703f703f7
03f703f703f703f703f703f703f703f703f703f703f703f703f703f703f703f703f703f703f703f703f703f703f703f703f703f703f703f703f703f703f703f7
03f703f703f703f703f703f703f703f703f703f703f703f703f703f703f703f703f703f703f703f703f703f703f703f703f703f703f703f703f703f703f703f7
03f703f703f703f703f703f703f703f703f703f703f703f703f703f703f703f703f703f703f703f703f703f703f703f703f703f703f703f703f703f703f703f7
03f703f703f703f703f703f703f703f703f703f703f703f703f703f703f703f703f703f703f703f703f703f703f703f703f703f703f703f703f703f703f703f7
03f703f703f703f703f703f703f703f703f703f703f703f703f703f703f703f703f703f703f703f703f703f703f703f703f703f703f703f703f703f703f703f7
03f703f703f703f703f703f703f703f703f703f703f703f703f703f703f703f703f703f703f703f703f703f703f703f703f703f703f703f703f703f703f703f7
03f803f803f803f803f803f803f803f803f803f803f803f803f803f803f803f803f803f803f803f803f803f803f803f803f803f803f803f803f803f803f803f8
03f803f803f803f803f803f803f803f803f803f803f803f803f803f803f803f803f803f803f803f803f803f803f803f803f803f803f803f803f803f803f803f8
03f803f803f803f803f803f803f803f803f803f803f803f803f803f803f803f803f803f803f803f803f803f803f803f803f803f803f803f803f803f803f803f8
03f803f803f803f803f803f803f803f803f803f803f803f803f803f803f803f803f803f803f803f803f803f803f803f803f803f803f803f803f803f803f803f8
03f803f803f803f803f803f803f803f803f803f803f803f803f803f803f803f803f803f803f803f803f803f803f803f803f803f803f803f803f803f803f803f8
03f803f803f803f803f803f803f803f803f803f803f803f803f803f803f803f803f803f803f803f803f803f803f803f803f803f803f803f803f803f803f803f8
03f803f803f803f803f803f803f803f803f803f803f803f803f803f803f803f803f803f803f803f803f803f803f803f803f803f803f803f803f803f803f803f8
03f803f803f803f803f803f803f803f803f803f803f803f803f803f803f803f803f803f803f803f803f803f803f803f803f803f803f803f803f803f803f803f8
03f803f803f803f803f803f803f803f803f803f803f803f803f803f803f803f803f803f803f803f803f803f803f803f803f803f803f803f803f803f803f803f8
03f803f803f803f803f803f803f803f803f803f803f803f803f803f803f803f803f803f803f803f803f803f803f803f803f803f803f803f803f803f803f803f8
03f803f803f803f803f803f803f803f803f803f803f803f803f803f803f803f803f803f803f803f803f803f803f803f803f803f803f803f803f803f803f803f8
03f803f803f803f803f803f803f803f803f803f803f803f803f803f803f803f803f803f803f803f803f803f803f803f803f803f803f803f803f803f803f803f8
03f803f803f803f803f803f803f803f803f803f803f803f803f803f803f803f803f803f803f803f803f803f803f803f803f803f803f803f803f803f803f803f8
03f803f803f803f803f803f803f803f803f803f803f803f803f803f803f803f803f803f803f803f803f803f803f803f803f803f803f803f803f803f803f803f8
03f803f803f803f803f803f803f803f803f803f803f803f803f803f803f803f803f803f803f803f803f803f803f803f803f803f803f803f803f803f803f803f8
03f803f803f803f803f803f803f803f803f803f803f803f803f803f803f803f803f803f803f803f803f803f803f803f803f803f803f803f803f803f803f803f8
03f803f803f803f803f803f803f803f803f803f803f803f803f803f803f803f803f803f803f803f803f803f803f803f803f803f803f803f803f803f803f803f8
03f803f803f803f803f803f803f803f803f803f803f803f803f803f803f803f803f803f803f803f803f803f803f803f803f803f803f803f803f803f803f803f8
03f803f803f803f803f803f803f803f803f803f803f803f803f803f803f803f803f803f803f803f803f803f803f803f803f803f803f803f803f803f803f803f8
03f803f803f803f803f803f803f803f803f803f803f803f803f803f803f803f803f803f803f803f803f803f803f803f803f803f803f803f803f803f803f803f8
03f803f803f803f803f803f803f803f803f803f803f803f803f803f803f803f803f803f803f803f803f803f803f803f803f803f803f803f803f803f803f803f8
03f803f803f803f803f803f803f803f803f803f803f803f803f803f803f803f803f803f803f803f803f803f803f803f803f803f803f803f803f803f803f803f8
03f803f803f803f803f803f803f803f803f803f803f803f803f803f803f803f803f803f803f803f803f803f803f803f803f803f803f803f803f803f803f803f8
03f803f803f803f803f803f803f803f803f803f803f803f803f803f803f803f803f803f803f803f803f803f803f803f803f803f803f803f803f803f803f803f8
03f803f803f803f803f803f803f803f803f803f803f803f803f803f803f803f803f803f803f803f803f803f803f803f803f803f803f803f803f803f803f803f8
03f803f803f803f803f803f803f803f803f803f803f803f803f803f803f803f803f803f803f803f803f803f803f803f803f803f803f803f803f803f803f803f8
03f803f803f803f803f803f803f803f803f803f803f803f803f803f803f803f803f803f803f803f803f803f803f803f803f803f803f803f803f803f803f803f8
03f803f803f803f803f803f803f803f803f803f803f803f803f803f803f803f803f803f803f803f803f803f803f803f803f803f803f803f803f803f803f803f8
03f803f803f803f803f803f803f803f803f803f803f803f803f803f803f803f803f803f803f803f803f803f803f803f803f803f803f803f803f803f803f803f8
03f803f803f803f803f803f803f803f803f803f803f803f803f803f803f803f803f803f803f803f803f803f803f803f803f803f803f803f803f803f803f803f8
03f803f803f803f803f803f803f803f803f803f803f803f803f803f803f803f803f803f803f803f803f803f803f803f803f803f803f803f803f803f803f803f8
03f803f803f803f803f803f803f803f803f803f803f803f803f803f803f803f803f803f803f803f803f803f803f803f803f803f803f803f803f803f803f803f8
03f903f903f903f903f903f903f903f903f903f903f903f903f903f903f903f903f903f903f903f903f903f903f903f903f903f903f903f903f903f903f903f9
03f903f903f903f903f903f903f903f903f903f903f903f903f903f903f903f903f903f903f903f903f903f903f903f903f903f903f903f903f903f903f903f9
03f903f903f903f903f903f903f903f903f903f903f903f903f903f903f903f903f903f903f903f903f903f903f903f903f903f903f903f903f903f903f903f9
03f903f903f903f903f903f903f903f903f903f903f903f903f903f903f903f903f903f903f903f903f903f903f903f903f903f903f903f903f903f903f903f9
03f903f903f903f903f903f903f903f903f903f903f903f903f903f903f903f903f903f903f903f903f903f903f903f903f903f903f903f903f903f903f903f9
03f903f903f903f903f903f903f903f903f903f903f903f903f903f903f903f903f903f903f903f903f903f903f903f903f903f903f903f903f903f903f903f9
03f903f903f903f903f903f903f903f903f903f903f903f903f903f903f903f903f903f903f903f903f903f903f903f903f903f903f903f903f903f903f903f9
03f903f903f903f903f903f903f903f903f903f903f903f903f903f903f903f903f903f903f903f903f903f903f903f903f903f903f903f903f903f903f903f9
03f903f903f903f903f903f903f903f903f903f903f903f903f903f903f903f903f903f903f903f903f903f903f903f903f903f903f903f903f903f903f903f9
03f903f903f903f903f903f903f903f903f903f903f903f903f903f903f903f903f903f903f903f903f903f903f903f903f903f903f903f903f903f903f903f9
03f903f903f903f903f903f903f903f903f903f903f903f903f903f903f903f903f903f903f903f903f903f903f903f903f903f903f903f903f903f903f903f9
03f903f903f903f903f903f903f903f903f903f903f903f903f903f903f903f903f903f903f903f903f903f903f903f903f903f903f903f903f903f903f903f9
03f903f903f903f903f903f903f903f903f903f903f903f903f903f903f903f903f903f903f903f903f903f903f903f903f903f903f903f903f903f903f903f9
03f903f903f903f903f903f903f903f903f903f903f903f903f903f903f903f903f903f903f903f903f903f903f903f903f903f903f903f903f903f903f903f9
03f903f903f903f903f903f903f903f903f903f903f903f903f903f903f903f903f903f903f903f903f903f903f903f903f903f903f903f903f903f903f903f9
03f903f903f903f903f903f903f903f903f903f903f903f903f903f903f903f903f903f903f903f903f903f903f903f903f903f903f903f903f903f903f903f9
03f903f903f903f903f903f903f903f903f903f903f903f903f903f903f903f903f903f903f903f903f903f903f903f903f903f903f903f903f903f903f903f9
03f903f903f903f903f903f903f903f903f903f903f903f903f903f903f903f903f903f903f903f903f903f903f903f903f903f903f903f903f903f903f903f9
03f903f903f903f903f903f903f903f903f903f903f903f903f903f903f903f903f903f903f903f903f903f903f903f903f903f903f903f903f903f903f903f9
03f903f903f903f903f903f903f903f903f903f903f903f903f903f903f903f903f903f903f903f903f903f903f903f903f903f903f903f903f903f903f903f9
03f903f903f903f903f903f903f903f903f903f903f903f903f903f903f903f903f903f903f903f903f903f903f903f903f903f903f903f903f903f903f903f9
03f903f903f903f903f903f903f903f903f903f903f903f903f903f903f903f903f903f903f903f903f903f903f903f903f903f903f903f903f903f903f903f9
03f903f903f903f903f903f903f903f903f903f903f903f903f903f903f903f903f903f903f903f903f903f903f903f903f903f903f903f903f903f903f903f9
03f903f903f903f903f903f903f903f903f903f903f903f903f903f903f903f903f903f903f903f903f903f903f903f903f903f903f903f903f903f903f903f9
03f903f903f903f903f903f903f903f903f903f903f903f903f903f903f903f903f903f903f903f903f903f903f903f903f903f903f903f903f903f903f903f9
03f903f903f903f903f903f903f903f903f903f903f903f903f903f903f903f903f903f903f903f903f903f903f903f903f903f903f903f903f903f903f903f9
03f903f903f903f903f903f903f903f903f903f903f903f903f903f903f903f903f903f903f903f903f903f903f903f903f903f903f903f903f903f903f903f9
03f903f903f903f903f903f903f903f903f903f903f903f903f903f903f903f903f903f903f903f903f903f903f903f903f903f903f903f903f903f903f903f9
03f903f903f903f903f903f903f903f903f903f903f903f903f903f903f903f903f903f903f903f903f903f903f903f903f903f903f903f903f903f903f903f9
03f903f903f903f903f903f903f903f903f903f903f903f903f903f903f903f903f903f903f903f903f903f903f903f903f903f903f903f903f903f903f903f9
03f903f903f903f903f903f903f903f903f903f903f903f903f903f903f903f903f903f903f903f903f903f903f903f903f903f903f903f903f903f903f903f9
03f903f903f903f903f903f903f903f903f903f903f903f903f903f903f903f903f903f903f903f903f903f903f903f903f903f903f903f903f903f903f903f9
03fe03fe03fe03fe03fe03fe03fe03fe03fe03fe03fe03fe03fe03fe03fe03fe03fe03fe03fe03fe03fe03fe03fe03fe03fe03fe03fe03fe03fe03fe03fe03fe
03fe03fe03fe03fe03fe03fe03fe03fe03fe03fe03fe03fe03fe03fe03fe03fe03fe03fe03fe03fe03fe03fe03fe03fe03fe03fe03fe03fe03fe03fe03fe03fe
03fe03fe03fe03fe03fe03fe03fe03fe03fe03fe03fe03fe03fe03fe03fe03fe03fe03fe03fe03fe03fe03fe03fe03fe03fe03fe03fe03fe03fe03fe03fe03fe
03fe03fe03fe03fe03fe03fe03fe03fe03fe03fe03fe03fe03fe03fe03fe03fe03fe03fe03fe03fe03fe03fe03fe03fe03fe03fe03fe03fe03fe03fe03fe03fe
03fe03fe03fe03fe03fe03fe03fe03fe03fe03fe03fe03fe03fe03fe03fe03fe03fe03fe03fe03fe03fe03fe03fe03fe03fe03fe03fe03fe03fe03fe03fe03fe
03fe03fe03fe03fe03fe03fe03fe03fe03fe03fe03fe03fe03fe03fe03fe03fe03fe03fe03fe03fe03fe03fe03fe03fe03fe03fe03fe03fe03fe03fe03fe03fe
03fe03fe03fe03fe03fe03fe03fe03fe03fe03fe03fe03fe03fe03fe03fe03fe03fe03fe03fe03fe03fe03fe03fe03fe03fe03fe03fe03fe03fe03fe03fe03fe
03fe03fe03fe03fe03fe03fe03fe03fe03fe03fe03fe03fe03fe03fe03fe03fe03fe03fe03fe03fe03fe03fe03fe03fe03fe03fe03fe03fe03fe03fe03fe03fe
03fe03fe03fe03fe03fe03fe03fe03fe03fe03fe03fe03fe03fe03fe03fe03fe03fe03fe03fe03fe03fe03fe03fe03fe03fe03fe03fe03fe03fe03fe03fe03fe
03fe03fe03fe03fe03fe03fe03fe03fe03fe03fe03fe03fe03fe03fe03fe03fe03fe03fe03fe03fe03fe03fe03fe03fe03fe03fe03fe03fe03fe03fe03fe03fe
03fe03fe03fe03fe03fe03fe03fe03fe03fe03fe03fe03fe03fe03fe03fe03fe03fe03fe03fe03fe03fe03fe03fe03fe03fe03fe03fe03fe03fe03fe03fe03fe
03fe03fe03fe03fe03fe03fe03fe03fe03fe03fe03fe03fe03fe03fe03fe03fe03fe03fe03fe03fe03fe03fe03fe03fe03fe03fe03fe03fe03fe03fe03fe03fe
03fe03fe03fe03fe03fe03fe03fe03fe03fe03fe03fe03fe03fe03fe03fe03fe03fe03fe03fe03fe03fe03fe03fe03fe03fe03fe03fe03fe03fe03fe03fe03fe
03fe03fe03fe03fe03fe03fe03fe03fe03fe03fe03fe03fe03fe03fe03fe03fe03fe03fe03fe03fe03fe03fe03fe03fe03fe03fe03fe03fe03fe03fe03fe03fe
03fe03fe03fe03fe03fe03fe03fe03fe03fe03fe03fe03fe03fe03fe03fe03fe03fe03fe03fe03fe03fe03fe03fe03fe03fe03fe03fe03fe03fe03fe03fe03fe
03fe03fe03fe03fe03fe03fe03fe03fe03fe03fe03fe03fe03fe03fe03fe03fe03fe03fe03fe03fe03fe03fe03fe03fe03fe03fe03fe03fe03fe03fe03fe03fe
03fe03fe03fe03fe03fe03fe03fe03fe03fe03fe03fe03fe03fe03fe03fe03fe03fe03fe03fe03fe03fe03fe03fe03fe03fe03fe03fe03fe03fe03fe03fe03fe
03fe03fe03fe03fe03fe03fe03fe03fe03fe03fe03fe03fe03fe03fe03fe03fe03fe03fe03fe03fe03fe03fe03fe03fe03fe03fe03fe03fe03fe03fe03fe03fe
03fe03fe03fe03fe03fe03fe03fe03fe03fe03fe03fe03fe03fe03fe03fe03fe03fe03fe03fe03fe03fe03fe03fe03fe03fe03fe03fe03fe03fe03fe03fe03fe
03fe03fe03fe03fe03fe03fe03fe03fe03fe03fe03fe03fe03fe03fe03fe03fe03fe03fe03fe03fe03fe03fe03fe03fe03fe03fe03fe03fe03fe03fe03fe03fe
03fe03fe03fe03fe03fe03fe03fe03fe03fe03fe03fe03fe03fe03fe03fe03fe03fe03fe03fe03fe03fe03fe03fe03fe03fe03fe03fe03fe03fe03fe03fe03fe
03fe03fe03fe03fe03fe03fe03fe03fe03fe03fe03fe03fe03fe03fe03fe03fe03fe03fe03fe03fe03fe03fe03fe03fe03fe03fe03fe03fe03fe03fe03fe03fe
03fe03fe03fe03fe03fe03fe03fe03fe03fe03fe03fe03fe03fe03fe03fe03fe03fe03fe03fe03fe03fe03fe03fe03fe03fe03fe03fe03fe03fe03fe03fe03fe
03fe03fe03fe03fe03fe03fe03fe03fe03fe03fe03fe03fe03fe03fe03fe03fe03fe03fe03fe03fe03fe03fe03fe03fe03fe03fe03fe03fe03fe03fe03fe03fe
03fe03fe03fe03fe03fe03fe03fe03fe03fe03fe03fe03fe03fe03fe03fe03fe03fe03fe03fe03fe03fe03fe03fe03fe03fe03fe03fe03fe03fe03fe03fe03fe
03fe03fe03fe03fe03fe03fe03fe03fe03fe03fe03fe03fe03fe03fe03fe03fe03fe03fe03fe03fe03fe03fe03fe03fe03fe03fe03fe03fe03fe03fe03fe03fe
03fe03fe03fe03fe03fe03fe03fe03fe03fe03fe03fe03fe03fe03fe03fe03fe03fe03fe03fe03fe03fe03fe03fe03fe03fe03fe03fe03fe03fe03fe03fe03fe
03fe03fe03fe03fe03fe03fe03fe03fe03fe03fe03fe03fe03fe03fe03fe03fe03fe03fe03fe03fe03fe03fe03fe03fe03fe03fe03fe03fe03fe03fe03fe03fe
03fe03fe03fe03fe03fe03fe03fe03fe03fe03fe03fe03fe03fe03fe03fe03fe03fe03fe03fe03fe03fe03fe03fe03fe03fe03fe03fe03fe03fe03fe03fe03fe
03fe03fe03fe03fe03fe03fe03fe03fe03fe03fe03fe03fe03fe03fe03fe03fe03fe03fe03fe03fe03fe03fe03fe03fe03fe03fe03fe03fe03fe03fe03fe03fe
03fe03fe03fe03fe03fe03fe03fe03fe03fe03fe03fe03fe03fe03fe03fe03fe03fe03fe03fe03fe03fe03fe03fe03fe03fe03fe03fe03fe03fe03fe03fe03fe
03fe03fe03fe03fe03fe03fe03fe03fe03fe03fe03fe03fe03fe03fe03fe03fe03fe03fe03fe03fe03fe03fe03fe03fe03fe03fe03fe03fe03fe03fe03fe03fe
03ff03ff03ff03ff03ff03ff03ff03ff03ff03ff03ff03ff03ff03ff03ff03ff03ff03ff03ff03ff03ff03ff03ff03ff03ff03ff03ff03ff03ff03ff03ff03ff
03ff03ff03ff03ff03ff03ff03ff03ff03ff03ff03ff03ff03ff03ff03ff03ff03ff03ff03ff03ff03ff03ff03ff03ff03ff03ff03ff03ff03ff03ff03ff03ff
03ff03ff03ff03ff03ff03ff03ff03ff03ff03ff03ff03ff03ff03ff03ff03ff03ff03ff03ff03ff03ff03ff03ff03ff03ff03ff03ff03ff03ff03ff03ff03ff
03ff03ff03ff03ff03ff03ff03ff03ff03ff03ff03ff03ff03ff03ff03ff03ff03ff03ff03ff03ff03ff03ff03ff03ff03ff03ff03ff03ff03ff03ff03ff03ff
03ff03ff03ff03ff03ff03ff03ff03ff03ff03ff03ff03ff03ff03ff03ff03ff03ff03ff03ff03ff03ff03ff03ff03ff03ff03ff03ff03ff03ff03ff03ff03ff
03ff03ff03ff03ff03ff03ff03ff03ff03ff03ff03ff03ff03ff03ff03ff03ff03ff03ff03ff03ff03ff03ff03ff03ff03ff03ff03ff03ff03ff03ff03ff03ff
03ff03ff03ff03ff03ff03ff03ff03ff03ff03ff03ff03ff03ff03ff03ff03ff03ff03ff03ff03ff03ff03ff03ff03ff03ff03ff03ff03ff03ff03ff03ff03ff
03ff03ff03ff03ff03ff03ff03ff03ff03ff03ff03ff03ff03ff03ff03ff03ff03ff03ff03ff03ff03ff03ff03ff03ff03ff03ff03ff03ff03ff03ff03ff03ff
03ff03ff03ff03ff03ff03ff03ff03ff03ff03ff03ff03ff03ff03ff03ff03ff03ff03ff03ff03ff03ff03ff03ff03ff03ff03ff03ff03ff03ff03ff03ff03ff
03ff03ff03ff03ff03ff03ff03ff03ff03ff03ff03ff03ff03ff03ff03ff03ff03ff03ff03ff03ff03ff03ff03ff03ff03ff03ff03ff03ff03ff03ff03ff03ff
03ff03ff03ff03ff03ff03ff03ff03ff03ff03ff03ff03ff03ff03ff03ff03ff03ff03ff03ff03ff03ff03ff03ff03ff03ff03ff03ff03ff03ff03ff03ff03ff
03ff03ff03ff03ff03ff03ff03ff03ff03ff03ff03ff03ff03ff03ff03ff03ff03ff03ff03ff03ff03ff03ff03ff03ff03ff03ff03ff03ff03ff03ff03ff03ff
03ff03ff03ff03ff03ff03ff03ff03ff03ff03ff03ff03ff03ff03ff03ff03ff03ff03ff03ff03ff03ff03ff03ff03ff03ff03ff03ff03ff03ff03ff03ff03ff
03ff03ff03ff03ff03ff03ff03ff03ff03ff03ff03ff03ff03ff03ff03ff03ff03ff03ff03ff03ff03ff03ff03ff03ff03ff03ff03ff03ff03ff03ff03ff03ff
03ff03ff03ff03ff03ff03ff03ff03ff03ff03ff03ff03ff03ff03ff03ff03ff03ff03ff03ff03ff03ff03ff03ff03ff03ff03ff03ff03ff03ff03ff03ff03ff
03ff03ff03ff03ff03ff03ff03ff03ff03ff03ff03ff03ff03ff03ff03ff03ff03ff03ff03ff03ff03ff03ff03ff03ff03ff03ff03ff03ff03ff03ff03ff03ff
03ff03ff03ff03ff03ff03ff03ff03ff03ff03ff03ff03ff03ff03ff03ff03ff03ff03ff03ff03ff03ff03ff03ff03ff03ff03ff03ff03ff03ff03ff03ff03ff
03ff03ff03ff03ff03ff03ff03ff03ff03ff03ff03ff03ff03ff03ff03ff03ff03ff03ff03ff03ff03ff03ff03ff03ff03ff03ff03ff03ff03ff03ff03ff03ff
03ff03ff03ff03ff03ff03ff03ff03ff03ff03ff03ff03ff03ff03ff03ff03ff03ff03ff03ff03ff03ff03ff03ff03ff03ff03ff03ff03ff03ff03ff03ff03ff
03ff03ff03ff03ff03ff03ff03ff03ff03ff03ff03ff03ff03ff03ff03ff03ff03ff03ff03ff03ff03ff03ff03ff03ff03ff03ff03ff03ff03ff03ff03ff03ff
03ff03ff03ff03ff03ff03ff03ff03ff03ff03ff03ff03ff03ff03ff03ff03ff03ff03ff03ff03ff03ff03ff03ff03ff03ff03ff03ff03ff03ff03ff03ff03ff
03ff03ff03ff03ff03ff03ff03ff03ff03ff03ff03ff03ff03ff03ff03ff03ff03ff03ff03ff03ff03ff03ff03ff03ff03ff03ff03ff03ff03ff03ff03ff03ff
03ff03ff03ff03ff03ff03ff03ff03ff03ff03ff03ff03ff03ff03ff03ff03ff03ff03ff03ff03ff03ff03ff03ff03ff03ff03ff03ff03ff03ff03ff03ff03ff
03ff03ff03ff03ff03ff03ff03ff03ff03ff03ff03ff03ff03ff03ff03ff03ff03ff03ff03ff03ff03ff03ff03ff03ff03ff03ff03ff03ff03ff03ff03ff03ff
03ff03ff03ff03ff03ff03ff03ff03ff03ff03ff03ff03ff03ff03ff03ff03ff03ff03ff03ff03ff03ff03ff03ff03ff03ff03ff03ff03ff03ff03ff03ff03ff
03ff03ff03ff03ff03ff03ff03ff03ff03ff03ff03ff03ff03ff03ff03ff03ff03ff03ff03ff03ff03ff03ff03ff03ff03ff03ff03ff03ff03ff03ff03ff03ff
03ff03ff03ff03ff03ff03ff03ff03ff03ff03ff03ff03ff03ff03ff03ff03ff03ff03ff03ff03ff03ff03ff03ff03ff03ff03ff03ff03ff03ff03ff03ff03ff
03ff03ff03ff03ff03ff03ff03ff03ff03ff03ff03ff03ff03ff03ff03ff03ff03ff03ff03ff03ff03ff03ff03ff03ff03ff03ff03ff03ff03ff03ff03ff03ff
03ff03ff03ff03ff03ff03ff03ff03ff03ff03ff03ff03ff03ff03ff03ff03ff03ff03ff03ff03ff03ff03ff03ff03ff03ff03ff03ff03ff03ff03ff03ff03ff
03ff03ff03ff03ff03ff03ff03ff03ff03ff03ff03ff03ff03ff03ff03ff03ff03ff03ff03ff03ff03ff03ff03ff03ff03ff03ff03ff03ff03ff03ff03ff03ff
03ff03ff03ff03ff03ff03ff03ff03ff03ff03ff03ff03ff03ff03ff03ff03ff03ff03ff03ff03ff03ff03ff03ff03ff03ff03ff03ff03ff03ff03ff03ff03ff
03ff03ff03ff03ff03ff03ff03ff03ff03ff03ff03ff03ff03ff03ff03ff03ff03ff03ff03ff03ff03ff03ff03ff03ff03ff03ff03ff03ff03ff03ff03ff03ff
00000000000000000000000000000000000000000000000000000000000000000000000000000000000000000000000000000000000000000000000000000000
00000000000000000000000000000000000000000000000000000000000000000000000000000000000000000000000000000000000000000000000000000000
00000000000000000000000000000000000000000000000000000000000000000000000000000000000000000000000000000000000000000000000000000000
00000000000000000000000000000000000000000000000000000000000000000000000000000000000000000000000000000000000000000000000000000000
00000000000000000000000000000000000000000000000000000000000000000000000000000000000000000000000000000000000000000000000000000000
00000000000000000000000000000000000000000000000000000000000000000000000000000000000000000000000000000000000000000000000000000000
00000000000000000000000000000000000000000000000000000000000000000000000000000000000000000000000000000000000000000000000000000000
00000000000000000000000000000000000000000000000000000000000000000000000000000000000000000000000000000000000000000000000000000000
00000000000000000000000000000000000000000000000000000000000000000000000000000000000000000000000000000000000000000000000000000000
00000000000000000000000000000000000000000000000000000000000000000000000000000000000000000000000000000000000000000000000000000000
00000000000000000000000000000000000000000000000000000000000000000000000000000000000000000000000000000000000000000000000000000000
00000000000000000000000000000000000000000000000000000000000000000000000000000000000000000000000000000000000000000000000000000000
00000000000000000000000000000000000000000000000000000000000000000000000000000000000000000000000000000000000000000000000000000000
00000000000000000000000000000000000000000000000000000000000000000000000000000000000000000000000000000000000000000000000000000000
00000000000000000000000000000000000000000000000000000000000000000000000000000000000000000000000000000000000000000000000000000000
00000000000000000000000000000000000000000000000000000000000000000000000000000000000000000000000000000000000000000000000000000000
00000000000000000000000000000000000000000000000000000000000000000000000000000000000000000000000000000000000000000000000000000000
00000000000000000000000000000000000000000000000000000000000000000000000000000000000000000000000000000000000000000000000000000000
00000000000000000000000000000000000000000000000000000000000000000000000000000000000000000000000000000000000000000000000000000000
00000000000000000000000000000000000000000000000000000000000000000000000000000000000000000000000000000000000000000000000000000000
00000000000000000000000000000000000000000000000000000000000000000000000000000000000000000000000000000000000000000000000000000000
00000000000000000000000000000000000000000000000000000000000000000000000000000000000000000000000000000000000000000000000000000000
00000000000000000000000000000000000000000000000000000000000000000000000000000000000000000000000000000000000000000000000000000000
00000000000000000000000000000000000000000000000000000000000000000000000000000000000000000000000000000000000000000000000000000000
00000000000000000000000000000000000000000000000000000000000000000000000000000000000000000000000000000000000000000000000000000000
00000000000000000000000000000000000000000000000000000000000000000000000000000000000000000000000000000000000000000000000000000000
00000000000000000000000000000000000000000000000000000000000000000000000000000000000000000000000000000000000000000000000000000000
00000000000000000000000000000000000000000000000000000000000000000000000000000000000000000000000000000000000000000000000000000000
00000000000000000000000000000000000000000000000000000000000000000000000000000000000000000000000000000000000000000000000000000000
00000000000000000000000000000000000000000000000000000000000000000000000000000000000000000000000000000000000000000000000000000000
00000000000000000000000000000000000000000000000000000000000000000000000000000000000000000000000000000000000000000000000000000000
00000000000000000000000000000000000000000000000000000000000000000000000000000000000000000000000000000000000000000000000000000000
00010001000100010001000100010001000100010001000100010001000100010001000100010001000100010001000100010001000100010001000100010001
00010001000100010001000100010001000100010001000100010001000100010001000100010001000100010001000100010001000100010001000100010001
00010001000100010001000100010001000100010001000100010001000100010001000100010001000100010001000100010001000100010001000100010001
00010001000100010001000100010001000100010001000100010001000100010001000100010001000100010001000100010001000100010001000100010001
00010001000100010001000100010001000100010001000100010001000100010001000100010001000100010001000100010001000100010001000100010001
00010001000100010001000100010001000100010001000100010001000100010001000100010001000100010001000100010001000100010001000100010001
00010001000100010001000100010001000100010001000100010001000100010001000100010001000100010001000100010001000100010001000100010001
00010001000100010001000100010001000100010001000100010001000100010001000100010001000100010001000100010001000100010001000100010001
00010001000100010001000100010001000100010001000100010001000100010001000100010001000100010001000100010001000100010001000100010001
00010001000100010001000100010001000100010001000100010001000100010001000100010001000100010001000100010001000100010001000100010001
00010001000100010001000100010001000100010001000100010001000100010001000100010001000100010001000100010001000100010001000100010001
00010001000100010001000100010001000100010001000100010001000100010001000100010001000100010001000100010001000100010001000100010001
00010001000100010001000100010001000100010001000100010001000100010001000100010001000100010001000100010001000100010001000100010001
00010001000100010001000100010001000100010001000100010001000100010001000100010001000100010001000100010001000100010001000100010001
00010001000100010001000100010001000100010001000100010001000100010001000100010001000100010001000100010001000100010001000100010001
00010001000100010001000100010001000100010001000100010001000100010001000100010001000100010001000100010001000100010001000100010001
00010001000100010001000100010001000100010001000100010001000100010001000100010001000100010001000100010001000100010001000100010001
00010001000100010001000100010001000100010001000100010001000100010001000100010001000100010001000100010001000100010001000100010001
00010001000100010001000100010001000100010001000100010001000100010001000100010001000100010001000100010001000100010001000100010001
00010001000100010001000100010001000100010001000100010001000100010001000100010001000100010001000100010001000100010001000100010001
00010001000100010001000100010001000100010001000100010001000100010001000100010001000100010001000100010001000100010001000100010001
00010001000100010001000100010001000100010001000100010001000100010001000100010001000100010001000100010001000100010001000100010001
00010001000100010001000100010001000100010001000100010001000100010001000100010001000100010001000100010001000100010001000100010001
00010001000100010001000100010001000100010001000100010001000100010001000100010001000100010001000100010001000100010001000100010001
00010001000100010001000100010001000100010001000100010001000100010001000100010001000100010001000100010001000100010001000100010001
00010001000100010001000100010001000100010001000100010001000100010001000100010001000100010001000100010001000100010001000100010001
00010001000100010001000100010001000100010001000100010001000100010001000100010001000100010001000100010001000100010001000100010001
00010001000100010001000100010001000100010001000100010001000100010001000100010001000100010001000100010001000100010001000100010001
00010001000100010001000100010001000100010001000100010001000100010001000100010001000100010001000100010001000100010001000100010001
00010001000100010001000100010001000100010001000100010001000100010001000100010001000100010001000100010001000100010001000100010001
00010001000100010001000100010001000100010001000100010001000100010001000100010001000100010001000100010001000100010001000100010001
00010001000100010001000100010001000100010001000100010001000100010001000100010001000100010001000100010001000100010001000100010001
00020002000200020002000200020002000200020002000200020002000200020002000200020002000200020002000200020002000200020002000200020002
00020002000200020002000200020002000200020002000200020002000200020002000200020002000200020002000200020002000200020002000200020002
00020002000200020002000200020002000200020002000200020002000200020002000200020002000200020002000200020002000200020002000200020002
00020002000200020002000200020002000200020002000200020002000200020002000200020002000200020002000200020002000200020002000200020002
00020002000200020002000200020002000200020002000200020002000200020002000200020002000200020002000200020002000200020002000200020002
00020002000200020002000200020002000200020002000200020002000200020002000200020002000200020002000200020002000200020002000200020002
00020002000200020002000200020002000200020002000200020002000200020002000200020002000200020002000200020002000200020002000200020002
00020002000200020002000200020002000200020002000200020002000200020002000200020002000200020002000200020002000200020002000200020002
00020002000200020002000200020002000200020002000200020002000200020002000200020002000200020002000200020002000200020002000200020002
00020002000200020002000200020002000200020002000200020002000200020002000200020002000200020002000200020002000200020002000200020002
00020002000200020002000200020002000200020002000200020002000200020002000200020002000200020002000200020002000200020002000200020002
00020002000200020002000200020002000200020002000200020002000200020002000200020002000200020002000200020002000200020002000200020002
00020002000200020002000200020002000200020002000200020002000200020002000200020002000200020002000200020002000200020002000200020002
00020002000200020002000200020002000200020002000200020002000200020002000200020002000200020002000200020002000200020002000200020002
00020002000200020002000200020002000200020002000200020002000200020002000200020002000200020002000200020002000200020002000200020002
00020002000200020002000200020002000200020002000200020002000200020002000200020002000200020002000200020002000200020002000200020002
00020002000200020002000200020002000200020002000200020002000200020002000200020002000200020002000200020002000200020002000200020002
00020002000200020002000200020002000200020002000200020002000200020002000200020002000200020002000200020002000200020002000200020002
00020002000200020002000200020002000200020002000200020002000200020002000200020002000200020002000200020002000200020002000200020002
00020002000200020002000200020002000200020002000200020002000200020002000200020002000200020002000200020002000200020002000200020002
00020002000200020002000200020002000200020002000200020002000200020002000200020002000200020002000200020002000200020002000200020002
00020002000200020002000200020002000200020002000200020002000200020002000200020002000200020002000200020002000200020002000200020002
00020002000200020002000200020002000200020002000200020002000200020002000200020002000200020002000200020002000200020002000200020002
00020002000200020002000200020002000200020002000200020002000200020002000200020002000200020002000200020002000200020002000200020002
00020002000200020002000200020002000200020002000200020002000200020002000200020002000200020002000200020002000200020002000200020002
00020002000200020002000200020002000200020002000200020002000200020002000200020002000200020002000200020002000200020002000200020002
00020002000200020002000200020002000200020002000200020002000200020002000200020002000200020002000200020002000200020002000200020002
00020002000200020002000200020002000200020002000200020002000200020002000200020002000200020002000200020002000200020002000200020002
00020002000200020002000200020002000200020002000200020002000200020002000200020002000200020002000200020002000200020002000200020002
00020002000200020002000200020002000200020002000200020002000200020002000200020002000200020002000200020002000200020002000200020002
00020002000200020002000200020002000200020002000200020002000200020002000200020002000200020002000200020002000200020002000200020002
00020002000200020002000200020002000200020002000200020002000200020002000200020002000200020002000200020002000200020002000200020002
00070007000700070007000700070007000700070007000700070007000700070007000700070007000700070007000700070007000700070007000700070007
00070007000700070007000700070007000700070007000700070007000700070007000700070007000700070007000700070007000700070007000700070007
00070007000700070007000700070007000700070007000700070007000700070007000700070007000700070007000700070007000700070007000700070007
00070007000700070007000700070007000700070007000700070007000700070007000700070007000700070007000700070007000700070007000700070007
00070007000700070007000700070007000700070007000700070007000700070007000700070007000700070007000700070007000700070007000700070007
00070007000700070007000700070007000700070007000700070007000700070007000700070007000700070007000700070007000700070007000700070007
00070007000700070007000700070007000700070007000700070007000700070007000700070007000700070007000700070007000700070007000700070007
00070007000700070007000700070007000700070007000700070007000700070007000700070007000700070007000700070007000700070007000700070007
00070007000700070007000700070007000700070007000700070007000700070007000700070007000700070007000700070007000700070007000700070007
00070007000700070007000700070007000700070007000700070007000700070007000700070007000700070007000700070007000700070007000700070007
00070007000700070007000700070007000700070007000700070007000700070007000700070007000700070007000700070007000700070007000700070007
00070007000700070007000700070007000700070007000700070007000700070007000700070007000700070007000700070007000700070007000700070007
00070007000700070007000700070007000700070007000700070007000700070007000700070007000700070007000700070007000700070007000700070007
00070007000700070007000700070007000700070007000700070007000700070007000700070007000700070007000700070007000700070007000700070007
00070007000700070007000700070007000700070007000700070007000700070007000700070007000700070007000700070007000700070007000700070007
00070007000700070007000700070007000700070007000700070007000700070007000700070007000700070007000700070007000700070007000700070007
00070007000700070007000700070007000700070007000700070007000700070007000700070007000700070007000700070007000700070007000700070007
00070007000700070007000700070007000700070007000700070007000700070007000700070007000700070007000700070007000700070007000700070007
00070007000700070007000700070007000700070007000700070007000700070007000700070007000700070007000700070007000700070007000700070007
00070007000700070007000700070007000700070007000700070007000700070007000700070007000700070007000700070007000700070007000700070007
00070007000700070007000700070007000700070007000700070007000700070007000700070007000700070007000700070007000700070007000700070007
00070007000700070007000700070007000700070007000700070007000700070007000700070007000700070007000700070007000700070007000700070007
00070007000700070007000700070007000700070007000700070007000700070007000700070007000700070007000700070007000700070007000700070007
00070007000700070007000700070007000700070007000700070007000700070007000700070007000700070007000700070007000700070007000700070007
00070007000700070007000700070007000700070007000700070007000700070007000700070007000700070007000700070007000700070007000700070007
00070007000700070007000700070007000700070007000700070007000700070007000700070007000700070007000700070007000700070007000700070007
00070007000700070007000700070007000700070007000700070007000700070007000700070007000700070007000700070007000700070007000700070007
00070007000700070007000700070007000700070007000700070007000700070007000700070007000700070007000700070007000700070007000700070007
00070007000700070007000700070007000700070007000700070007000700070007000700070007000700070007000700070007000700070007000700070007
00070007000700070007000700070007000700070007000700070007000700070007000700070007000700070007000700070007000700070007000700070007
00070007000700070007000700070007000700070007000700070007000700070007000700070007000700070007000700070007000700070007000700070007
00070007000700070007000700070007000700070007000700070007000700070007000700070007000700070007000700070007000700070007000700070007
00080008000800080008000800080008000800080008000800080008000800080008000800080008000800080008000800080008000800080008000800080008
00080008000800080008000800080008000800080008000800080008000800080008000800080008000800080008000800080008000800080008000800080008
00080008000800080008000800080008000800080008000800080008000800080008000800080008000800080008000800080008000800080008000800080008
00080008000800080008000800080008000800080008000800080008000800080008000800080008000800080008000800080008000800080008000800080008
00080008000800080008000800080008000800080008000800080008000800080008000800080008000800080008000800080008000800080008000800080008
00080008000800080008000800080008000800080008000800080008000800080008000800080008000800080008000800080008000800080008000800080008
00080008000800080008000800080008000800080008000800080008000800080008000800080008000800080008000800080008000800080008000800080008
00080008000800080008000800080008000800080008000800080008000800080008000800080008000800080008000800080008000800080008000800080008
00080008000800080008000800080008000800080008000800080008000800080008000800080008000800080008000800080008000800080008000800080008
00080008000800080008000800080008000800080008000800080008000800080008000800080008000800080008000800080008000800080008000800080008
00080008000800080008000800080008000800080008000800080008000800080008000800080008000800080008000800080008000800080008000800080008
00080008000800080008000800080008000800080008000800080008000800080008000800080008000800080008000800080008000800080008000800080008
00080008000800080008000800080008000800080008000800080008000800080008000800080008000800080008000800080008000800080008000800080008
00080008000800080008000800080008000800080008000800080008000800080008000800080008000800080008000800080008000800080008000800080008
00080008000800080008000800080008000800080008000800080008000800080008000800080008000800080008000800080008000800080008000800080008
00080008000800080008000800080008000800080008000800080008000800080008000800080008000800080008000800080008000800080008000800080008
00080008000800080008000800080008000800080008000800080008000800080008000800080008000800080008000800080008000800080008000800080008
00080008000800080008000800080008000800080008000800080008000800080008000800080008000800080008000800080008000800080008000800080008
00080008000800080008000800080008000800080008000800080008000800080008000800080008000800080008000800080008000800080008000800080008
00080008000800080008000800080008000800080008000800080008000800080008000800080008000800080008000800080008000800080008000800080008
00080008000800080008000800080008000800080008000800080008000800080008000800080008000800080008000800080008000800080008000800080008
00080008000800080008000800080008000800080008000800080008000800080008000800080008000800080008000800080008000800080008000800080008
00080008000800080008000800080008000800080008000800080008000800080008000800080008000800080008000800080008000800080008000800080008
00080008000800080008000800080008000800080008000800080008000800080008000800080008000800080008000800080008000800080008000800080008
00080008000800080008000800080008000800080008000800080008000800080008000800080008000800080008000800080008000800080008000800080008
00080008000800080008000800080008000800080008000800080008000800080008000800080008000800080008000800080008000800080008000800080008
00080008000800080008000800080008000800080008000800080008000800080008000800080008000800080008000800080008000800080008000800080008
00080008000800080008000800080008000800080008000800080008000800080008000800080008000800080008000800080008000800080008000800080008
00080008000800080008000800080008000800080008000800080008000800080008000800080008000800080008000800080008000800080008000800080008
00080008000800080008000800080008000800080008000800080008000800080008000800080008000800080008000800080008000800080008000800080008
00080008000800080008000800080008000800080008000800080008000800080008000800080008000800080008000800080008000800080008000800080008
00080008000800080008000800080008000800080008000800080008000800080008000800080008000800080008000800080008000800080008000800080008
00090009000900090009000900090009000900090009000900090009000900090009000900090009000900090009000900090009000900090009000900090009
00090009000900090009000900090009000900090009000900090009000900090009000900090009000900090009000900090009000900090009000900090009
00090009000900090009000900090009000900090009000900090009000900090009000900090009000900090009000900090009000900090009000900090009
00090009000900090009000900090009000900090009000900090009000900090009000900090009000900090009000900090009000900090009000900090009
00090009000900090009000900090009000900090009000900090009000900090009000900090009000900090009000900090009000900090009000900090009
00090009000900090009000900090009000900090009000900090009000900090009000900090009000900090009000900090009000900090009000900090009
00090009000900090009000900090009000900090009000900090009000900090009000900090009000900090009000900090009000900090009000900090009
00090009000900090009000900090009000900090009000900090009000900090009000900090009000900090009000900090009000900090009000900090009
00090009000900090009000900090009000900090009000900090009000900090009000900090009000900090009000900090009000900090009000900090009
00090009000900090009000900090009000900090009000900090009000900090009000900090009000900090009000900090009000900090009000900090009
00090009000900090009000900090009000900090009000900090009000900090009000900090009000900090009000900090009000900090009000900090009
00090009000900090009000900090009000900090009000900090009000900090009000900090009000900090009000900090009000900090009000900090009
00090009000900090009000900090009000900090009000900090009000900090009000900090009000900090009000900090009000900090009000900090009
00090009000900090009000900090009000900090009000900090009000900090009000900090009000900090009000900090009000900090009000900090009
00090009000900090009000900090009000900090009000900090009000900090009000900090009000900090009000900090009000900090009000900090009
00090009000900090009000900090009000900090009000900090009000900090009000900090009000900090009000900090009000900090009000900090009
00090009000900090009000900090009000900090009000900090009000900090009000900090009000900090009000900090009000900090009000900090009
00090009000900090009000900090009000900090009000900090009000900090009000900090009000900090009000900090009000900090009000900090009
00090009000900090009000900090009000900090009000900090009000900090009000900090009000900090009000900090009000900090009000900090009
00090009000900090009000900090009000900090009000900090009000900090009000900090009000900090009000900090009000900090009000900090009
00090009000900090009000900090009000900090009000900090009000900090009000900090009000900090009000900090009000900090009000900090009
00090009000900090009000900090009000900090009000900090009000900090009000900090009000900090009000900090009000900090009000900090009
00090009000900090009000900090009000900090009000900090009000900090009000900090009000900090009000900090009000900090009000900090009
00090009000900090009000900090009000900090009000900090009000900090009000900090009000900090009000900090009000900090009000900090009
00090009000900090009000900090009000900090009000900090009000900090009000900090009000900090009000900090009000900090009000900090009
00090009000900090009000900090009000900090009000900090009000900090009000900090009000900090009000900090009000900090009000900090009
00090009000900090009000900090009000900090009000900090009000900090009000900090009000900090009000900090009000900090009000900090009
00090009000900090009000900090009000900090009000900090009000900090009000900090009000900090009000900090009000900090009000900090009
00090009000900090009000900090009000900090009000900090009000900090009000900090009000900090009000900090009000900090009000900090009
00090009000900090009000900090009000900090009000900090009000900090009000900090009000900090009000900090009000900090009000900090009
00090009000900090009000900090009000900090009000900090009000900090009000900090009000900090009000900090009000900090009000900090009
00090009000900090009000900090009000900090009000900090009000900090009000900090009000900090009000900090009000900090009000900090009
000f000f000f000f000f000f000f000f000f000f000f000f000f000f000f000f000f000f000f000f000f000f000f000f000f000f000f000f000f000f000f000f
000f000f000f000f000f000f000f000f000f000f000f000f000f000f000f000f000f000f000f000f000f000f000f000f000f000f000f000f000f000f000f000f
000f000f000f000f000f000f000f000f000f000f000f000f000f000f000f000f000f000f000f000f000f000f000f000f000f000f000f000f000f000f000f000f
000f000f000f000f000f000f000f000f000f000f000f000f000f000f000f000f000f000f000f000f000f000f000f000f000f000f000f000f000f000f000f000f
000f000f000f000f000f000f000f000f000f000f000f000f000f000f000f000f000f000f000f000f000f000f000f000f000f000f000f000f000f000f000f000f
000f000f000f000f000f000f000f000f000f000f000f000f000f000f000f000f000f000f000f000f000f000f000f000f000f000f000f000f000f000f000f000f
000f000f000f000f000f000f000f000f000f000f000f000f000f000f000f000f000f000f000f000f000f000f000f000f000f000f000f000f000f000f000f000f
000f000f000f000f000f000f000f000f000f000f000f000f000f000f000f000f000f000f000f000f000f000f000f000f000f000f000f000f000f000f000f000f
000f000f000f000f000f000f000f000f000f000f000f000f000f000f000f000f000f000f000f000f000f000f000f000f000f000f000f000f000f000f000f000f
000f000f000f000f000f000f000f000f000f000f000f000f000f000f000f000f000f000f000f000f000f000f000f000f000f000f000f000f000f000f000f000f
000f000f000f000f000f000f000f000f000f000f000f000f000f000f000f000f000f000f000f000f000f000f000f000f000f000f000f000f000f000f000f000f
000f000f000f000f000f000f000f000f000f000f000f000f000f000f000f000f000f000f000f000f000f000f000f000f000f000f000f000f000f000f000f000f
000f000f000f000f000f000f000f000f000f000f000f000f000f000f000f000f000f000f000f000f000f000f000f000f000f000f000f000f000f000f000f000f
000f000f000f000f000f000f000f000f000f000f000f000f000f000f000f000f000f000f000f000f000f000f000f000f000f000f000f000f000f000f000f000f
000f000f000f000f000f000f000f000f000f000f000f000f000f000f000f000f000f000f000f000f000f000f000f000f000f000f000f000f000f000f000f000f
000f000f000f000f000f000f000f000f000f000f000f000f000f000f000f000f000f000f000f000f000f000f000f000f000f000f000f000f000f000f000f000f
000f000f000f000f000f000f000f000f000f000f000f000f000f000f000f000f000f000f000f000f000f000f000f000f000f000f000f000f000f000f000f000f
000f000f000f000f000f000f000f000f000f000f000f000f000f000f000f000f000f000f000f000f000f000f000f000f000f000f000f000f000f000f000f000f
000f000f000f000f000f000f000f000f000f000f000f000f000f000f000f000f000f000f000f000f000f000f000f000f000f000f000f000f000f000f000f000f
000f000f000f000f000f000f000f000f000f000f000f000f000f000f000f000f000f000f000f000f000f000f000f000f000f000f000f000f000f000f000f000f
000f000f000f000f000f000f000f000f000f000f000f000f000f000f000f000f000f000f000f000f000f000f000f000f000f000f000f000f000f000f000f000f
000f000f000f000f000f000f000f000f000f000f000f000f000f000f000f000f000f000f000f000f000f000f000f000f000f000f000f000f000f000f000f000f
000f000f000f000f000f000f000f000f000f000f000f000f000f000f000f000f000f000f000f000f000f000f000f000f000f000f000f000f000f000f000f000f
000f000f000f000f000f000f000f000f000f000f000f000f000f000f000f000f000f000f000f000f000f000f000f000f000f000f000f000f000f000f000f000f
000f000f000f000f000f000f000f000f000f000f000f000f000f000f000f000f000f000f000f000f000f000f000f000f000f000f000f000f000f000f000f000f
000f000f000f000f000f000f000f000f000f000f000f000f000f000f000f000f000f000f000f000f000f000f000f000f000f000f000f000f000f000f000f000f
000f000f000f000f000f000f000f000f000f000f000f000f000f000f000f000f000f000f000f000f000f000f000f000f000f000f000f000f000f000f000f000f
000f000f000f000f000f000f000f000f000f000f000f000f000f000f000f000f000f000f000f000f000f000f000f000f000f000f000f000f000f000f000f000f
000f000f000f000f000f000f000f000f000f000f000f000f000f000f000f000f000f000f000f000f000f000f000f000f000f000f000f000f000f000f000f000f
000f000f000f000f000f000f000f000f000f000f000f000f000f000f000f000f000f000f000f000f000f000f000f000f000f000f000f000f000f000f000f000f
000f000f000f000f000f000f000f000f000f000f000f000f000f000f000f000f000f000f000f000f000f000f000f000f000f000f000f000f000f000f000f000f
000f000f000f000f000f000f000f000f000f000f000f000f000f000f000f000f000f000f000f000f000f000f000f000f000f000f000f000f000f000f000f000f
00100010001000100010001000100010001000100010001000100010001000100010001000100010001000100010001000100010001000100010001000100010
00100010001000100010001000100010001000100010001000100010001000100010001000100010001000100010001000100010001000100010001000100010
00100010001000100010001000100010001000100010001000100010001000100010001000100010001000100010001000100010001000100010001000100010
00100010001000100010001000100010001000100010001000100010001000100010001000100010001000100010001000100010001000100010001000100010
00100010001000100010001000100010001000100010001000100010001000100010001000100010001000100010001000100010001000100010001000100010
00100010001000100010001000100010001000100010001000100010001000100010001000100010001000100010001000100010001000100010001000100010
00100010001000100010001000100010001000100010001000100010001000100010001000100010001000100010001000100010001000100010001000100010
00100010001000100010001000100010001000100010001000100010001000100010001000100010001000100010001000100010001000100010001000100010
00100010001000100010001000100010001000100010001000100010001000100010001000100010001000100010001000100010001000100010001000100010
00100010001000100010001000100010001000100010001000100010001000100010001000100010001000100010001000100010001000100010001000100010
00100010001000100010001000100010001000100010001000100010001000100010001000100010001000100010001000100010001000100010001000100010
00100010001000100010001000100010001000100010001000100010001000100010001000100010001000100010001000100010001000100010001000100010
00100010001000100010001000100010001000100010001000100010001000100010001000100010001000100010001000100010001000100010001000100010
00100010001000100010001000100010001000100010001000100010001000100010001000100010001000100010001000100010001000100010001000100010
00100010001000100010001000100010001000100010001000100010001000100010001000100010001000100010001000100010001000100010001000100010
00100010001000100010001000100010001000100010001000100010001000100010001000100010001000100010001000100010001000100010001000100010
00100010001000100010001000100010001000100010001000100010001000100010001000100010001000100010001000100010001000100010001000100010
00100010001000100010001000100010001000100010001000100010001000100010001000100010001000100010001000100010001000100010001000100010
00100010001000100010001000100010001000100010001000100010001000100010001000100010001000100010001000100010001000100010001000100010
00100010001000100010001000100010001000100010001000100010001000100010001000100010001000100010001000100010001000100010001000100010
00100010001000100010001000100010001000100010001000100010001000100010001000100010001000100010001000100010001000100010001000100010
00100010001000100010001000100010001000100010001000100010001000100010001000100010001000100010001000100010001000100010001000100010
00100010001000100010001000100010001000100010001000100010001000100010001000100010001000100010001000100010001000100010001000100010
00100010001000100010001000100010001000100010001000100010001000100010001000100010001000100010001000100010001000100010001000100010
00100010001000100010001000100010001000100010001000100010001000100010001000100010001000100010001000100010001000100010001000100010
00100010001000100010001000100010001000100010001000100010001000100010001000100010001000100010001000100010001000100010001000100010
00100010001000100010001000100010001000100010001000100010001000100010001000100010001000100010001000100010001000100010001000100010
00100010001000100010001000100010001000100010001000100010001000100010001000100010001000100010001000100010001000100010001000100010
00100010001000100010001000100010001000100010001000100010001000100010001000100010001000100010001000100010001000100010001000100010
00100010001000100010001000100010001000100010001000100010001000100010001000100010001000100010001000100010001000100010001000100010
00100010001000100010001000100010001000100010001000100010001000100010001000100010001000100010001000100010001000100010001000100010
00100010001000100010001000100010001000100010001000100010001000100010001000100010001000100010001000100010001000100010001000100010
00110011001100110011001100110011001100110011001100110011001100110011001100110011001100110011001100110011001100110011001100110011
00110011001100110011001100110011001100110011001100110011001100110011001100110011001100110011001100110011001100110011001100110011
00110011001100110011001100110011001100110011001100110011001100110011001100110011001100110011001100110011001100110011001100110011
00110011001100110011001100110011001100110011001100110011001100110011001100110011001100110011001100110011001100110011001100110011
00110011001100110011001100110011001100110011001100110011001100110011001100110011001100110011001100110011001100110011001100110011
00110011001100110011001100110011001100110011001100110011001100110011001100110011001100110011001100110011001100110011001100110011
00110011001100110011001100110011001100110011001100110011001100110011001100110011001100110011001100110011001100110011001100110011
00110011001100110011001100110011001100110011001100110011001100110011001100110011001100110011001100110011001100110011001100110011
00110011001100110011001100110011001100110011001100110011001100110011001100110011001100110011001100110011001100110011001100110011
00110011001100110011001100110011001100110011001100110011001100110011001100110011001100110011001100110011001100110011001100110011
00110011001100110011001100110011001100110011001100110011001100110011001100110011001100110011001100110011001100110011001100110011
00110011001100110011001100110011001100110011001100110011001100110011001100110011001100110011001100110011001100110011001100110011
00110011001100110011001100110011001100110011001100110011001100110011001100110011001100110011001100110011001100110011001100110011
00110011001100110011001100110011001100110011001100110011001100110011001100110011001100110011001100110011001100110011001100110011
00110011001100110011001100110011001100110011001100110011001100110011001100110011001100110011001100110011001100110011001100110011
00110011001100110011001100110011001100110011001100110011001100110011001100110011001100110011001100110011001100110011001100110011
00110011001100110011001100110011001100110011001100110011001100110011001100110011001100110011001100110011001100110011001100110011
00110011001100110011001100110011001100110011001100110011001100110011001100110011001100110011001100110011001100110011001100110011
00110011001100110011001100110011001100110011001100110011001100110011001100110011001100110011001100110011001100110011001100110011
00110011001100110011001100110011001100110011001100110011001100110011001100110011001100110011001100110011001100110011001100110011
00110011001100110011001100110011001100110011001100110011001100110011001100110011001100110011001100110011001100110011001100110011
00110011001100110011001100110011001100110011001100110011001100110011001100110011001100110011001100110011001100110011001100110011
00110011001100110011001100110011001100110011001100110011001100110011001100110011001100110011001100110011001100110011001100110011
00110011001100110011001100110011001100110011001100110011001100110011001100110011001100110011001100110011001100110011001100110011
00110011001100110011001100110011001100110011001100110011001100110011001100110011001100110011001100110011001100110011001100110011
00110011001100110011001100110011001100110011001100110011001100110011001100110011001100110011001100110011001100110011001100110011
00110011001100110011001100110011001100110011001100110011001100110011001100110011001100110011001100110011001100110011001100110011
00110011001100110011001100110011001100110011001100110011001100110011001100110011001100110011001100110011001100110011001100110011
00110011001100110011001100110011001100110011001100110011001100110011001100110011001100110011001100110011001100110011001100110011
00110011001100110011001100110011001100110011001100110011001100110011001100110011001100110011001100110011001100110011001100110011
00110011001100110011001100110011001100110011001100110011001100110011001100110011001100110011001100110011001100110011001100110011
00110011001100110011001100110011001100110011001100110011001100110011001100110011001100110011001100110011001100110011001100110011
01fe01fe01fe01fe01fe01fe01fe01fe01fe01fe01fe01fe01fe01fe01fe01fe01fe01fe01fe01fe01fe01fe01fe01fe01fe01fe01fe01fe01fe01fe01fe01fe
01fe01fe01fe01fe01fe01fe01fe01fe01fe01fe01fe01fe01fe01fe01fe01fe01fe01fe01fe01fe01fe01fe01fe01fe01fe01fe01fe01fe01fe01fe01fe01fe
01fe01fe01fe01fe01fe01fe01fe01fe01fe01fe01fe01fe01fe01fe01fe01fe01fe01fe01fe01fe01fe01fe01fe01fe01fe01fe01fe01fe01fe01fe01fe01fe
01fe01fe01fe01fe01fe01fe01fe01fe01fe01fe01fe01fe01fe01fe01fe01fe01fe01fe01fe01fe01fe01fe01fe01fe01fe01fe01fe01fe01fe01fe01fe01fe
01fe01fe01fe01fe01fe01fe01fe01fe01fe01fe01fe01fe01fe01fe01fe01fe01fe01fe01fe01fe01fe01fe01fe01fe01fe01fe01fe01fe01fe01fe01fe01fe
01fe01fe01fe01fe01fe01fe01fe01fe01fe01fe01fe01fe01fe01fe01fe01fe01fe01fe01fe01fe01fe01fe01fe01fe01fe01fe01fe01fe01fe01fe01fe01fe
01fe01fe01fe01fe01fe01fe01fe01fe01fe01fe01fe01fe01fe01fe01fe01fe01fe01fe01fe01fe01fe01fe01fe01fe01fe01fe01fe01fe01fe01fe01fe01fe
01fe01fe01fe01fe01fe01fe01fe01fe01fe01fe01fe01fe01fe01fe01fe01fe01fe01fe01fe01fe01fe01fe01fe01fe01fe01fe01fe01fe01fe01fe01fe01fe
01fe01fe01fe01fe01fe01fe01fe01fe01fe01fe01fe01fe01fe01fe01fe01fe01fe01fe01fe01fe01fe01fe01fe01fe01fe01fe01fe01fe01fe01fe01fe01fe
01fe01fe01fe01fe01fe01fe01fe01fe01fe01fe01fe01fe01fe01fe01fe01fe01fe01fe01fe01fe01fe01fe01fe01fe01fe01fe01fe01fe01fe01fe01fe01fe
01fe01fe01fe01fe01fe01fe01fe01fe01fe01fe01fe01fe01fe01fe01fe01fe01fe01fe01fe01fe01fe01fe01fe01fe01fe01fe01fe01fe01fe01fe01fe01fe
01fe01fe01fe01fe01fe01fe01fe01fe01fe01fe01fe01fe01fe01fe01fe01fe01fe01fe01fe01fe01fe01fe01fe01fe01fe01fe01fe01fe01fe01fe01fe01fe
01fe01fe01fe01fe01fe01fe01fe01fe01fe01fe01fe01fe01fe01fe01fe01fe01fe01fe01fe01fe01fe01fe01fe01fe01fe01fe01fe01fe01fe01fe01fe01fe
01fe01fe01fe01fe01fe01fe01fe01fe01fe01fe01fe01fe01fe01fe01fe01fe01fe01fe01fe01fe01fe01fe01fe01fe01fe01fe01fe01fe01fe01fe01fe01fe
01fe01fe01fe01fe01fe01fe01fe01fe01fe01fe01fe01fe01fe01fe01fe01fe01fe01fe01fe01fe01fe01fe01fe01fe01fe01fe01fe01fe01fe01fe01fe01fe
01fe01fe01fe01fe01fe01fe01fe01fe01fe01fe01fe01fe01fe01fe01fe01fe01fe01fe01fe01fe01fe01fe01fe01fe01fe01fe01fe01fe01fe01fe01fe01fe
01fe01fe01fe01fe01fe01fe01fe01fe01fe01fe01fe01fe01fe01fe01fe01fe01fe01fe01fe01fe01fe01fe01fe01fe01fe01fe01fe01fe01fe01fe01fe01fe
01fe01fe01fe01fe01fe01fe01fe01fe01fe01fe01fe01fe01fe01fe01fe01fe01fe01fe01fe01fe01fe01fe01fe01fe01fe01fe01fe01fe01fe01fe01fe01fe
01fe01fe01fe01fe01fe01fe01fe01fe01fe01fe01fe01fe01fe01fe01fe01fe01fe01fe01fe01fe01fe01fe01fe01fe01fe01fe01fe01fe01fe01fe01fe01fe
01fe01fe01fe01fe01fe01fe01fe01fe01fe01fe01fe01fe01fe01fe01fe01fe01fe01fe01fe01fe01fe01fe01fe01fe01fe01fe01fe01fe01fe01fe01fe01fe
01fe01fe01fe01fe01fe01fe01fe01fe01fe01fe01fe01fe01fe01fe01fe01fe01fe01fe01fe01fe01fe01fe01fe01fe01fe01fe01fe01fe01fe01fe01fe01fe
01fe01fe01fe01fe01fe01fe01fe01fe01fe01fe01fe01fe01fe01fe01fe01fe01fe01fe01fe01fe01fe01fe01fe01fe01fe01fe01fe01fe01fe01fe01fe01fe
01fe01fe01fe01fe01fe01fe01fe01fe01fe01fe01fe01fe01fe01fe01fe01fe01fe01fe01fe01fe01fe01fe01fe01fe01fe01fe01fe01fe01fe01fe01fe01fe
01fe01fe01fe01fe01fe01fe01fe01fe01fe01fe01fe01fe01fe01fe01fe01fe01fe01fe01fe01fe01fe01fe01fe01fe01fe01fe01fe01fe01fe01fe01fe01fe
01fe01fe01fe01fe01fe01fe01fe01fe01fe01fe01fe01fe01fe01fe01fe01fe01fe01fe01fe01fe01fe01fe01fe01fe01fe01fe01fe01fe01fe01fe01fe01fe
01fe01fe01fe01fe01fe01fe01fe01fe01fe01fe01fe01fe01fe01fe01fe01fe01fe01fe01fe01fe01fe01fe01fe01fe01fe01fe01fe01fe01fe01fe01fe01fe
01fe01fe01fe01fe01fe01fe01fe01fe01fe01fe01fe01fe01fe01fe01fe01fe01fe01fe01fe01fe01fe01fe01fe01fe01fe01fe01fe01fe01fe01fe01fe01fe
01fe01fe01fe01fe01fe01fe01fe01fe01fe01fe01fe01fe01fe01fe01fe01fe01fe01fe01fe01fe01fe01fe01fe01fe01fe01fe01fe01fe01fe01fe01fe01fe
01fe01fe01fe01fe01fe01fe01fe01fe01fe01fe01fe01fe01fe01fe01fe01fe01fe01fe01fe01fe01fe01fe01fe01fe01fe01fe01fe01fe01fe01fe01fe01fe
01fe01fe01fe01fe01fe01fe01fe01fe01fe01fe01fe01fe01fe01fe01fe01fe01fe01fe01fe01fe01fe01fe01fe01fe01fe01fe01fe01fe01fe01fe01fe01fe
01fe01fe01fe01fe01fe01fe01fe01fe01fe01fe01fe01fe01fe01fe01fe01fe01fe01fe01fe01fe01fe01fe01fe01fe01fe01fe01fe01fe01fe01fe01fe01fe
01fe01fe01fe01fe01fe01fe01fe01fe01fe01fe01fe01fe01fe01fe01fe01fe01fe01fe01fe01fe01fe01fe01fe01fe01fe01fe01fe01fe01fe01fe01fe01fe
01ff01ff01ff01ff01ff01ff01ff01ff01ff01ff01ff01ff01ff01ff01ff01ff01ff01ff01ff01ff01ff01ff01ff01ff01ff01ff01ff01ff01ff01ff01ff01ff
01ff01ff01ff01ff01ff01ff01ff01ff01ff01ff01ff01ff01ff01ff01ff01ff01ff01ff01ff01ff01ff01ff01ff01ff01ff01ff01ff01ff01ff01ff01ff01ff
01ff01ff01ff01ff01ff01ff01ff01ff01ff01ff01ff01ff01ff01ff01ff01ff01ff01ff01ff01ff01ff01ff01ff01ff01ff01ff01ff01ff01ff01ff01ff01ff
01ff01ff01ff01ff01ff01ff01ff01ff01ff01ff01ff01ff01ff01ff01ff01ff01ff01ff01ff01ff01ff01ff01ff01ff01ff01ff01ff01ff01ff01ff01ff01ff
01ff01ff01ff01ff01ff01ff01ff01ff01ff01ff01ff01ff01ff01ff01ff01ff01ff01ff01ff01ff01ff01ff01ff01ff01ff01ff01ff01ff01ff01ff01ff01ff
01ff01ff01ff01ff01ff01ff01ff01ff01ff01ff01ff01ff01ff01ff01ff01ff01ff01ff01ff01ff01ff01ff01ff01ff01ff01ff01ff01ff01ff01ff01ff01ff
01ff01ff01ff01ff01ff01ff01ff01ff01ff01ff01ff01ff01ff01ff01ff01ff01ff01ff01ff01ff01ff01ff01ff01ff01ff01ff01ff01ff01ff01ff01ff01ff
01ff01ff01ff01ff01ff01ff01ff01ff01ff01ff01ff01ff01ff01ff01ff01ff01ff01ff01ff01ff01ff01ff01ff01ff01ff01ff01ff01ff01ff01ff01ff01ff
01ff01ff01ff01ff01ff01ff01ff01ff01ff01ff01ff01ff01ff01ff01ff01ff01ff01ff01ff01ff01ff01ff01ff01ff01ff01ff01ff01ff01ff01ff01ff01ff
01ff01ff01ff01ff01ff01ff01ff01ff01ff01ff01ff01ff01ff01ff01ff01ff01ff01ff01ff01ff01ff01ff01ff01ff01ff01ff01ff01ff01ff01ff01ff01ff
01ff01ff01ff01ff01ff01ff01ff01ff01ff01ff01ff01ff01ff01ff01ff01ff01ff01ff01ff01ff01ff01ff01ff01ff01ff01ff01ff01ff01ff01ff01ff01ff
01ff01ff01ff01ff01ff01ff01ff01ff01ff01ff01ff01ff01ff01ff01ff01ff01ff01ff01ff01ff01ff01ff01ff01ff01ff01ff01ff01ff01ff01ff01ff01ff
01ff01ff01ff01ff01ff01ff01ff01ff01ff01ff01ff01ff01ff01ff01ff01ff01ff01ff01ff01ff01ff01ff01ff01ff01ff01ff01ff01ff01ff01ff01ff01ff
01ff01ff01ff01ff01ff01ff01ff01ff01ff01ff01ff01ff01ff01ff01ff01ff01ff01ff01ff01ff01ff01ff01ff01ff01ff01ff01ff01ff01ff01ff01ff01ff
01ff01ff01ff01ff01ff01ff01ff01ff01ff01ff01ff01ff01ff01ff01ff01ff01ff01ff01ff01ff01ff01ff01ff01ff01ff01ff01ff01ff01ff01ff01ff01ff
01ff01ff01ff01ff01ff01ff01ff01ff01ff01ff01ff01ff01ff01ff01ff01ff01ff01ff01ff01ff01ff01ff01ff01ff01ff01ff01ff01ff01ff01ff01ff01ff
01ff01ff01ff01ff01ff01ff01ff01ff01ff01ff01ff01ff01ff01ff01ff01ff01ff01ff01ff01ff01ff01ff01ff01ff01ff01ff01ff01ff01ff01ff01ff01ff
01ff01ff01ff01ff01ff01ff01ff01ff01ff01ff01ff01ff01ff01ff01ff01ff01ff01ff01ff01ff01ff01ff01ff01ff01ff01ff01ff01ff01ff01ff01ff01ff
01ff01ff01ff01ff01ff01ff01ff01ff01ff01ff01ff01ff01ff01ff01ff01ff01ff01ff01ff01ff01ff01ff01ff01ff01ff01ff01ff01ff01ff01ff01ff01ff
01ff01ff01ff01ff01ff01ff01ff01ff01ff01ff01ff01ff01ff01ff01ff01ff01ff01ff01ff01ff01ff01ff01ff01ff01ff01ff01ff01ff01ff01ff01ff01ff
01ff01ff01ff01ff01ff01ff01ff01ff01ff01ff01ff01ff01ff01ff01ff01ff01ff01ff01ff01ff01ff01ff01ff01ff01ff01ff01ff01ff01ff01ff01ff01ff
01ff01ff01ff01ff01ff01ff01ff01ff01ff01ff01ff01ff01ff01ff01ff01ff01ff01ff01ff01ff01ff01ff01ff01ff01ff01ff01ff01ff01ff01ff01ff01ff
01ff01ff01ff01ff01ff01ff01ff01ff01ff01ff01ff01ff01ff01ff01ff01ff01ff01ff01ff01ff01ff01ff01ff01ff01ff01ff01ff01ff01ff01ff01ff01ff
01ff01ff01ff01ff01ff01ff01ff01ff01ff01ff01ff01ff01ff01ff01ff01ff01ff01ff01ff01ff01ff01ff01ff01ff01ff01ff01ff01ff01ff01ff01ff01ff
01ff01ff01ff01ff01ff01ff01ff01ff01ff01ff01ff01ff01ff01ff01ff01ff01ff01ff01ff01ff01ff01ff01ff01ff01ff01ff01ff01ff01ff01ff01ff01ff
01ff01ff01ff01ff01ff01ff01ff01ff01ff01ff01ff01ff01ff01ff01ff01ff01ff01ff01ff01ff01ff01ff01ff01ff01ff01ff01ff01ff01ff01ff01ff01ff
01ff01ff01ff01ff01ff01ff01ff01ff01ff01ff01ff01ff01ff01ff01ff01ff01ff01ff01ff01ff01ff01ff01ff01ff01ff01ff01ff01ff01ff01ff01ff01ff
01ff01ff01ff01ff01ff01ff01ff01ff01ff01ff01ff01ff01ff01ff01ff01ff01ff01ff01ff01ff01ff01ff01ff01ff01ff01ff01ff01ff01ff01ff01ff01ff
01ff01ff01ff01ff01ff01ff01ff01ff01ff01ff01ff01ff01ff01ff01ff01ff01ff01ff01ff01ff01ff01ff01ff01ff01ff01ff01ff01ff01ff01ff01ff01ff
01ff01ff01ff01ff01ff01ff01ff01ff01ff01ff01ff01ff01ff01ff01ff01ff01ff01ff01ff01ff01ff01ff01ff01ff01ff01ff01ff01ff01ff01ff01ff01ff
01ff01ff01ff01ff01ff01ff01ff01ff01ff01ff01ff01ff01ff01ff01ff01ff01ff01ff01ff01ff01ff01ff01ff01ff01ff01ff01ff01ff01ff01ff01ff01ff
01ff01ff01ff01ff01ff01ff01ff01ff01ff01ff01ff01ff01ff01ff01ff01ff01ff01ff01ff01ff01ff01ff01ff01ff01ff01ff01ff01ff01ff01ff01ff01ff
0220021f021e021d021c021b021a0219021802170216021502140213021202110210020f020e020d020c020b020a020902080207020602050204020302020201
0240023f023e023d023c023b023a0239023802370236023502340233023202310230022f022e022d022c022b022a022902280227022602250224022302220221
0260025f025e025d025c025b025a0259025802570256025502540253025202510250024f024e024d024c024b024a024902480247024602450244024302420241
0280027f027e027d027c027b027a0279027802770276027502740273027202710270026f026e026d026c026b026a026902680267026602650264026302620261
02a0029f029e029d029c029b029a0299029802970296029502940293029202910290028f028e028d028c028b028a028902880287028602850284028302820281
02c002bf02be02bd02bc02bb02ba02b902b802b702b602b502b402b302b202b102b002af02ae02ad02ac02ab02aa02a902a802a702a602a502a402a302a202a1
02e002df02de02dd02dc02db02da02d902d802d702d602d502d402d302d202d102d002cf02ce02cd02cc02cb02ca02c902c802c702c602c502c402c302c202c1
030002ff02fe02fd02fc02fb02fa02f902f802f702f602f502f402f302f202f102f002ef02ee02ed02ec02eb02ea02e902e802e702e602e502e402e302e202e1
0320031f031e031d031c031b031a0319031803170316031503140313031203110310030f030e030d030c030b030a030903080307030603050304030303020301
0340033f033e033d033c033b033a0339033803370336033503340333033203310330032f032e032d032c032b032a032903280327032603250324032303220321
0360035f035e035d035c035b035a0359035803570356035503540353035203510350034f034e034d034c034b034a034903480347034603450344034303420341
0380037f037e037d037c037b037a0379037803770376037503740373037203710370036f036e036d036c036b036a036903680367036603650364036303620361
03a0039f039e039d039c039b039a0399039803970396039503940393039203910390038f038e038d038c038b038a038903880387038603850384038303820381
03c003bf03be03bd03bc03bb03ba03b903b803b703b603b503b403b303b203b103b003af03ae03ad03ac03ab03aa03a903a803a703a603a503a403a303a203a1
03e003df03de03dd03dc03db03da03d903d803d703d603d503d403d303d203d103d003cf03ce03cd03cc03cb03ca03c903c803c703c603c503c403c303c203c1
000003ff03fe03fd03fc03fb03fa03f903f803f703f603f503f403f303f203f103f003ef03ee03ed03ec03eb03ea03e903e803e703e603e503e403e303e203e1
0020001f001e001d001c001b001a0019001800170016001500140013001200110010000f000e000d000c000b000a000900080007000600050004000300020001
0040003f003e003d003c003b003a0039003800370036003500340033003200310030002f002e002d002c002b002a002900280027002600250024002300220021
0060005f005e005d005c005b005a0059005800570056005500540053005200510050004f004e004d004c004b004a004900480047004600450044004300420041
0080007f007e007d007c007b007a0079007800770076007500740073007200710070006f006e006d006c006b006a006900680067006600650064006300620061
00a0009f009e009d009c009b009a0099009800970096009500940093009200910090008f008e008d008c008b008a008900880087008600850084008300820081
00c000bf00be00bd00bc00bb00ba00b900b800b700b600b500b400b300b200b100b000af00ae00ad00ac00ab00aa00a900a800a700a600a500a400a300a200a1
00e000df00de00dd00dc00db00da00d900d800d700d600d500d400d300d200d100d000cf00ce00cd00cc00cb00ca00c900c800c700c600c500c400c300c200c1
010000ff00fe00fd00fc00fb00fa00f900f800f700f600f500f400f300f200f100f000ef00ee00ed00ec00eb00ea00e900e800e700e600e500e400e300e200e1
0120011f011e011d011c011b011a0119011801170116011501140113011201110110010f010e010d010c010b010a010901080107010601050104010301020101
0140013f013e013d013c013b013a0139013801370136013501340133013201310130012f012e012d012c012b012a012901280127012601250124012301220121
0160015f015e015d015c015b015a0159015801570156015501540153015201510150014f014e014d014c014b014a014901480147014601450144014301420141
0180017f017e017d017c017b017a0179017801770176017501740173017201710170016f016e016d016c016b016a016901680167016601650164016301620161
01a0019f019e019d019c019b019a0199019801970196019501940193019201910190018f018e018d018c018b018a018901880187018601850184018301820181
01c001bf01be01bd01bc01bb01ba01b901b801b701b601b501b401b301b201b101b001af01ae01ad01ac01ab01aa01a901a801a701a601a501a401a301a201a1
01e001df01de01dd01dc01db01da01d901d801d701d601d501d401d301d201d101d001cf01ce01cd01cc01cb01ca01c901c801c701c601c501c401c301c201c1
020101ff01fe01fd01fc01fb01fa01f901f801f701f601f501f401f301f201f101f001ef01ee01ed01ec01eb01ea01e901e801e701e601e501e401e301e201e1
